Department,Title,Unique_Code,GR_Date,Website_Size,PDF_URL,Pages,Downloaded_Size(Bytes),Local_File,Download_Status,Downloaded_On
Environment Department,"Regarding distribution of funds for the conservation of village ponds at Mouje Takwade, Tal. Shirol, Dist. Kolhapur under the State Lake Conservation Scheme.",202412131145337504,13-12-2024,172,https://gr.maharashtra.gov.in/Site/Upload/Government%20Resolutions/English/202412131145337504.pdf,4,175733,GR_DATASET\pdfs\Environment Department\202412131145337504.pdf,Downloaded,2026-07-27 22:24:01
Environment Department,"Regarding distribution of funds for village pond conservation at Maw. Belvale (B), Tal. Kagal, Dist. Kolhapur under the State Lake Conservation Scheme.",202412131147168504,13-12-2024,175,https://gr.maharashtra.gov.in/Site/Upload/Government%20Resolutions/English/202412131147168504.pdf,4,178711,GR_DATASET\pdfs\Environment Department\202412131147168504.pdf,Downloaded,2026-07-27 22:24:01
Environment Department,"Regarding distribution of funds for village pond conservation at Village Mahagaon, Taluka Gadhinglaj, Dist. Kolhapur under the State Lake Conservation Scheme.",202412131149066004,13-12-2024,176,https://gr.maharashtra.gov.in/Site/Upload/Government%20Resolutions/English/202412131149066004.pdf,5,180626,GR_DATASET\pdfs\Environment Department\202412131149066004.pdf,Downloaded,2026-07-27 22:24:02
Environment Department,"Regarding administrative approval and release of funds to Dharmaveer Sambhaji (Kambar) Lake, Solapur under the National Plan for Conservation of Aquatic Eco-systems (NPCA) Central Government sponsored program expenditure.",202412031143029404,03-12-2024,581,https://gr.maharashtra.gov.in/Site/Upload/Government%20Resolutions/English/202412031143029404.pdf,3,594642,GR_DATASET\pdfs\Environment Department\202412031143029404.pdf,Downloaded,2026-07-27 22:24:03
Environment Department,"Regarding making available the funds received from the Central Government to the Pune Municipal Corporation for expenditure for implementing the works under the Central Government sponsored scheme, Mula-Mutha River, Pune Pollution Reduction Project under the National River Conservation Scheme.",202412031148104104,03-12-2024,577,https://gr.maharashtra.gov.in/Site/Upload/Government%20Resolutions/English/202412031148104104.pdf,3,591199,GR_DATASET\pdfs\Environment Department\202412031148104104.pdf,Downloaded,2026-07-27 22:24:04
Environment Department,"Regarding depositing funds released by the Central Government into the SNA account for the Central Government sponsored scheme, Mula-Mutha River, Pune Pollution Reduction Project under the National River Conservation Scheme.",202411261516348304,26-11-2024,637,https://gr.maharashtra.gov.in/Site/Upload/Government%20Resolutions/English/202411261516348304.pdf,3,652355,GR_DATASET\pdfs\Environment Department\202411261516348304.pdf,Downloaded,2026-07-27 22:24:05
Environment Department,"Under the State Lake Conservation Scheme, Mr. Mangoli, Radhanagari, Dist. Regarding granting final approval along with administrative approval to Village Lake Conservation Proposal at Kolhapur.",202410151504370204,15-10-2024,246,https://gr.maharashtra.gov.in/Site/Upload/Government%20Resolutions/English/202410151504370204.pdf,9,252407,GR_DATASET\pdfs\Environment Department\202410151504370204.pdf,Downloaded,2026-07-27 22:24:06
Environment Department,"Under the State Lake Conservation Scheme, Mr. Shelewadi, Radhanagari, Dist. Regarding granting final approval to Kolhapur conservation proposal with administrative approval.",202410151506511404,15-10-2024,315,https://gr.maharashtra.gov.in/Site/Upload/Government%20Resolutions/English/202410151506511404.pdf,9,322222,GR_DATASET\pdfs\Environment Department\202410151506511404.pdf,Downloaded,2026-07-27 22:24:06
Environment Department,"Under the State Lake Conservation Scheme, Mr. Kembli, Kagal, Dist. Regarding granting final approval to Kolhapur conservation proposal with administrative approval.",202410151455565904,15-10-2024,247,https://gr.maharashtra.gov.in/Site/Upload/Government%20Resolutions/English/202410151455565904.pdf,9,252734,GR_DATASET\pdfs\Environment Department\202410151455565904.pdf,Downloaded,2026-07-27 22:24:07
Environment Department,"Under the State Lake Conservation Scheme, Mr. Who, Hatkanangle, Dist. Regarding grant of administrative approval with final approval to village lake at Kolhapur.",202410151458190004,15-10-2024,825,https://gr.maharashtra.gov.in/Site/Upload/Government%20Resolutions/English/202410151458190004.pdf,11,844816,GR_DATASET\pdfs\Environment Department\202410151458190004.pdf,Downloaded,2026-07-27 22:24:08
Environment Department,Regarding granting final approval along with administrative approval to Tadepura Lake in Amalner Nagar Parishad limits under State Lake Conservation Scheme.,202410151500141604,15-10-2024,249,https://gr.maharashtra.gov.in/Site/Upload/Government%20Resolutions/English/202410151500141604.pdf,9,255442,GR_DATASET\pdfs\Environment Department\202410151500141604.pdf,Downloaded,2026-07-27 22:24:09
Environment Department,"Under the State Lake Conservation Scheme, Mr. Devoli, Ambernath, Dist. Regarding granting final approval along with administrative approval to village lake conservation proposal at Thane",202410151502219904,15-10-2024,378,https://gr.maharashtra.gov.in/Site/Upload/Government%20Resolutions/English/202410151502219904.pdf,9,387334,GR_DATASET\pdfs\Environment Department\202410151502219904.pdf,Downloaded,2026-07-27 22:24:11
Environment Department,"Under the State Lake Conservation Scheme, Mauje Arjunwada, Tt. Radhanagari, Dist. Regarding giving final approval along with administrative approval to Gavatlav proposal at Kolhapur as well as disbursing funds.",202410141200077904....,14-10-2024,262,https://gr.maharashtra.gov.in/Site/Upload/Government%20Resolutions/English/202410141200077904.....pdf,11,269281,GR_DATASET\pdfs\Environment Department\202410141200077904.....pdf,Downloaded,2026-07-27 22:24:11
Environment Department,Regarding distribution of prize money to the highest performing local bodies under Majhi Vasundhara Abhiyan 4.0 and determining the procedure for allocation of prize money.,202410101610477804,10-10-2024,304,https://gr.maharashtra.gov.in/Site/Upload/Government%20Resolutions/English/202410101610477804.pdf,3,310915,GR_DATASET\pdfs\Environment Department\202410101610477804.pdf,Downloaded,2026-07-27 22:24:12
Environment Department,"Under the State Lake Conservation Scheme, Mr. Belvale (Bu.), T. Kagal, Distt. Regarding giving administrative approval along with final approval to Gavatalwas at Kolhapur.",202410101321363304,09-10-2024,1044,https://gr.maharashtra.gov.in/Site/Upload/Government%20Resolutions/English/202410101321363304.pdf,9,1068889,GR_DATASET\pdfs\Environment Department\202410101321363304.pdf,Downloaded,2026-07-27 22:24:13
Environment Department,"Under the State Lake Conservation Scheme, Mr. Inflation, h. Gadhinglaj, Dist. Regarding giving administrative approval along with final approval to Gavatalwas at Kolhapur.",202410101325220504,09-10-2024,989,https://gr.maharashtra.gov.in/Site/Upload/Government%20Resolutions/English/202410101325220504.pdf,9,1012281,GR_DATASET\pdfs\Environment Department\202410101325220504.pdf,Downloaded,2026-07-27 22:24:14
Environment Department,"Regarding making the funds received from the Central Government available to the Pune Municipal Corporation for the implementation of the Mula-Mutha River, Pune Pollution Reduction Project under the National River Conservation Scheme.",202410081251449804,08-10-2024,577,https://gr.maharashtra.gov.in/Site/Upload/Government%20Resolutions/English/202410081251449804.pdf,3,591252,GR_DATASET\pdfs\Environment Department\202410081251449804.pdf,Downloaded,2026-07-27 22:24:15
Environment Department,"Regarding depositing the funds released by the Central Government to the SNA account for the Central Government sponsored scheme Mula-Mutha River, Pune Pollution Reduction Project under the National River Conservation Scheme.",202409271629524604,27-09-2024,217,https://gr.maharashtra.gov.in/Site/Upload/Government%20Resolutions/English/202409271629524604.pdf,3,222469,GR_DATASET\pdfs\Environment Department\202409271629524604.pdf,Downloaded,2026-07-27 22:24:16
Environment Department,Majhi Vasundhara Abhiyan 4.0 Distribution of prize and prize money to top performing local bodies,202409271748161804,27-09-2024,959,https://gr.maharashtra.gov.in/Site/Upload/Government%20Resolutions/English/202409271748161804.pdf,50,981885,GR_DATASET\pdfs\Environment Department\202409271748161804.pdf,Downloaded,2026-07-27 22:24:17
Environment Department,Regarding continuation of temporary posts from 01/09/2024 to 28/02/2025..,202409261446552704,26-09-2024,199,https://gr.maharashtra.gov.in/Site/Upload/Government%20Resolutions/English/202409261446552704.pdf,3,203522,GR_DATASET\pdfs\Environment Department\202409261446552704.pdf,Downloaded,2026-07-27 22:24:17
Environment Department,"Regarding introduction of Emission Trading Scheme (ETS) to reduce pollution emissions, control air pollution and improve air quality in the state.",202409231318498304,20-09-2024,629,https://gr.maharashtra.gov.in/Site/Upload/Government%20Resolutions/English/202409231318498304.pdf,7,644553,GR_DATASET\pdfs\Environment Department\202409231318498304.pdf,Downloaded,2026-07-27 22:24:19
Environment Department,"Introduction of an Emission Trading Scheme (ETS) for reducing pollution emissions, controlling air pollution, and improving air quality in the State of Maharashtra.",202409231657152204,20-09-2024,529,https://gr.maharashtra.gov.in/Site/Upload/Government%20Resolutions/English/202409231657152204.pdf,6,541381,GR_DATASET\pdfs\Environment Department\202409231657152204.pdf,Downloaded,2026-07-27 22:24:20
Environment Department,Determining structure of the Hareet Maharashtra Programme aimed at promoting sustainable plantation of bamboo and other trees in the state,202409111819346204,11-09-2024,563,https://gr.maharashtra.gov.in/Site/Upload/Government%20Resolutions/English/202409111819346204.pdf,14,576839,GR_DATASET\pdfs\Environment Department\202409111819346204.pdf,Downloaded,2026-07-27 22:24:21
Environment Department,Regarding the implementation of My Vasundhara Abhiyan-5.0 in the local bodies of the state.,202409061612566904.,06-09-2024,14070,https://gr.maharashtra.gov.in/Site/Upload/Government%20Resolutions/English/202409061612566904..pdf,1153,14407727,GR_DATASET\pdfs\Environment Department\202409061612566904..pdf,Downloaded,2026-07-27 22:24:36
Environment Department,"Under the State Lake Conservation Scheme Agarnal, Dist. Regarding granting final approval along with administrative approval to Agarnal Dhangarwadi Lake proposal at Ratnagiri.",202408291638051004,28-08-2024,250,https://gr.maharashtra.gov.in/Site/Upload/Government%20Resolutions/English/202408291638051004.pdf,9,256026,GR_DATASET\pdfs\Environment Department\202408291638051004.pdf,Downloaded,2026-07-27 22:24:37
Environment Department,Regarding grant of final approval along with administrative approval to Aadhaarwadi Lake in Kalyan Dombivli Municipal Corporation limits under State Lake Conservation Scheme.,202408291641385104,28-08-2024,245,https://gr.maharashtra.gov.in/Site/Upload/Government%20Resolutions/English/202408291641385104.pdf,9,251073,GR_DATASET\pdfs\Environment Department\202408291641385104.pdf,Downloaded,2026-07-27 22:24:38
Environment Department,"Moje Chave under the State Lake Conservation Scheme, p. Dist. Regarding giving final approval along with administrative approval to the Kond Lake proposal of Chave Ward at Ratnagiri.",202408291643460204,28-08-2024,251,https://gr.maharashtra.gov.in/Site/Upload/Government%20Resolutions/English/202408291643460204.pdf,9,257068,GR_DATASET\pdfs\Environment Department\202408291643460204.pdf,Downloaded,2026-07-27 22:24:39
Environment Department,"Under State Lake Conservation Scheme, Chandor, Tt. Dist. Regarding granting final approval along with administrative approval to Chandor Sapuchetale Lake proposal at Ratnagiri.",202408291645523404,28-08-2024,251,https://gr.maharashtra.gov.in/Site/Upload/Government%20Resolutions/English/202408291645523404.pdf,9,256884,GR_DATASET\pdfs\Environment Department\202408291645523404.pdf,Downloaded,2026-07-27 22:24:39
Environment Department,"Mauje Takwade under the State Lake Conservation Scheme, Shirol, Dist. Regarding granting final approval along with administrative approval to Gavatalav proposal at Kolhapur.",202408291648308304,28-08-2024,311,https://gr.maharashtra.gov.in/Site/Upload/Government%20Resolutions/English/202408291648308304.pdf,9,318848,GR_DATASET\pdfs\Environment Department\202408291648308304.pdf,Downloaded,2026-07-27 22:24:40
Environment Department,"Mauje Nandivade under the State Lake Conservation Scheme, Dist. Regarding granting final approval along with administrative approval to the lake proposal at Ratnagiri.",202408291650405504,28-08-2024,251,https://gr.maharashtra.gov.in/Site/Upload/Government%20Resolutions/English/202408291650405504.pdf,9,256848,GR_DATASET\pdfs\Environment Department\202408291650405504.pdf,Downloaded,2026-07-27 22:24:41
Environment Department,Regarding grant of final approval along with administrative approval to Nandivali Lake in Kalyan Dombivali Municipal Corporation limits under State Lake Conservation Scheme.,202408291652493304,28-08-2024,245,https://gr.maharashtra.gov.in/Site/Upload/Government%20Resolutions/English/202408291652493304.pdf,9,251064,GR_DATASET\pdfs\Environment Department\202408291652493304.pdf,Downloaded,2026-07-27 22:24:42
Environment Department,"Basani under State Lake Conservation Scheme, Dist. Regarding giving final approval along with administrative approval to Tale Talao proposal of Basani Gavan at Ratnagiri.",202408291655095004,28-08-2024,251,https://gr.maharashtra.gov.in/Site/Upload/Government%20Resolutions/English/202408291655095004.pdf,9,256997,GR_DATASET\pdfs\Environment Department\202408291655095004.pdf,Downloaded,2026-07-27 22:24:43
Environment Department,"Under the State Lake Conservation Scheme, Mr. Tiroda, Sawantwadi, Dist. Regarding granting final approval along with administrative approval to the Mauli Temple Lake proposal at Sindhudurg.",202408291657257204,28-08-2024,249,https://gr.maharashtra.gov.in/Site/Upload/Government%20Resolutions/English/202408291657257204.pdf,9,255155,GR_DATASET\pdfs\Environment Department\202408291657257204.pdf,Downloaded,2026-07-27 22:24:44
Environment Department,"Under State Lake Conservation Scheme, Mervi, T. Dist. Regarding granting final approval along with administrative approval to Mervi-Khambatale Lake proposal at Ratnagiri.",202408291659561004,28-08-2024,251,https://gr.maharashtra.gov.in/Site/Upload/Government%20Resolutions/English/202408291659561004.pdf,9,257186,GR_DATASET\pdfs\Environment Department\202408291659561004.pdf,Downloaded,2026-07-27 22:24:44
Environment Department,"Under the State Lake Conservation Scheme, Waghapur, Bhudargarh, Dist. Regarding granting final approval along with administrative approval to Gavatalav proposal at Kolhapur.",202408291702151204,28-08-2024,248,https://gr.maharashtra.gov.in/Site/Upload/Government%20Resolutions/English/202408291702151204.pdf,9,254254,GR_DATASET\pdfs\Environment Department\202408291702151204.pdf,Downloaded,2026-07-27 22:24:45
Environment Department,Regarding grant of final approval along with administrative approval to Vitthalwadi Lake in Kalyan Dombivli Municipal Corporation limits under State Lake Conservation Scheme.,202408291704271104,28-08-2024,355,https://gr.maharashtra.gov.in/Site/Upload/Government%20Resolutions/English/202408291704271104.pdf,9,363257,GR_DATASET\pdfs\Environment Department\202408291704271104.pdf,Downloaded,2026-07-27 22:24:46
Environment Department,"Mauje Gadmudshingi under the State Lake Conservation Scheme, Karveer, Dist. Regarding grant of final approval along with administrative approval to Yashwant Gangasagar Lake at Kolhapur.",202408281124252904,26-08-2024,294,https://gr.maharashtra.gov.in/Site/Upload/Government%20Resolutions/English/202408281124252904.pdf,9,301313,GR_DATASET\pdfs\Environment Department\202408281124252904.pdf,Downloaded,2026-07-27 22:24:47
Environment Department,"Mauje Vasgade under the State Lake Conservation Scheme, Karveer, Dist. Regarding giving final approval along with administrative approval to Gavatalav proposal at Kolhapur.",202408281126161604,26-08-2024,295,https://gr.maharashtra.gov.in/Site/Upload/Government%20Resolutions/English/202408281126161604.pdf,9,301990,GR_DATASET\pdfs\Environment Department\202408281126161604.pdf,Downloaded,2026-07-27 22:24:47
Environment Department,"Mauje Katai under the State Lake Conservation Scheme, Bhiwandi, Dist. Regarding granting final approval along with administrative approval to Village Pond proposal at Thane.",202408281106445604,26-08-2024,367,https://gr.maharashtra.gov.in/Site/Upload/Government%20Resolutions/English/202408281106445604.pdf,9,375949,GR_DATASET\pdfs\Environment Department\202408281106445604.pdf,Downloaded,2026-07-27 22:24:48
Environment Department,"Activities under the State Lake Conservation Scheme, Bhiwandi, Dist. Regarding granting final approval along with administrative approval to Village Pond proposal at Thane.",202408281108525404,26-08-2024,245,https://gr.maharashtra.gov.in/Site/Upload/Government%20Resolutions/English/202408281108525404.pdf,9,250715,GR_DATASET\pdfs\Environment Department\202408281108525404.pdf,Downloaded,2026-07-27 22:24:49
Environment Department,"Mauje Khoni under State Lake Conservation Scheme, Bhiwandi, Dist. Regarding granting final approval along with administrative approval to Village Pond proposal at Thane.",202408281111021604,26-08-2024,228,https://gr.maharashtra.gov.in/Site/Upload/Government%20Resolutions/English/202408281111021604.pdf,9,233102,GR_DATASET\pdfs\Environment Department\202408281111021604.pdf,Downloaded,2026-07-27 22:24:50
Environment Department,"Mauje Zidke under the State Lake Conservation Scheme, Bhiwandi, Dist. Regarding granting final approval along with administrative approval to Village Pond proposal at Thane.",202408281113365004,26-08-2024,292,https://gr.maharashtra.gov.in/Site/Upload/Government%20Resolutions/English/202408281113365004.pdf,9,298946,GR_DATASET\pdfs\Environment Department\202408281113365004.pdf,Downloaded,2026-07-27 22:24:51
Environment Department,"Mauje Dive Kevani under the State Lake Conservation Scheme, Bhiwandi, Dist. Regarding granting final approval along with administrative approval to Village Pond proposal at Thane.",202408281116398004,26-08-2024,379,https://gr.maharashtra.gov.in/Site/Upload/Government%20Resolutions/English/202408281116398004.pdf,9,388171,GR_DATASET\pdfs\Environment Department\202408281116398004.pdf,Downloaded,2026-07-27 22:24:51
Environment Department,"Mauje Nandkar under the State Lake Conservation Scheme. Bhiwandi, Dist. Regarding granting final approval along with administrative approval to Village Pond proposal at Thane.",202408281118434904,26-08-2024,310,https://gr.maharashtra.gov.in/Site/Upload/Government%20Resolutions/English/202408281118434904.pdf,9,317774,GR_DATASET\pdfs\Environment Department\202408281118434904.pdf,Downloaded,2026-07-27 22:24:52
Environment Department,"Under State Lake Conservation Scheme, Mauje Paigaon, Tt. Bhiwandi, Dist. Regarding granting final approval along with administrative approval to Village Pond proposal at Thane.",202408281120311604,26-08-2024,244,https://gr.maharashtra.gov.in/Site/Upload/Government%20Resolutions/English/202408281120311604.pdf,9,250138,GR_DATASET\pdfs\Environment Department\202408281120311604.pdf,Downloaded,2026-07-27 22:24:53
Environment Department,Regarding granting final approval along with administrative approval to Bageshwari Lake (Phase-II) conservation proposal in Murbad Nagar Panchayat limits under State Lake Conservation Scheme.,202408281122291504,26-08-2024,245,https://gr.maharashtra.gov.in/Site/Upload/Government%20Resolutions/English/202408281122291504.pdf,9,251140,GR_DATASET\pdfs\Environment Department\202408281122291504.pdf,Downloaded,2026-07-27 22:24:54
Environment Department,Regarding revising the consent fee levied by the Maharashtra Pollution Control Board for Combined Consent and BMW Authorization for all medical establishments and projects providing facilities for bio-medical waste management.,202408221210334704,21-08-2024,553,https://gr.maharashtra.gov.in/Site/Upload/Government%20Resolutions/English/202408221210334704.pdf,4,566183,GR_DATASET\pdfs\Environment Department\202408221210334704.pdf,Downloaded,2026-07-27 22:24:54
Environment Department,"Regarding setting up of a committee consisting of Deputy Secretaries of Government Departments concerned with implementation mechanisms to examine the feasibility of entering into agreements with various organizations for the maintenance, cultivation and irrigation of bamboo plantations on government, public and community forest rights land under the Bamboo Plantation Initiative.",202408141241327904,14-08-2024,166,https://gr.maharashtra.gov.in/Site/Upload/Government%20Resolutions/English/202408141241327904.pdf,4,169921,GR_DATASET\pdfs\Environment Department\202408141241327904.pdf,Downloaded,2026-07-27 22:24:55
Environment Department,"Under the State Lake Conservation Scheme Atpadi, Dist. Regarding grant of final approval along with administrative approval to Atpadi Lake at Sangli.",202408131616097504,13-08-2024,247,https://gr.maharashtra.gov.in/Site/Upload/Government%20Resolutions/English/202408131616097504.pdf,9,253337,GR_DATASET\pdfs\Environment Department\202408131616097504.pdf,Downloaded,2026-07-27 22:24:56
Environment Department,"Under the State Lake Conservation Scheme, Dhavaleshwar, Tt. Khanapur, Dist. Regarding grant of final approval along with administrative approval to Dhavaleshwar Lake at Sangli.",202408131617207304,13-08-2024,227,https://gr.maharashtra.gov.in/Site/Upload/Government%20Resolutions/English/202408131617207304.pdf,9,232693,GR_DATASET\pdfs\Environment Department\202408131617207304.pdf,Downloaded,2026-07-27 22:24:57
Environment Department,"Pare under the State Lake Conservation Scheme, Khanapur, Dist. Regarding grant of final approval along with administrative approval to Pare (Dargoba) Lake at Sangli.",202408131619429404,13-08-2024,248,https://gr.maharashtra.gov.in/Site/Upload/Government%20Resolutions/English/202408131619429404.pdf,9,254156,GR_DATASET\pdfs\Environment Department\202408131619429404.pdf,Downloaded,2026-07-27 22:24:58
Environment Department,Regarding giving administrative approval to the Detailed Project Report (DPR) submitted by the local bodies for the works to be undertaken out of the prize money received under Majhi Vasundhara Abhiyan 3.0. Pimpri Chinchwad Municipal Corporation,202408061305072804,06-08-2024,660,https://gr.maharashtra.gov.in/Site/Upload/Government%20Resolutions/English/202408061305072804.pdf,4,675482,GR_DATASET\pdfs\Environment Department\202408061305072804.pdf,Downloaded,2026-07-27 22:24:59
Environment Department,Regarding giving administrative approval to the Detailed Project Report (DPR) submitted by the local bodies for the works to be undertaken out of the prize money received under Majhi Vasundhara Abhiyan 3.0. Anandavan Gram Panchayat,202408061307264604,06-08-2024,620,https://gr.maharashtra.gov.in/Site/Upload/Government%20Resolutions/English/202408061307264604.pdf,4,634866,GR_DATASET\pdfs\Environment Department\202408061307264604.pdf,Downloaded,2026-07-27 22:25:00
Environment Department,Regarding giving administrative approval to the Detailed Project Report (DPR) submitted by the local bodies for the works to be undertaken out of the prize money received under Majhi Vasundhara Abhiyan 3.0. Ahmednagar Municipal Corporation,202408061310161104,06-08-2024,585,https://gr.maharashtra.gov.in/Site/Upload/Government%20Resolutions/English/202408061310161104.pdf,4,599069,GR_DATASET\pdfs\Environment Department\202408061310161104.pdf,Downloaded,2026-07-27 22:25:00
Environment Department,Regarding giving administrative approval to the Detailed Project Report (DPR) submitted by the local bodies for the works to be undertaken out of the prize money received under Majhi Vasundhara Abhiyan 3.0. Near Gaon Gram Panchayat,202408061311571204,06-08-2024,612,https://gr.maharashtra.gov.in/Site/Upload/Government%20Resolutions/English/202408061311571204.pdf,4,626730,GR_DATASET\pdfs\Environment Department\202408061311571204.pdf,Downloaded,2026-07-27 22:25:02
Environment Department,Regarding giving administrative approval to the Detailed Project Report (DPR) submitted by the local bodies for the works to be undertaken out of the prize money received under Majhi Vasundhara Abhiyan 3.0. Dhule Municipal Corporation,202408061312189604,06-08-2024,595,https://gr.maharashtra.gov.in/Site/Upload/Government%20Resolutions/English/202408061312189604.pdf,4,608844,GR_DATASET\pdfs\Environment Department\202408061312189604.pdf,Downloaded,2026-07-27 22:25:03
Environment Department,Regarding giving administrative approval to the Detailed Project Report (DPR) submitted by the local bodies for the works to be undertaken out of the prize money received under Majhi Vasundhara Abhiyan 2.0. Nagpur Municipal Corporation,202408061314245004,06-08-2024,584,https://gr.maharashtra.gov.in/Site/Upload/Government%20Resolutions/English/202408061314245004.pdf,4,598272,GR_DATASET\pdfs\Environment Department\202408061314245004.pdf,Downloaded,2026-07-27 22:25:04
Environment Department,Regarding giving administrative approval to the Detailed Project Report (DPR) submitted by the local bodies for the works to be undertaken out of the prize money received under Majhi Vasundhara Abhiyan 2.0. Sangli Miraj Kupwad Municipal Corporation,202408061317380004,06-08-2024,598,https://gr.maharashtra.gov.in/Site/Upload/Government%20Resolutions/English/202408061317380004.pdf,4,612373,GR_DATASET\pdfs\Environment Department\202408061317380004.pdf,Downloaded,2026-07-27 22:25:04
Environment Department,Regarding giving administrative approval to the Detailed Project Report (DPR) submitted by the local bodies for the works to be undertaken out of the prize money received under Majhi Vasundhara Abhiyan 3.0. Sangli Miraj Kupwad Municipal Corporation,202408061319555004,06-08-2024,597,https://gr.maharashtra.gov.in/Site/Upload/Government%20Resolutions/English/202408061319555004.pdf,4,611007,GR_DATASET\pdfs\Environment Department\202408061319555004.pdf,Downloaded,2026-07-27 22:25:05
Environment Department,Regarding giving administrative approval to the Detailed Project Report (DPR) submitted by the local bodies for the works to be undertaken out of the prize money received under Majhi Vasundhara Abhiyan 2.0. Pune Municipal Corporation,202408061425211104,06-08-2024,593,https://gr.maharashtra.gov.in/Site/Upload/Government%20Resolutions/English/202408061425211104.pdf,4,606961,GR_DATASET\pdfs\Environment Department\202408061425211104.pdf,Downloaded,2026-07-27 22:25:06
Environment Department,Regarding giving administrative approval to the Detailed Project Report (DPR) submitted by the local bodies for the works to be undertaken out of the prize money received under Majhi Vasundhara Abhiyan 3.0. Pune Municipal Corporation,202408061427394704,06-08-2024,584,https://gr.maharashtra.gov.in/Site/Upload/Government%20Resolutions/English/202408061427394704.pdf,4,598112,GR_DATASET\pdfs\Environment Department\202408061427394704.pdf,Downloaded,2026-07-27 22:25:07
Environment Department,Regarding giving administrative approval to the Detailed Project Report (DPR) submitted by the local bodies for the works to be undertaken out of the prize money received under Majhi Vasundhara Abhiyan 3.0. Kurundwad Municipal Council,202408061429333004,06-08-2024,596,https://gr.maharashtra.gov.in/Site/Upload/Government%20Resolutions/English/202408061429333004.pdf,4,609935,GR_DATASET\pdfs\Environment Department\202408061429333004.pdf,Downloaded,2026-07-27 22:25:08
Environment Department,Regarding giving administrative approval to the Detailed Project Report (DPR) submitted by the local bodies for the works to be undertaken out of the prize money received under Majhi Vasundhara Abhiyan 2.0. Sangamner Municipal Council,202408061431271904,06-08-2024,595,https://gr.maharashtra.gov.in/Site/Upload/Government%20Resolutions/English/202408061431271904.pdf,4,609149,GR_DATASET\pdfs\Environment Department\202408061431271904.pdf,Downloaded,2026-07-27 22:25:09
Environment Department,Regarding giving administrative approval to the Detailed Project Report (DPR) submitted by the local bodies for the works to be undertaken out of the prize money received under Majhi Vasundhara Abhiyan 2.0. Umred Municipal Council,202408061433241104,06-08-2024,596,https://gr.maharashtra.gov.in/Site/Upload/Government%20Resolutions/English/202408061433241104.pdf,4,609965,GR_DATASET\pdfs\Environment Department\202408061433241104.pdf,Downloaded,2026-07-27 22:25:10
Environment Department,Regarding giving administrative approval to the Detailed Project Report (DPR) submitted by the local bodies for the works to be undertaken out of the prize money received under Majhi Vasundhara Abhiyan 3.0. Jaisingpur Municipal Council,202408061435109204,06-08-2024,596,https://gr.maharashtra.gov.in/Site/Upload/Government%20Resolutions/English/202408061435109204.pdf,4,610356,GR_DATASET\pdfs\Environment Department\202408061435109204.pdf,Downloaded,2026-07-27 22:25:11
Environment Department,Regarding giving administrative approval to the Detailed Project Report (DPR) submitted by the local bodies for the works to be undertaken out of the prize money received under Majhi Vasundhara Abhiyan 3.0. Vengurla Municipal Council,202408061437511104,06-08-2024,585,https://gr.maharashtra.gov.in/Site/Upload/Government%20Resolutions/English/202408061437511104.pdf,4,598734,GR_DATASET\pdfs\Environment Department\202408061437511104.pdf,Downloaded,2026-07-27 22:25:12
Environment Department,Regarding giving administrative approval to the Detailed Project Report (DPR) submitted by the local bodies for the works to be undertaken out of the prize money received under Majhi Vasundhara Abhiyan 3.0. Rahuri Municipal Council,202408061439439404,06-08-2024,587,https://gr.maharashtra.gov.in/Site/Upload/Government%20Resolutions/English/202408061439439404.pdf,4,601023,GR_DATASET\pdfs\Environment Department\202408061439439404.pdf,Downloaded,2026-07-27 22:25:13
Environment Department,Regarding giving administrative approval to the Detailed Project Report (DPR) submitted by the local bodies for the works to be undertaken out of the prize money received under Majhi Vasundhara Abhiyan 3.0. Trimbak Municipal Council,202408061441352604,06-08-2024,584,https://gr.maharashtra.gov.in/Site/Upload/Government%20Resolutions/English/202408061441352604.pdf,4,598471,GR_DATASET\pdfs\Environment Department\202408061441352604.pdf,Downloaded,2026-07-27 22:25:14
Environment Department,Regarding giving administrative approval to the Detailed Project Report (DPR) submitted by the local bodies for the works to be undertaken out of the prize money received under Majhi Vasundhara Abhiyan 3.0. Pavani Municipal Council,202408061444451804,06-08-2024,595,https://gr.maharashtra.gov.in/Site/Upload/Government%20Resolutions/English/202408061444451804.pdf,4,609119,GR_DATASET\pdfs\Environment Department\202408061444451804.pdf,Downloaded,2026-07-27 22:25:15
Environment Department,Regarding giving administrative approval to the Detailed Project Report (DPR) submitted by the local bodies for the works to be undertaken out of the prize money received under Majhi Vasundhara Abhiyan 3.0. Mahabaleshwar Giristhan Municipal Council,202408061447481204,06-08-2024,587,https://gr.maharashtra.gov.in/Site/Upload/Government%20Resolutions/English/202408061447481204.pdf,4,600963,GR_DATASET\pdfs\Environment Department\202408061447481204.pdf,Downloaded,2026-07-27 22:25:17
Environment Department,Regarding giving administrative approval to the Detailed Project Report (DPR) submitted by the local bodies for the works to be undertaken out of the prize money received under Majhi Vasundhara Abhiyan 2.0. Karjat Nagar Panchayat,202408061449424704,06-08-2024,589,https://gr.maharashtra.gov.in/Site/Upload/Government%20Resolutions/English/202408061449424704.pdf,4,603477,GR_DATASET\pdfs\Environment Department\202408061449424704.pdf,Downloaded,2026-07-27 22:25:18
Environment Department,Regarding giving administrative approval to the Detailed Project Report (DPR) submitted by the local bodies for the works to be undertaken out of the prize money received under Majhi Vasundhara Abhiyan 1.0. Muktainagar Nagar Panchayat,202408061452121104,06-08-2024,591,https://gr.maharashtra.gov.in/Site/Upload/Government%20Resolutions/English/202408061452121104.pdf,4,605268,GR_DATASET\pdfs\Environment Department\202408061452121104.pdf,Downloaded,2026-07-27 22:25:19
Environment Department,Regarding giving administrative approval to the Detailed Project Report (DPR) submitted by the local bodies for the works to be undertaken out of the prize money received under Majhi Vasundhara Abhiyan 2.0. Anandavan Gram Panchayat,202408061454095304,06-08-2024,592,https://gr.maharashtra.gov.in/Site/Upload/Government%20Resolutions/English/202408061454095304.pdf,4,606471,GR_DATASET\pdfs\Environment Department\202408061454095304.pdf,Downloaded,2026-07-27 22:25:20
Environment Department,Regarding giving administrative approval to the Detailed Project Report (DPR) submitted by the local bodies for the works to be undertaken out of the prize money received under Majhi Vasundhara Abhiyan 3.0. Shirasathe Gram Panchayat,202408061314274004,06-08-2024,585,https://gr.maharashtra.gov.in/Site/Upload/Government%20Resolutions/English/202408061314274004.pdf,4,599364,GR_DATASET\pdfs\Environment Department\202408061314274004.pdf,Downloaded,2026-07-27 22:25:21
Environment Department,Regarding giving administrative approval to the Detailed Project Report (DPR) submitted by the local bodies for the works to be undertaken out of the prize money received under Majhi Vasundhara Abhiyan 3.0. Watangi Gram Panchayat,202408061318301204,06-08-2024,586,https://gr.maharashtra.gov.in/Site/Upload/Government%20Resolutions/English/202408061318301204.pdf,4,599909,GR_DATASET\pdfs\Environment Department\202408061318301204.pdf,Downloaded,2026-07-27 22:25:22
Environment Department,Regarding giving administrative approval to the Detailed Project Report (DPR) submitted by the local bodies for the works to be undertaken out of the prize money received under Majhi Vasundhara Abhiyan 2.0. Kurunda Gram Panchayat,202408061319084704,06-08-2024,593,https://gr.maharashtra.gov.in/Site/Upload/Government%20Resolutions/English/202408061319084704.pdf,4,606818,GR_DATASET\pdfs\Environment Department\202408061319084704.pdf,Downloaded,2026-07-27 22:25:23
Environment Department,Regarding giving administrative approval to the Detailed Project Report (DPR) submitted by the local bodies for the works to be undertaken out of the prize money received under Majhi Vasundhara Abhiyan 2.0. Chandori Gram Panchayat,202408061319349704,06-08-2024,587,https://gr.maharashtra.gov.in/Site/Upload/Government%20Resolutions/English/202408061319349704.pdf,4,600762,GR_DATASET\pdfs\Environment Department\202408061319349704.pdf,Downloaded,2026-07-27 22:25:25
Environment Department,Regarding giving administrative approval to the Detailed Project Report (DPR) submitted by the local bodies for the works to be undertaken out of the prize money received under Majhi Vasundhara Abhiyan 2.0. Sonai Gram Panchayat,202408061320152204,06-08-2024,604,https://gr.maharashtra.gov.in/Site/Upload/Government%20Resolutions/English/202408061320152204.pdf,4,618335,GR_DATASET\pdfs\Environment Department\202408061320152204.pdf,Downloaded,2026-07-27 22:25:25
Environment Department,Regarding giving administrative approval to the Detailed Project Report (DPR) submitted by the local bodies for the works to be undertaken out of the prize money received under Majhi Vasundhara Abhiyan 3.0. Sonai Gram Panchayat,202408061320398804,06-08-2024,606,https://gr.maharashtra.gov.in/Site/Upload/Government%20Resolutions/English/202408061320398804.pdf,4,621038,GR_DATASET\pdfs\Environment Department\202408061320398804.pdf,Downloaded,2026-07-27 22:25:26
Environment Department,Regarding giving administrative approval to the Detailed Project Report (DPR) submitted by the local bodies for the works to be undertaken out of the prize money received under Majhi Vasundhara Abhiyan 2.0. Mirajgaon Gram Panchayat,202408061321134904,06-08-2024,595,https://gr.maharashtra.gov.in/Site/Upload/Government%20Resolutions/English/202408061321134904.pdf,4,609232,GR_DATASET\pdfs\Environment Department\202408061321134904.pdf,Downloaded,2026-07-27 22:25:28
Environment Department,Regarding giving administrative approval to the Detailed Project Report (DPR) submitted by the local bodies for the works to be undertaken out of the prize money received under Majhi Vasundhara Abhiyan 3.0. Khanivade Gram Panchayat,202408061321464504,06-08-2024,587,https://gr.maharashtra.gov.in/Site/Upload/Government%20Resolutions/English/202408061321464504.pdf,4,601122,GR_DATASET\pdfs\Environment Department\202408061321464504.pdf,Downloaded,2026-07-27 22:25:28
Environment Department,Regarding giving administrative approval to the Detailed Project Report (DPR) submitted by the local bodies for the works to be undertaken out of the prize money received under Majhi Vasundhara Abhiyan 3.0. Tung Gram Panchayat,202408061502364404,06-08-2024,588,https://gr.maharashtra.gov.in/Site/Upload/Government%20Resolutions/English/202408061502364404.pdf,4,602462,GR_DATASET\pdfs\Environment Department\202408061502364404.pdf,Downloaded,2026-07-27 22:25:29
Environment Department,Regarding giving administrative approval to the Detailed Project Report (DPR) submitted by the local bodies for the works to be undertaken out of the prize money received under Majhi Vasundhara Abhiyan 2.0. Wagholi Gram Panchayat,202408061505361104,06-08-2024,587,https://gr.maharashtra.gov.in/Site/Upload/Government%20Resolutions/English/202408061505361104.pdf,4,600624,GR_DATASET\pdfs\Environment Department\202408061505361104.pdf,Downloaded,2026-07-27 22:25:30
Environment Department,Regarding giving administrative approval to the Detailed Project Report (DPR) submitted by the local bodies for the works to be undertaken out of the prize money received under Majhi Vasundhara Abhiyan 3.0. Wagholi Gram Panchayat,202408061504402504,06-08-2024,595,https://gr.maharashtra.gov.in/Site/Upload/Government%20Resolutions/English/202408061504402504.pdf,4,609606,GR_DATASET\pdfs\Environment Department\202408061504402504.pdf,Downloaded,2026-07-27 22:25:32
Environment Department,Regarding giving administrative approval to the Detailed Project Report (DPR) submitted by the local bodies for the works to be undertaken out of the prize money received under Majhi Vasundhara Abhiyan 3.0. Dharangutti Gram Panchayat,202408061504042404,06-08-2024,584,https://gr.maharashtra.gov.in/Site/Upload/Government%20Resolutions/English/202408061504042404.pdf,4,598401,GR_DATASET\pdfs\Environment Department\202408061504042404.pdf,Downloaded,2026-07-27 22:25:33
Environment Department,Regarding giving administrative approval to the Detailed Project Report (DPR) submitted by the local bodies for the works to be undertaken out of the prize money received under Majhi Vasundhara Abhiyan 1.0. Pimpalgaon Baswant Gram Panchayat,202408061508142204,06-08-2024,584,https://gr.maharashtra.gov.in/Site/Upload/Government%20Resolutions/English/202408061508142204.pdf,4,597691,GR_DATASET\pdfs\Environment Department\202408061508142204.pdf,Downloaded,2026-07-27 22:25:34
Environment Department,Regarding giving administrative approval to the Detailed Project Report (DPR) submitted by the local bodies for the works to be undertaken out of the prize money received under Majhi Vasundhara Abhiyan 2.0. Pimpalgaon Baswant Gram Panchayat,202408061507080604,06-08-2024,584,https://gr.maharashtra.gov.in/Site/Upload/Government%20Resolutions/English/202408061507080604.pdf,4,598303,GR_DATASET\pdfs\Environment Department\202408061507080604.pdf,Downloaded,2026-07-27 22:25:36
Environment Department,Regarding giving administrative approval to the Detailed Project Report (DPR) submitted by the local bodies for the works to be undertaken out of the prize money received under Majhi Vasundhara Abhiyan 2.0. Patoda Gram Panchayat,202408061501493204,06-08-2024,618,https://gr.maharashtra.gov.in/Site/Upload/Government%20Resolutions/English/202408061501493204.pdf,4,632807,GR_DATASET\pdfs\Environment Department\202408061501493204.pdf,Downloaded,2026-07-27 22:25:38
Environment Department,Regarding giving administrative approval to the Detailed Project Report (DPR) submitted by the local bodies for the works to be undertaken out of the prize money received under Majhi Vasundhara Abhiyan 3.0. Patoda Gram Panchayat,202408061500511104,06-08-2024,617,https://gr.maharashtra.gov.in/Site/Upload/Government%20Resolutions/English/202408061500511104.pdf,4,632236,GR_DATASET\pdfs\Environment Department\202408061500511104.pdf,Downloaded,2026-07-27 22:25:38
Environment Department,Regarding giving administrative approval to the Detailed Project Report (DPR) submitted by the local bodies for the works to be undertaken out of the prize money received under Majhi Vasundhara Abhiyan 2.0. Madhi Gram Panchayat,202408061506217004,06-08-2024,586,https://gr.maharashtra.gov.in/Site/Upload/Government%20Resolutions/English/202408061506217004.pdf,4,600176,GR_DATASET\pdfs\Environment Department\202408061506217004.pdf,Downloaded,2026-07-27 22:25:40
Environment Department,Regarding giving administrative approval to the Detailed Project Report (DPR) submitted by the local bodies for the works to be undertaken out of the prize money received under Majhi Vasundhara Abhiyan 3.0. Pasthala Gram Panchayat,202408061509169204,06-08-2024,586,https://gr.maharashtra.gov.in/Site/Upload/Government%20Resolutions/English/202408061509169204.pdf,4,600378,GR_DATASET\pdfs\Environment Department\202408061509169204.pdf,Downloaded,2026-07-27 22:25:41
Environment Department,Regarding giving administrative approval to the Detailed Project Report (DPR) submitted by the local bodies for the works to be undertaken out of the prize money received under Majhi Vasundhara Abhiyan 3.0. Shinde Gram Panchayat,202408081148372204,06-08-2024,593,https://gr.maharashtra.gov.in/Site/Upload/Government%20Resolutions/English/202408081148372204.pdf,4,607506,GR_DATASET\pdfs\Environment Department\202408081148372204.pdf,Downloaded,2026-07-27 22:25:42
Environment Department,"Regarding establishment of Climate Action Cells in all the AMRUT Cities, Districts and the Revenue Divisions of the State",202407251203498304,25-07-2024,387,https://gr.maharashtra.gov.in/Site/Upload/Government%20Resolutions/English/202407251203498304.pdf,9,396972,GR_DATASET\pdfs\Environment Department\202407251203498304.pdf,Downloaded,2026-07-27 22:25:43
Environment Department,Regarding appointing a study group of experts from the Board for Business Process Re-engineering of notified services under the Maharashtra Pollution Control Board.,202407151514374404,15-07-2024,736,https://gr.maharashtra.gov.in/Site/Upload/Government%20Resolutions/English/202407151514374404.pdf,2,754050,GR_DATASET\pdfs\Environment Department\202407151514374404.pdf,Downloaded,2026-07-27 22:25:44
Environment Department,Promotion order from Scientist grade II to I,202406281726471104..,28-06-2024,211,https://gr.maharashtra.gov.in/Site/Upload/Government%20Resolutions/English/202406281726471104...pdf,2,216949,GR_DATASET\pdfs\Environment Department\202406281726471104...pdf,Downloaded,2026-07-27 22:25:45
Environment Department,Lake Conservation Plan Guidelines,202406281725518104,21-06-2024,432,https://gr.maharashtra.gov.in/Site/Upload/Government%20Resolutions/English/202406281725518104.pdf,10,442643,GR_DATASET\pdfs\Environment Department\202406281725518104.pdf,Downloaded,2026-07-27 22:25:46
Environment Department,"Regarding the provision of funds received from the Central Government to implement the works under the National River Conservation Scheme, Mula-Mutha River, Pune Pollution Reduction Project and the matching share deposited in the SNA account by the Pune Municipal Corporation to the Pune Municipal Corporation for expenditure.",202406101503268404,10-06-2024,149,https://gr.maharashtra.gov.in/Site/Upload/Government%20Resolutions/English/202406101503268404.pdf,3,153047,GR_DATASET\pdfs\Environment Department\202406101503268404.pdf,Downloaded,2026-07-27 22:25:46
Environment Department,"Regarding the provision of funds received from the Central Government to implement the works under the National River Conservation Scheme, Mula-Mutha River, Pune Pollution Reduction Project and the matching share deposited in the SNA account by the Pune Municipal Corporation to the Pune Municipal Corporation for expenditure.",202405311544430904,31-05-2024,149,https://gr.maharashtra.gov.in/Site/Upload/Government%20Resolutions/English/202405311544430904.pdf,3,152497,GR_DATASET\pdfs\Environment Department\202405311544430904.pdf,Downloaded,2026-07-27 22:25:47
Environment Department,Constitution of Coordination Committee for obtaining Environment Clearance on priority to the Construction and Infrastructure Development Projects of Government bodies,202404301506039004,30-04-2024,143,https://gr.maharashtra.gov.in/Site/Upload/Government%20Resolutions/English/202404301506039004.pdf,2,146735,GR_DATASET\pdfs\Environment Department\202404301506039004.pdf,Downloaded,2026-07-27 22:25:48
Environment Department,"Regarding depositing the funds released by the Central Government to the SNA account for the Central Government sponsored scheme Mula-Mutha River, Pune Pollution Reduction Project under the National River Conservation Scheme.",202404181458234804,18-04-2024,217,https://gr.maharashtra.gov.in/Site/Upload/Government%20Resolutions/English/202404181458234804.pdf,3,221983,GR_DATASET\pdfs\Environment Department\202404181458234804.pdf,Downloaded,2026-07-27 22:25:48
Environment Department,Regarding the formation of a Technical Committee to assist the Executive Committee on bamboo cultivation for achieving sustainable development,202404181807405004,18-04-2024,505,https://gr.maharashtra.gov.in/Site/Upload/Government%20Resolutions/English/202404181807405004.pdf,4,517254,GR_DATASET\pdfs\Environment Department\202404181807405004.pdf,Downloaded,2026-07-27 22:25:50
Environment Department,"Regarding depositing the funds released by the Central Government to the SNA account for the Central Government sponsored scheme Mula-Mutha River, Pune Pollution Reduction Project under the National River Conservation Scheme.",202403221745413104,22-03-2024,217,https://gr.maharashtra.gov.in/Site/Upload/Government%20Resolutions/English/202403221745413104.pdf,3,222518,GR_DATASET\pdfs\Environment Department\202403221745413104.pdf,Downloaded,2026-07-27 22:25:50
Environment Department,Regarding formation of Internal Committee and State Level High Power Committee for Planning and Utilization of Environment Compensation Fund,202403221418394104,21-03-2024,323,https://gr.maharashtra.gov.in/Site/Upload/Government%20Resolutions/English/202403221418394104.pdf,3,330739,GR_DATASET\pdfs\Environment Department\202403221418394104.pdf,Downloaded,2026-07-27 22:25:51
Environment Department,Regarding formation of Internal Committee and State Level High Power Committee for Planning and Utilization of Environment Compensation Fund,202403221423085904,21-03-2024,781,https://gr.maharashtra.gov.in/Site/Upload/Government%20Resolutions/English/202403221423085904.pdf,2,799952,GR_DATASET\pdfs\Environment Department\202403221423085904.pdf,Downloaded,2026-07-27 22:25:52
Environment Department,Regarding sanction and disbursement of grant-in-aid to Maharashtra Coastal Zone Management Authorities.,202403191421391304,19-03-2024,133,https://gr.maharashtra.gov.in/Site/Upload/Government%20Resolutions/English/202403191421391304.pdf,1,135771,GR_DATASET\pdfs\Environment Department\202403191421391304.pdf,Downloaded,2026-07-27 22:25:53
Environment Department,"Mauje Amberle under State River Conservation Scheme, Mangaon, Distt. Regarding giving administrative approval to Amberle river conservation proposal at Raigad...",202403161931099204,16-03-2024,706,https://gr.maharashtra.gov.in/Site/Upload/Government%20Resolutions/English/202403161931099204.pdf,9,723371,GR_DATASET\pdfs\Environment Department\202403161931099204.pdf,Downloaded,2026-07-27 22:25:54
Environment Department,"Under the State River Conservation Scheme, Kopargaon Municipal Council, Distt. Regarding giving administrative approval to Godavari river conservation proposal in Ahmednagar area...",202403161931151004,16-03-2024,906,https://gr.maharashtra.gov.in/Site/Upload/Government%20Resolutions/English/202403161931151004.pdf,8,927701,GR_DATASET\pdfs\Environment Department\202403161931151004.pdf,Downloaded,2026-07-27 22:25:55
Environment Department,"Mauje Winchur under State River Conservation Scheme Niphad, Dist. Regarding giving administrative approval to the Longanga river conservation proposal in Nashik...",202403161931195204,16-03-2024,681,https://gr.maharashtra.gov.in/Site/Upload/Government%20Resolutions/English/202403161931195204.pdf,9,697736,GR_DATASET\pdfs\Environment Department\202403161931195204.pdf,Downloaded,2026-07-27 22:25:56
Environment Department,"Mauje Lasalgaon under State River Conservation Scheme Niphad, Dist. Regarding giving administrative approval to the Shiva river conservation proposal in Nashik...",202403161931240004,16-03-2024,443,https://gr.maharashtra.gov.in/Site/Upload/Government%20Resolutions/English/202403161931240004.pdf,9,453901,GR_DATASET\pdfs\Environment Department\202403161931240004.pdf,Downloaded,2026-07-27 22:25:57
Environment Department,"Regarding the provision of funds received from the Central Government for implementing the works under the National River Conservation Scheme, Mula-Mutha River, Pune Pollution Reduction Project and the matching share deposited in the SNA account by the Pune Municipal Corporation to the Pune Municipal Corporation for expenditure.",202403151327565104,15-03-2024,151,https://gr.maharashtra.gov.in/Site/Upload/Government%20Resolutions/English/202403151327565104.pdf,4,154358,GR_DATASET\pdfs\Environment Department\202403151327565104.pdf,Downloaded,2026-07-27 22:25:57
Environment Department,"Under the State Lake Conservation Scheme, Mr. Who, Hatkanangle, Dist. Regarding granting administrative approval to Gavatalwas at Kolhapur.",202403151330340904,15-03-2024,662,https://gr.maharashtra.gov.in/Site/Upload/Government%20Resolutions/English/202403151330340904.pdf,9,677432,GR_DATASET\pdfs\Environment Department\202403151330340904.pdf,Downloaded,2026-07-27 22:25:58
Environment Department,Regarding implementation of Environment Service Scheme across the State.,202403141237574404,14-03-2024,414,https://gr.maharashtra.gov.in/Site/Upload/Government%20Resolutions/English/202403141237574404.pdf,18,423516,GR_DATASET\pdfs\Environment Department\202403141237574404.pdf,Downloaded,2026-07-27 22:25:59
Environment Department,"Implementation of Environment Service Scheme in 7,500 schools in five years across the state and distribution of funds.",202403141244407704,14-03-2024,757,https://gr.maharashtra.gov.in/Site/Upload/Government%20Resolutions/English/202403141244407704.pdf,59,775655,GR_DATASET\pdfs\Environment Department\202403141244407704.pdf,Downloaded,2026-07-27 22:26:00
Environment Department,"Regarding depositing the funds released by the Central Government to the SNA account for the Central Government sponsored scheme Mula-Mutha River, Pune Pollution Reduction Project under the National River Conservation Scheme.",202403141630082204,14-03-2024,311,https://gr.maharashtra.gov.in/Site/Upload/Government%20Resolutions/English/202403141630082204.pdf,2,318617,GR_DATASET\pdfs\Environment Department\202403141630082204.pdf,Downloaded,2026-07-27 22:26:01
Environment Department,Regarding sanction and disbursement of grant-in-aid to Maharashtra Coastal Zone Management Authorities.,202403131417373804,13-03-2024,162,https://gr.maharashtra.gov.in/Site/Upload/Government%20Resolutions/English/202403131417373804.pdf,3,165521,GR_DATASET\pdfs\Environment Department\202403131417373804.pdf,Downloaded,2026-07-27 22:26:02
Environment Department,"Under the State Lake Conservation Scheme Agarnal, Dist. Regarding approval in principle and disbursement of funds to Agarnal Dhangarwadi Lake at Ratnagiri.",202403131421324504,13-03-2024,850,https://gr.maharashtra.gov.in/Site/Upload/Government%20Resolutions/English/202403131421324504.pdf,4,870001,GR_DATASET\pdfs\Environment Department\202403131421324504.pdf,Downloaded,2026-07-27 22:26:02
Environment Department,"Under the State Lake Conservation Scheme, Chandor, T., Distt. Regarding approval in principle and disbursement of funds to Chandor Sapuchetale Lake at Ratnagiri.",202403131423327504,13-03-2024,851,https://gr.maharashtra.gov.in/Site/Upload/Government%20Resolutions/English/202403131423327504.pdf,4,871250,GR_DATASET\pdfs\Environment Department\202403131423327504.pdf,Downloaded,2026-07-27 22:26:03
Environment Department,"Under State Lake Conservation Scheme, Basani, St., Distt. Regarding approval in principle and disbursement of funds to Basani Gawane Chetale Lake at Ratnagiri.",202403131425163904,13-03-2024,782,https://gr.maharashtra.gov.in/Site/Upload/Government%20Resolutions/English/202403131425163904.pdf,4,800780,GR_DATASET\pdfs\Environment Department\202403131425163904.pdf,Downloaded,2026-07-27 22:26:04
Environment Department,"Under the State Lake Conservation Scheme, Nandiwe, Distt. Regarding in-principle approval and disbursement of funds to the lake behind the Nandivade Gram Panchayat in Ratnagiri.",202403131426451304,13-03-2024,782,https://gr.maharashtra.gov.in/Site/Upload/Government%20Resolutions/English/202403131426451304.pdf,4,800393,GR_DATASET\pdfs\Environment Department\202403131426451304.pdf,Downloaded,2026-07-27 22:26:05
Environment Department,"Under the State Lake Conservation Scheme Mauje Chave, T., Distt. Regarding in-principle recognition and distribution of funds to Chave Vadas Kond Lake at Ratnagiri.",202403131429522004,13-03-2024,782,https://gr.maharashtra.gov.in/Site/Upload/Government%20Resolutions/English/202403131429522004.pdf,4,800641,GR_DATASET\pdfs\Environment Department\202403131429522004.pdf,Downloaded,2026-07-27 22:26:06
Environment Department,"Under State Lake Conservation Scheme, Mauje Mervi, T., Distt. Regarding in-principle approval and disbursement of funds to Mervi-Khambtale Lake at Ratnagiri.",202403131432502104,13-03-2024,782,https://gr.maharashtra.gov.in/Site/Upload/Government%20Resolutions/English/202403131432502104.pdf,4,800573,GR_DATASET\pdfs\Environment Department\202403131432502104.pdf,Downloaded,2026-07-27 22:26:07
Environment Department,"Under the State Lake Conservation Scheme, District Waghapur, T. Bhudargarh, Dist. Regarding approval in principle and disbursement of funds to the lake at Kolhapur.",202403131434322004,13-03-2024,598,https://gr.maharashtra.gov.in/Site/Upload/Government%20Resolutions/English/202403131434322004.pdf,4,612369,GR_DATASET\pdfs\Environment Department\202403131434322004.pdf,Downloaded,2026-07-27 22:26:08
Environment Department,"Under the State Lake Conservation Scheme, Mr. Mangoli, Radhanagari, Dist. Regarding approval in principle and disbursement of funds to the lake at Kolhapur.",202403131435592504,13-03-2024,599,https://gr.maharashtra.gov.in/Site/Upload/Government%20Resolutions/English/202403131435592504.pdf,4,613362,GR_DATASET\pdfs\Environment Department\202403131435592504.pdf,Downloaded,2026-07-27 22:26:09
Environment Department,"Under the State Lake Conservation Scheme, Mr. Shelewadi, Regarding in-principle approval and distribution of funds to the lake at Radhanagari, District Kolhapur.",202403131437342004,13-03-2024,599,https://gr.maharashtra.gov.in/Site/Upload/Government%20Resolutions/English/202403131437342004.pdf,4,613575,GR_DATASET\pdfs\Environment Department\202403131437342004.pdf,Downloaded,2026-07-27 22:26:10
Environment Department,"Under the State Lake Conservation Scheme, Mr. Regarding the in-principle approval and distribution of funds to the lake at Kembli, Sub-district Kagal, District Kolhapur.",202403131439282804,13-03-2024,599,https://gr.maharashtra.gov.in/Site/Upload/Government%20Resolutions/English/202403131439282804.pdf,4,613612,GR_DATASET\pdfs\Environment Department\202403131439282804.pdf,Downloaded,2026-07-27 22:26:11
Environment Department,Regarding in-principle approval and disbursement of funds to Diva Lake in Thane Municipal Corporation limits under the State Lake Conservation Scheme.,202403131441091304,13-03-2024,596,https://gr.maharashtra.gov.in/Site/Upload/Government%20Resolutions/English/202403131441091304.pdf,4,610800,GR_DATASET\pdfs\Environment Department\202403131441091304.pdf,Downloaded,2026-07-27 22:26:12
Environment Department,Regarding the implementation of My Vasundhara Abhiyan-4.0 in the local bodies of the state.,202403121618148204,12-03-2024,176,https://gr.maharashtra.gov.in/Site/Upload/Government%20Resolutions/English/202403121618148204.pdf,6,180478,GR_DATASET\pdfs\Environment Department\202403121618148204.pdf,Downloaded,2026-07-27 22:26:13
Environment Department,Regarding revising the composition of the Co-ordinating Committee to take measures to control air pollution in the Mumbai metropolitan area,202403121619047204,12-03-2024,325,https://gr.maharashtra.gov.in/Site/Upload/Government%20Resolutions/English/202403121619047204.pdf,3,332928,GR_DATASET\pdfs\Environment Department\202403121619047204.pdf,Downloaded,2026-07-27 22:26:13
Environment Department,Regarding the formation of an Executive Committee to oversee the Sustainable Bamboo Development Programme.,202403121628547404,12-03-2024,148,https://gr.maharashtra.gov.in/Site/Upload/Government%20Resolutions/English/202403121628547404.pdf,3,151585,GR_DATASET\pdfs\Environment Department\202403121628547404.pdf,Downloaded,2026-07-27 22:26:14
Environment Department,To promote bamboo cultivation in the state and review it from time to time Hon. Regarding the formation of a task force under the chairmanship of the Chief Minister,202403121633102704,12-03-2024,150,https://gr.maharashtra.gov.in/Site/Upload/Government%20Resolutions/English/202403121633102704.pdf,4,153624,GR_DATASET\pdfs\Environment Department\202403121633102704.pdf,Downloaded,2026-07-27 22:26:15
Environment Department,Regarding extension of time to implement Majhi Vasundhara Abhiyan-4.0 in local bodies of the state,202403121621398204,12-03-2024,145,https://gr.maharashtra.gov.in/Site/Upload/Government%20Resolutions/English/202403121621398204.pdf,2,148615,GR_DATASET\pdfs\Environment Department\202403121621398204.pdf,Downloaded,2026-07-27 22:26:15
Environment Department,"Mauje Takwade under the State Lake Conservation Scheme, Shirol, Dist. Regarding approval in principle of lake conservation proposal at Kolhapur.",202403111420086304,11-03-2024,779,https://gr.maharashtra.gov.in/Site/Upload/Government%20Resolutions/English/202403111420086304.pdf,3,797217,GR_DATASET\pdfs\Environment Department\202403111420086304.pdf,Downloaded,2026-07-27 22:26:16
Environment Department,"Under the State Lake Conservation Scheme Municipal Council Chiplun, Distt. Regarding disbursement of funds to Narayan Lake at Ratnagiri.",202403071445308504,07-03-2024,289,https://gr.maharashtra.gov.in/Site/Upload/Government%20Resolutions/English/202403071445308504.pdf,4,295951,GR_DATASET\pdfs\Environment Department\202403071445308504.pdf,Downloaded,2026-07-27 22:26:17
Environment Department,"Regarding the distribution of funds for the Godavari river conservation proposal at Nanded - Waghala Municipal Corporation, Nanded under the State River Conservation Scheme...",202403071448439904,07-03-2024,203,https://gr.maharashtra.gov.in/Site/Upload/Government%20Resolutions/English/202403071448439904.pdf,2,208345,GR_DATASET\pdfs\Environment Department\202403071448439904.pdf,Downloaded,2026-07-27 22:26:18
Environment Department,"Mauje Kumbharli, Group Gram Panchayat Lokaravan, under State Lake Conservation Scheme. Mandangad, Dist. Regarding disbursement of funds to Kumbharli Lake at Ratnagiri.",202403071442100404,07-03-2024,155,https://gr.maharashtra.gov.in/Site/Upload/Government%20Resolutions/English/202403071442100404.pdf,4,158350,GR_DATASET\pdfs\Environment Department\202403071442100404.pdf,Downloaded,2026-07-27 22:26:19
Environment Department,"Regarding depositing the funds released by the Central Government to the SNA account for the Central Government sponsored scheme Mula-Mutha River, Pune Pollution Reduction Project under the National River Conservation Scheme.",202403061126202404,06-03-2024,217,https://gr.maharashtra.gov.in/Site/Upload/Government%20Resolutions/English/202403061126202404.pdf,3,221788,GR_DATASET\pdfs\Environment Department\202403061126202404.pdf,Downloaded,2026-07-27 22:26:19
Environment Department,"Regarding making available necessary funds to the Member Secretary, Maharashtra Pollution Control Board for disbursing cash prizes to top performing local bodies under Majhi Vasundhara Abhiyan.",202403061754127804,06-03-2024,328,https://gr.maharashtra.gov.in/Site/Upload/Government%20Resolutions/English/202403061754127804.pdf,4,335798,GR_DATASET\pdfs\Environment Department\202403061754127804.pdf,Downloaded,2026-07-27 22:26:20
Environment Department,Regarding formation of Women Grievance Redressal Committee.,202403051309337904,05-03-2024,146,https://gr.maharashtra.gov.in/Site/Upload/Government%20Resolutions/English/202403051309337904.pdf,2,149360,GR_DATASET\pdfs\Environment Department\202403051309337904.pdf,Downloaded,2026-07-27 22:26:21
Environment Department,"Regarding the distribution of funds for the Godavari river conservation proposal at Nanded - Waghala Municipal Corporation, Nanded under the State River Conservation Scheme...",202403041500327404,04-03-2024,155,https://gr.maharashtra.gov.in/Site/Upload/Government%20Resolutions/English/202403041500327404.pdf,3,158671,GR_DATASET\pdfs\Environment Department\202403041500327404.pdf,Downloaded,2026-07-27 22:26:21
Environment Department,"Fun under the State Lake Conservation Scheme, p. Khalapur, Dist. Regarding grant of final approval along with administrative approval to Kelavali Lake at Raigad",202403041504033504,04-03-2024,291,https://gr.maharashtra.gov.in/Site/Upload/Government%20Resolutions/English/202403041504033504.pdf,9,298405,GR_DATASET\pdfs\Environment Department\202403041504033504.pdf,Downloaded,2026-07-27 22:26:22
Environment Department,"Fun purchased under State Lake Conservation Scheme, p. Khalapur, Dist. Regarding grant of final approval along with administrative approval to Kharivli Lake at Raigad",202403041507034704,04-03-2024,334,https://gr.maharashtra.gov.in/Site/Upload/Government%20Resolutions/English/202403041507034704.pdf,9,342316,GR_DATASET\pdfs\Environment Department\202403041507034704.pdf,Downloaded,2026-07-27 22:26:23
Environment Department,"Under the State Lake Conservation Scheme, Khanav, Khalapur, Dist. Regarding grant of final approval along with administrative approval to Khanav Lake at Raigad.",202403041511016704,04-03-2024,227,https://gr.maharashtra.gov.in/Site/Upload/Government%20Resolutions/English/202403041511016704.pdf,9,231939,GR_DATASET\pdfs\Environment Department\202403041511016704.pdf,Downloaded,2026-07-27 22:26:23
Environment Department,"Mauje Gorthan under the State Lake Conservation Scheme, Khalapur, Dist. Regarding granting final approval along with administrative approval to Gorthan Lake at Raigad",202403041516340004,04-03-2024,336,https://gr.maharashtra.gov.in/Site/Upload/Government%20Resolutions/English/202403041516340004.pdf,9,344373,GR_DATASET\pdfs\Environment Department\202403041516340004.pdf,Downloaded,2026-07-27 22:26:24
Environment Department,"Mauje Gohe under the State Lake Conservation Scheme, Khalapur, Dist. Regarding grant of final approval along with administrative approval to Gohe Lake at Raigad.",202403041520044804,04-03-2024,334,https://gr.maharashtra.gov.in/Site/Upload/Government%20Resolutions/English/202403041520044804.pdf,9,342294,GR_DATASET\pdfs\Environment Department\202403041520044804.pdf,Downloaded,2026-07-27 22:26:25
Environment Department,"Mauje Thanapada under the State Lake Conservation Scheme, Trimbakeshwar, Dist. Regarding grant of final approval along with administrative approval to Thanapada Lake at Nashik",202403041522524804,04-03-2024,225,https://gr.maharashtra.gov.in/Site/Upload/Government%20Resolutions/English/202403041522524804.pdf,9,230212,GR_DATASET\pdfs\Environment Department\202403041522524804.pdf,Downloaded,2026-07-27 22:26:25
Environment Department,"Mauje Parkhande under the State Lake Conservation Scheme, Khalapur, Dist. Regarding grant of final approval along with administrative approval to Parkhande Lake at Raigad.",202403041529595004,04-03-2024,225,https://gr.maharashtra.gov.in/Site/Upload/Government%20Resolutions/English/202403041529595004.pdf,9,230538,GR_DATASET\pdfs\Environment Department\202403041529595004.pdf,Downloaded,2026-07-27 22:26:26
Environment Department,"Fun Bid under State Lake Conservation Scheme, p. Khalapur, Dist. Regarding grant of final approval along with administrative approval to bid lake at Raigad.",202403041533284804,04-03-2024,291,https://gr.maharashtra.gov.in/Site/Upload/Government%20Resolutions/English/202403041533284804.pdf,9,298366,GR_DATASET\pdfs\Environment Department\202403041533284804.pdf,Downloaded,2026-07-27 22:26:27
Environment Department,"Mauje Mankivali under the State Lake Conservation Scheme, Khalapur, Dist. Regarding grant of final approval along with administrative approval to Mankivali Lake at Raigad.",202403041536229904,04-03-2024,334,https://gr.maharashtra.gov.in/Site/Upload/Government%20Resolutions/English/202403041536229904.pdf,9,342230,GR_DATASET\pdfs\Environment Department\202403041536229904.pdf,Downloaded,2026-07-27 22:26:27
Environment Department,"Mauje Vadval under the State Lake Conservation Scheme, Khalapur, Dist. Regarding grant of final approval along with administrative approval to Vadwal Lake at Raigad.",202403041538576004,04-03-2024,334,https://gr.maharashtra.gov.in/Site/Upload/Government%20Resolutions/English/202403041538576004.pdf,9,341717,GR_DATASET\pdfs\Environment Department\202403041538576004.pdf,Downloaded,2026-07-27 22:26:28
Environment Department,"Mauje Vavoshi under the State Lake Conservation Scheme, Khalapur, Dist. Regarding grant of final approval along with administrative approval to Vavoshi Lake at Raigad",202403041541409304,04-03-2024,227,https://gr.maharashtra.gov.in/Site/Upload/Government%20Resolutions/English/202403041541409304.pdf,9,231957,GR_DATASET\pdfs\Environment Department\202403041541409304.pdf,Downloaded,2026-07-27 22:26:29
Environment Department,"Under the State Lake Conservation Scheme, Mauje Horale, Khalapur, Dist. Regarding grant of final approval along with administrative approval to Horale Lake at Raigad",202403041544128204,04-03-2024,291,https://gr.maharashtra.gov.in/Site/Upload/Government%20Resolutions/English/202403041544128204.pdf,9,298098,GR_DATASET\pdfs\Environment Department\202403041544128204.pdf,Downloaded,2026-07-27 22:26:30
Environment Department,Regarding continuation of temporary posts from 01/03/2024 to 31/08/2024,202403041550434904..,04-03-2024,160,https://gr.maharashtra.gov.in/Site/Upload/Government%20Resolutions/English/202403041550434904...pdf,3,163938,GR_DATASET\pdfs\Environment Department\202403041550434904...pdf,Downloaded,2026-07-27 22:26:30
Environment Department,"Regarding approval and distribution of funds to Deoli Lake at Deoli, Chalisgaon District, Jalgaon District under the State Lake Conservation Scheme",202402281625049604,28-02-2024,268,https://gr.maharashtra.gov.in/Site/Upload/Government%20Resolutions/English/202402281625049604.pdf,2,274345,GR_DATASET\pdfs\Environment Department\202402281625049604.pdf,Downloaded,2026-07-27 22:26:31
Environment Department,Regarding the in-principle approval and disbursement of funds to the Aadhaarwadi lake conservation proposal in Kalyan Dombivli Municipal Corporation under the State Lake Conservation Scheme.,202402271423272104,27-02-2024,791,https://gr.maharashtra.gov.in/Site/Upload/Government%20Resolutions/English/202402271423272104.pdf,5,809670,GR_DATASET\pdfs\Environment Department\202402271423272104.pdf,Downloaded,2026-07-27 22:26:32
Environment Department,Regarding in-principle approval and disbursement of funds to Vitthalwadi lake conservation proposal under Kalyan Dombivli Municipal Corporation under the State Lake Conservation Scheme.,202402271425303004,27-02-2024,789,https://gr.maharashtra.gov.in/Site/Upload/Government%20Resolutions/English/202402271425303004.pdf,4,807782,GR_DATASET\pdfs\Environment Department\202402271425303004.pdf,Downloaded,2026-07-27 22:26:33
Environment Department,Regarding approval in principle and disbursement of funds for Nandivali lake conservation proposal in Kalyan Dombivali Municipal Corporation under State Lake Conservation Scheme.,202402271428173004,27-02-2024,789,https://gr.maharashtra.gov.in/Site/Upload/Government%20Resolutions/English/202402271428173004.pdf,4,807874,GR_DATASET\pdfs\Environment Department\202402271428173004.pdf,Downloaded,2026-07-27 22:26:34
Environment Department,Regarding in-principle approval and disbursement of funds to the Shila Lake conservation proposal in the Thane Municipal Corporation under the State Lake Conservation Scheme.,202402271429482104,27-02-2024,788,https://gr.maharashtra.gov.in/Site/Upload/Government%20Resolutions/English/202402271429482104.pdf,5,806665,GR_DATASET\pdfs\Environment Department\202402271429482104.pdf,Downloaded,2026-07-27 22:26:35
Environment Department,Regarding in-principle approval and disbursement of funds to the Khardi Lake conservation proposal within the Thane Municipal Corporation under the State Lake Conservation Scheme.,202402271431338104,27-02-2024,788,https://gr.maharashtra.gov.in/Site/Upload/Government%20Resolutions/English/202402271431338104.pdf,5,806596,GR_DATASET\pdfs\Environment Department\202402271431338104.pdf,Downloaded,2026-07-27 22:26:36
Environment Department,Regarding approval in principle and disbursement of funds for Gokul Nagar lake conservation proposal in Thane Municipal Corporation under the State Lake Conservation Scheme.,202402271433044004,27-02-2024,788,https://gr.maharashtra.gov.in/Site/Upload/Government%20Resolutions/English/202402271433044004.pdf,5,806778,GR_DATASET\pdfs\Environment Department\202402271433044004.pdf,Downloaded,2026-07-27 22:26:37
Environment Department,Regarding approval in principle and disbursement of funds for Siddheshwar lake conservation proposal in Thane Municipal Corporation under the State Lake Conservation Scheme.,202402271434362204,27-02-2024,787,https://gr.maharashtra.gov.in/Site/Upload/Government%20Resolutions/English/202402271434362204.pdf,4,805626,GR_DATASET\pdfs\Environment Department\202402271434362204.pdf,Downloaded,2026-07-27 22:26:38
Environment Department,Regarding the in-principle approval and distribution of funds for the Turfepada Lake (Phase-2) conservation proposal under the State Lake Conservation Scheme within Thane Municipal Corporation limits.,202402271435582504,27-02-2024,788,https://gr.maharashtra.gov.in/Site/Upload/Government%20Resolutions/English/202402271435582504.pdf,5,807388,GR_DATASET\pdfs\Environment Department\202402271435582504.pdf,Downloaded,2026-07-27 22:26:38
Environment Department,"Mauje Vasgade under the State Lake Conservation Scheme, Karveer, Dist. Regarding the in-principle approval and disbursement of funds to the village pond conservation proposal at Kolhapur",202402271437252204,27-02-2024,779,https://gr.maharashtra.gov.in/Site/Upload/Government%20Resolutions/English/202402271437252204.pdf,4,797716,GR_DATASET\pdfs\Environment Department\202402271437252204.pdf,Downloaded,2026-07-27 22:26:39
Environment Department,"Fun under the State Lake Conservation Scheme. Chinchwali, Mangaon District Regarding the in-principle approval and disbursement of funds for the lake conservation proposal at Raigad.",202402271439182104,27-02-2024,791,https://gr.maharashtra.gov.in/Site/Upload/Government%20Resolutions/English/202402271439182104.pdf,4,809478,GR_DATASET\pdfs\Environment Department\202402271439182104.pdf,Downloaded,2026-07-27 22:26:40
Environment Department,"Mauje Vadap under State Lake Conservation Scheme, Karjat, Dist. Regarding the in-principle approval and disbursement of funds for the lake conservation proposal at Raigad.",202402271440486504,27-02-2024,790,https://gr.maharashtra.gov.in/Site/Upload/Government%20Resolutions/English/202402271440486504.pdf,4,808642,GR_DATASET\pdfs\Environment Department\202402271440486504.pdf,Downloaded,2026-07-27 22:26:41
Environment Department,Regarding in-principle approval and disbursement of funds for the Bageshwari Lake (Phase-2) conservation proposal under the State Lake Conservation Scheme in Murbad Municipal Council limits.,202402271442137904,27-02-2024,893,https://gr.maharashtra.gov.in/Site/Upload/Government%20Resolutions/English/202402271442137904.pdf,5,914849,GR_DATASET\pdfs\Environment Department\202402271442137904.pdf,Downloaded,2026-07-27 22:26:42
Environment Department,"Visapur under State Lake Conservation Scheme Chalisgaon, Dist. Jalgaon Regarding approval and distribution of funds to Visapur Lake here.",202402271445223504,27-02-2024,203,https://gr.maharashtra.gov.in/Site/Upload/Government%20Resolutions/English/202402271445223504.pdf,2,207793,GR_DATASET\pdfs\Environment Department\202402271445223504.pdf,Downloaded,2026-07-27 22:26:43
Environment Department,"Under the State Lake Conservation Scheme, Mauje Dhamangaon, Tt. Bhiwandi, Dist. Regarding grant of final approval along with administrative approval to Dhamangaon Lake at Thane.",202402271447355104....,27-02-2024,226,https://gr.maharashtra.gov.in/Site/Upload/Government%20Resolutions/English/202402271447355104.....pdf,9,232050,GR_DATASET\pdfs\Environment Department\202402271447355104.....pdf,Downloaded,2026-07-27 22:26:43
Environment Department,"Under the State Lake Conservation Scheme Mauje Washere, Bhiwandi, Dist. Regarding grant of final approval along with administrative approval to Vashere Lake at Thane.",202402271450505504,27-02-2024,227,https://gr.maharashtra.gov.in/Site/Upload/Government%20Resolutions/English/202402271450505504.pdf,9,232486,GR_DATASET\pdfs\Environment Department\202402271450505504.pdf,Downloaded,2026-07-27 22:26:44
Environment Department,"Mauje Vadpe under the State Lake Conservation Scheme, Bhiwandi, Dist. Regarding grant of final approval along with administrative approval to Vadpe Lake at Thane.",202402271452528804,27-02-2024,245,https://gr.maharashtra.gov.in/Site/Upload/Government%20Resolutions/English/202402271452528804.pdf,9,251187,GR_DATASET\pdfs\Environment Department\202402271452528804.pdf,Downloaded,2026-07-27 22:26:45
Environment Department,Regarding the in-principle approval and disbursement of funds to the Ramtirtha Lake conservation proposal under the State Lake Conservation Scheme within Chiplun Municipal Council limits.,202402261206571104,26-02-2024,811,https://gr.maharashtra.gov.in/Site/Upload/Government%20Resolutions/English/202402261206571104.pdf,5,830794,GR_DATASET\pdfs\Environment Department\202402261206571104.pdf,Downloaded,2026-07-27 22:26:46
Environment Department,"Regarding giving administrative approval to the Detailed Project Report (DPR) submitted by the local bodies for the works to be undertaken out of the prize money received under Majhi Vasundhara Abhiyan 2.0. Samudrapur Nagar Panchayat, District Wardha",202402231935567504,23-02-2024,602,https://gr.maharashtra.gov.in/Site/Upload/Government%20Resolutions/English/202402231935567504.pdf,4,616612,GR_DATASET\pdfs\Environment Department\202402231935567504.pdf,Downloaded,2026-07-27 22:26:47
Environment Department,"Regarding giving administrative approval to the Detailed Project Report (DPR) submitted by the local bodies for the works to be undertaken out of the prize money received under Majhi Vasundhara Abhiyan 1.0. Niphad Nagar Panchayat, District Nashik",202402231934375904,23-02-2024,609,https://gr.maharashtra.gov.in/Site/Upload/Government%20Resolutions/English/202402231934375904.pdf,4,623353,GR_DATASET\pdfs\Environment Department\202402231934375904.pdf,Downloaded,2026-07-27 22:26:47
Environment Department,"Regarding giving administrative approval to the Detailed Project Report (DPR) submitted by the local bodies for the works to be undertaken out of the prize money received under Majhi Vasundhara Abhiyan 2.0. Sindewahi-Lonwahi Nagar Panchayat, Distt. Chandrapur",202402231939282704,23-02-2024,608,https://gr.maharashtra.gov.in/Site/Upload/Government%20Resolutions/English/202402231939282704.pdf,4,622868,GR_DATASET\pdfs\Environment Department\202402231939282704.pdf,Downloaded,2026-07-27 22:26:49
Environment Department,"Regarding giving administrative approval to the Detailed Project Report (DPR) submitted by the local bodies for the works to be undertaken out of the prize money received under Majhi Vasundhara Abhiyan 3.0. Vadegaon Gram Panchayat, Tiroda, Dist. Gondia",202402231941227804,23-02-2024,606,https://gr.maharashtra.gov.in/Site/Upload/Government%20Resolutions/English/202402231941227804.pdf,4,620096,GR_DATASET\pdfs\Environment Department\202402231941227804.pdf,Downloaded,2026-07-27 22:26:50
Environment Department,"Regarding giving administrative approval to the Detailed Project Report (DPR) submitted by the local bodies for the works to be undertaken out of the prize money received under Majhi Vasundhara Abhiyan 3.0. Karanja Gram Panchayat, Dist. Gondia",202402231943151304,23-02-2024,607,https://gr.maharashtra.gov.in/Site/Upload/Government%20Resolutions/English/202402231943151304.pdf,4,621121,GR_DATASET\pdfs\Environment Department\202402231943151304.pdf,Downloaded,2026-07-27 22:26:51
Environment Department,"Regarding giving administrative approval to the Detailed Project Report (DPR) submitted by the local bodies for the works to be undertaken out of the prize money received under Majhi Vasundhara Abhiyan 3.0. Davalamati Gram Panchayat, Dist. Nagpur",202402231945296304,23-02-2024,612,https://gr.maharashtra.gov.in/Site/Upload/Government%20Resolutions/English/202402231945296304.pdf,5,626914,GR_DATASET\pdfs\Environment Department\202402231945296304.pdf,Downloaded,2026-07-27 22:26:52
Environment Department,"Regarding giving administrative approval to the Detailed Project Report (DPR) submitted by the local bodies for the works to be undertaken out of the prize money received under Majhi Vasundhara Abhiyan 2.0. Patoda Gram Panchayat, District Chhatrapati Sambhajinagar",202402231947343104,23-02-2024,606,https://gr.maharashtra.gov.in/Site/Upload/Government%20Resolutions/English/202402231947343104.pdf,4,620666,GR_DATASET\pdfs\Environment Department\202402231947343104.pdf,Downloaded,2026-07-27 22:26:53
Environment Department,"Regarding giving administrative approval to the Detailed Project Report (DPR) submitted by the local bodies for the works to be undertaken out of the prize money received under Majhi Vasundhara Abhiyan 3.0. Patoda Gram Panchayat, Distt. Chhatrapati Sambhajinagar",202402231949453504,23-02-2024,606,https://gr.maharashtra.gov.in/Site/Upload/Government%20Resolutions/English/202402231949453504.pdf,4,620684,GR_DATASET\pdfs\Environment Department\202402231949453504.pdf,Downloaded,2026-07-27 22:26:54
Environment Department,"Regarding giving administrative approval to the Detailed Project Report (DPR) submitted by the local bodies for the works to be undertaken out of the prize money received under Majhi Vasundhara Abhiyan 2.0. Manyachiwadi Gram Panchayat, Patan, District Satara",202402231951481204,23-02-2024,608,https://gr.maharashtra.gov.in/Site/Upload/Government%20Resolutions/English/202402231951481204.pdf,4,622105,GR_DATASET\pdfs\Environment Department\202402231951481204.pdf,Downloaded,2026-07-27 22:26:54
Environment Department,"Regarding giving administrative approval to the Detailed Project Report (DPR) submitted by the local bodies for the works to be undertaken out of the prize money received under Majhi Vasundhara Abhiyan 3.0. Manyachiwadi Gram Panchayat, Patan, District Satara",202402231953437704,23-02-2024,608,https://gr.maharashtra.gov.in/Site/Upload/Government%20Resolutions/English/202402231953437704.pdf,4,622120,GR_DATASET\pdfs\Environment Department\202402231953437704.pdf,Downloaded,2026-07-27 22:26:55
Environment Department,"Regarding giving administrative approval to the Detailed Project Report (DPR) submitted by the local bodies for the works to be undertaken out of the prize money received under Majhi Vasundhara Abhiyan 3.0. Ghatnandre Gram Panchayat, Kavthemahankal, District Sangli",202402231955350604,23-02-2024,604,https://gr.maharashtra.gov.in/Site/Upload/Government%20Resolutions/English/202402231955350604.pdf,4,618682,GR_DATASET\pdfs\Environment Department\202402231955350604.pdf,Downloaded,2026-07-27 22:26:56
Environment Department,"Regarding giving administrative approval to the Detailed Project Report (DPR) submitted by the local bodies for the works to be undertaken out of the prize money received under Majhi Vasundhara Abhiyan 3.0. Dharangutti Gram Panchayat, Shirol, District Kolhapur",202402231957541204,23-02-2024,611,https://gr.maharashtra.gov.in/Site/Upload/Government%20Resolutions/English/202402231957541204.pdf,5,625587,GR_DATASET\pdfs\Environment Department\202402231957541204.pdf,Downloaded,2026-07-27 22:26:57
Environment Department,"Regarding giving administrative approval to the Detailed Project Report (DPR) submitted by the local bodies for the works to be undertaken out of the prize money received under Majhi Vasundhara Abhiyan 1.0. Chinaval Gram Panchayat, Raver, Dist. Jalgaon",202402231959575604,23-02-2024,603,https://gr.maharashtra.gov.in/Site/Upload/Government%20Resolutions/English/202402231959575604.pdf,4,616990,GR_DATASET\pdfs\Environment Department\202402231959575604.pdf,Downloaded,2026-07-27 22:26:58
Environment Department,"Regarding giving administrative approval to the Detailed Project Report (DPR) submitted by the local bodies for the works to be undertaken out of the prize money received under Majhi Vasundhara Abhiyan 2.0. Jarud Gram Panchayat, Varud, Dist. Amravati",202402232001480104,23-02-2024,604,https://gr.maharashtra.gov.in/Site/Upload/Government%20Resolutions/English/202402232001480104.pdf,4,618376,GR_DATASET\pdfs\Environment Department\202402232001480104.pdf,Downloaded,2026-07-27 22:26:59
Environment Department,"Regarding giving administrative approval to the Detailed Project Report (DPR) submitted by the local bodies for the works to be undertaken out of the prize money received under Majhi Vasundhara Abhiyan 3.0. Boradi Gram Panchayat, Shirpur, District Dhule",202402232003503004,23-02-2024,609,https://gr.maharashtra.gov.in/Site/Upload/Government%20Resolutions/English/202402232003503004.pdf,4,623350,GR_DATASET\pdfs\Environment Department\202402232003503004.pdf,Downloaded,2026-07-27 22:27:01
Environment Department,"Regarding giving administrative approval to the Detailed Project Report (DPR) submitted by the local bodies for the works to be undertaken out of the prize money received under Majhi Vasundhara Abhiyan 3.0. Malkhed Bu. Gram Panchayat, Ner, Dist. Yavatmal",202402232005567704,23-02-2024,605,https://gr.maharashtra.gov.in/Site/Upload/Government%20Resolutions/English/202402232005567704.pdf,4,619104,GR_DATASET\pdfs\Environment Department\202402232005567704.pdf,Downloaded,2026-07-27 22:27:01
Environment Department,"Regarding giving administrative approval to the Detailed Project Report (DPR) submitted by the local bodies for the works to be undertaken out of the prize money received under Majhi Vasundhara Abhiyan 3.0. Tigaon Gram Panchayat, Ta Sangamner District Ahmednagar",202402232007582204,23-02-2024,613,https://gr.maharashtra.gov.in/Site/Upload/Government%20Resolutions/English/202402232007582204.pdf,5,627382,GR_DATASET\pdfs\Environment Department\202402232007582204.pdf,Downloaded,2026-07-27 22:27:03
Environment Department,"Mauje Devoli under the State Lake Conservation Scheme, Ambernath, Dist. Regarding the in-principle approval and disbursement of funds for the village lake conservation proposal at Thane.",202402232021523304,23-02-2024,789,https://gr.maharashtra.gov.in/Site/Upload/Government%20Resolutions/English/202402232021523304.pdf,4,808218,GR_DATASET\pdfs\Environment Department\202402232021523304.pdf,Downloaded,2026-07-27 22:27:04
Environment Department,"Mauje Wangani under the State Lake Conservation Scheme, Ambernath, Dist. Regarding the in-principle approval and disbursement of funds for the village lake conservation proposal at Thane.",202402232021586304,23-02-2024,789,https://gr.maharashtra.gov.in/Site/Upload/Government%20Resolutions/English/202402232021586304.pdf,4,808353,GR_DATASET\pdfs\Environment Department\202402232021586304.pdf,Downloaded,2026-07-27 22:27:07
Environment Department,"Under the State Lake Conservation Scheme Mauje Kanhor, Tt. Ambernath, Dist. Regarding the in-principle approval and disbursement of funds for the village lake conservation proposal at Thane.",202402232021277904,23-02-2024,790,https://gr.maharashtra.gov.in/Site/Upload/Government%20Resolutions/English/202402232021277904.pdf,4,809066,GR_DATASET\pdfs\Environment Department\202402232021277904.pdf,Downloaded,2026-07-27 22:27:08
Environment Department,"Mauje Khoni under State Lake Conservation Scheme, Bhiwandi, Dist. Regarding the in-principle approval and disbursement of funds for the village lake conservation proposal at Thane.",202402232021372604,23-02-2024,780,https://gr.maharashtra.gov.in/Site/Upload/Government%20Resolutions/English/202402232021372604.pdf,4,798350,GR_DATASET\pdfs\Environment Department\202402232021372604.pdf,Downloaded,2026-07-27 22:27:10
Environment Department,"Mauje Katai under the State Lake Conservation Scheme, Bhiwandi, Dist. Regarding the in-principle approval and disbursement of funds for the village lake conservation proposal at Thane.",202402232021456704,23-02-2024,780,https://gr.maharashtra.gov.in/Site/Upload/Government%20Resolutions/English/202402232021456704.pdf,4,798320,GR_DATASET\pdfs\Environment Department\202402232021456704.pdf,Downloaded,2026-07-27 22:27:11
Environment Department,"Activities under the State Lake Conservation Scheme, Bhiwandi, Dist. Regarding the in-principle approval and disbursement of funds for the village lake conservation proposal at Thane.",202402232022053904,23-02-2024,780,https://gr.maharashtra.gov.in/Site/Upload/Government%20Resolutions/English/202402232022053904.pdf,4,798497,GR_DATASET\pdfs\Environment Department\202402232022053904.pdf,Downloaded,2026-07-27 22:27:11
Environment Department,"Mauje Dive Kevani under the State Lake Conservation Scheme, Bhiwandi, Dist. Regarding the in-principle approval and disbursement of funds for the village lake conservation proposal at Thane.",202402232022131104,23-02-2024,788,https://gr.maharashtra.gov.in/Site/Upload/Government%20Resolutions/English/202402232022131104.pdf,4,806956,GR_DATASET\pdfs\Environment Department\202402232022131104.pdf,Downloaded,2026-07-27 22:27:13
Environment Department,"Mauje Nandkar under Lake Conservation Scheme, Bhiwandi, Dist. Regarding the in-principle approval and disbursement of funds for the village lake conservation proposal at Thane.",202402232022194004,23-02-2024,789,https://gr.maharashtra.gov.in/Site/Upload/Government%20Resolutions/English/202402232022194004.pdf,4,808437,GR_DATASET\pdfs\Environment Department\202402232022194004.pdf,Downloaded,2026-07-27 22:27:14
Environment Department,"Under State Lake Conservation Scheme, Mauje Paigaon, Tt. Bhiwandi, Dist. Regarding the in-principle approval and disbursement of funds for the village lake conservation proposal at Thane.",202402232022268204,23-02-2024,787,https://gr.maharashtra.gov.in/Site/Upload/Government%20Resolutions/English/202402232022268204.pdf,4,806280,GR_DATASET\pdfs\Environment Department\202402232022268204.pdf,Downloaded,2026-07-27 22:27:14
Environment Department,"Mauje Zidke under the State Lake Conservation Scheme, p. Bhiwandi, Dist. Regarding the in-principle approval and disbursement of funds for the village lake conservation proposal at Thane.",202402232022332204,23-02-2024,790,https://gr.maharashtra.gov.in/Site/Upload/Government%20Resolutions/English/202402232022332204.pdf,4,809228,GR_DATASET\pdfs\Environment Department\202402232022332204.pdf,Downloaded,2026-07-27 22:27:15
Environment Department,Regarding the in-principle approval and disbursement of funds to the Tadepura lake conservation proposal under the State Lake Conservation Scheme within Amalner Municipal Council limits.,202402232022401404,23-02-2024,790,https://gr.maharashtra.gov.in/Site/Upload/Government%20Resolutions/English/202402232022401404.pdf,4,808485,GR_DATASET\pdfs\Environment Department\202402232022401404.pdf,Downloaded,2026-07-27 22:27:16
Environment Department,"Regarding giving administrative approval to the Detailed Project Report (DPR) submitted by the local bodies for the works to be undertaken out of the prize money received under Majhi Vasundhara Abhiyan 3.0. Wardha Municipal Council, Wardha",202402231645109504,23-02-2024,588,https://gr.maharashtra.gov.in/Site/Upload/Government%20Resolutions/English/202402231645109504.pdf,4,601907,GR_DATASET\pdfs\Environment Department\202402231645109504.pdf,Downloaded,2026-07-27 22:27:17
Environment Department,"Regarding giving administrative approval to the Detailed Project Report (DPR) submitted by the local bodies for the works to be undertaken out of the prize money received under Majhi Vasundhara Abhiyan 3.0. Mohol Municipal Council, Mohol, District Solapur",202402231647118204,23-02-2024,604,https://gr.maharashtra.gov.in/Site/Upload/Government%20Resolutions/English/202402231647118204.pdf,4,618923,GR_DATASET\pdfs\Environment Department\202402231647118204.pdf,Downloaded,2026-07-27 22:27:18
Environment Department,"Regarding giving administrative approval to the Detailed Project Report (DPR) submitted by the local bodies for the works to be undertaken out of the prize money received under Majhi Vasundhara Abhiyan 3.0. Bhusawal Municipal Council, Bhusawal, District Jalgaon",202402231651249304,23-02-2024,605,https://gr.maharashtra.gov.in/Site/Upload/Government%20Resolutions/English/202402231651249304.pdf,4,619737,GR_DATASET\pdfs\Environment Department\202402231651249304.pdf,Downloaded,2026-07-27 22:27:19
Environment Department,"Regarding giving administrative approval to the Detailed Project Report (DPR) submitted by the local bodies for the works to be undertaken out of the prize money received under Majhi Vasundhara Abhiyan 3.0. Chalisgaon Municipal Council, Distt. Jalgaon",202402231654269404,23-02-2024,609,https://gr.maharashtra.gov.in/Site/Upload/Government%20Resolutions/English/202402231654269404.pdf,4,623592,GR_DATASET\pdfs\Environment Department\202402231654269404.pdf,Downloaded,2026-07-27 22:27:20
Environment Department,"Regarding giving administrative approval to the Detailed Project Report (DPR) submitted by the local bodies for the works to be undertaken out of the prize money received under Majhi Vasundhara Abhiyan 3.0. Mahad Municipal Council, District Raigad",202402231657255404,23-02-2024,612,https://gr.maharashtra.gov.in/Site/Upload/Government%20Resolutions/English/202402231657255404.pdf,5,626771,GR_DATASET\pdfs\Environment Department\202402231657255404.pdf,Downloaded,2026-07-27 22:27:21
Environment Department,"Regarding giving administrative approval to the Detailed Project Report (DPR) submitted by the local bodies for the works to be undertaken out of the prize money received under Majhi Vasundhara Abhiyan 3.0. Khapa Municipal Council, Khapa, Distt. Nagpur",202402231700370704,23-02-2024,607,https://gr.maharashtra.gov.in/Site/Upload/Government%20Resolutions/English/202402231700370704.pdf,4,622021,GR_DATASET\pdfs\Environment Department\202402231700370704.pdf,Downloaded,2026-07-27 22:27:22
Environment Department,"Regarding giving administrative approval to the Detailed Project Report (DPR) submitted by the local bodies for the works to be undertaken out of the prize money received under Majhi Vasundhara Abhiyan 3.0. Sonpeth Municipal Council, District Parbhani",202402231703062404,23-02-2024,604,https://gr.maharashtra.gov.in/Site/Upload/Government%20Resolutions/English/202402231703062404.pdf,4,618158,GR_DATASET\pdfs\Environment Department\202402231703062404.pdf,Downloaded,2026-07-27 22:27:23
Environment Department,"Regarding giving administrative approval to the Detailed Project Report (DPR) submitted by the local bodies for the works to be undertaken out of the prize money received under Majhi Vasundhara Abhiyan 3.0. Umred Municipal Council, District Nagpur",202402231705273704,23-02-2024,613,https://gr.maharashtra.gov.in/Site/Upload/Government%20Resolutions/English/202402231705273704.pdf,5,627966,GR_DATASET\pdfs\Environment Department\202402231705273704.pdf,Downloaded,2026-07-27 22:27:24
Environment Department,"Under the State Lake Conservation Scheme, Group Village Panchayat Tol Budruk, Tt. Mahad, Dist. Regarding grant of final approval along with administrative approval to Locust Pond at Raigad",202402231715543704...,23-02-2024,227,https://gr.maharashtra.gov.in/Site/Upload/Government%20Resolutions/English/202402231715543704....pdf,9,232641,GR_DATASET\pdfs\Environment Department\202402231715543704....pdf,Downloaded,2026-07-27 22:27:24
Environment Department,"Under the State Lake Conservation Scheme, Chimbhawe Mohalla, Tt. Mahad, Dist. Regarding grant of final approval along with administrative approval to Chimbhave Mohalla Lake at Raigad.",202402231731256404....,23-02-2024,389,https://gr.maharashtra.gov.in/Site/Upload/Government%20Resolutions/English/202402231731256404.....pdf,9,398474,GR_DATASET\pdfs\Environment Department\202402231731256404.....pdf,Downloaded,2026-07-27 22:27:25
Environment Department,"Mauje Kokre under the State Lake Conservation Scheme, Mahad, Dist. Regarding grant of final approval along with administrative approval to Kokre Lake at Raigad.",202402231735333904...,23-02-2024,225,https://gr.maharashtra.gov.in/Site/Upload/Government%20Resolutions/English/202402231735333904....pdf,9,230622,GR_DATASET\pdfs\Environment Department\202402231735333904....pdf,Downloaded,2026-07-27 22:27:26
Environment Department,"Mauje Dasgaon under State Lake Conservation Scheme Mahad, Dist. Regarding grant of final approval along with administrative approval to Dasgaon Lake at Raigad.",202402231738592904...,23-02-2024,250,https://gr.maharashtra.gov.in/Site/Upload/Government%20Resolutions/English/202402231738592904....pdf,9,256441,GR_DATASET\pdfs\Environment Department\202402231738592904....pdf,Downloaded,2026-07-27 22:27:27
Environment Department,"Fun Show under State Lake Conservation Scheme, p. Mangaon, Distt. Regarding grant of final approval along with administrative approval to Dakhne Lake at Raigad.",202402231742186304...,23-02-2024,226,https://gr.maharashtra.gov.in/Site/Upload/Government%20Resolutions/English/202402231742186304....pdf,9,231814,GR_DATASET\pdfs\Environment Department\202402231742186304....pdf,Downloaded,2026-07-27 22:27:27
Environment Department,"Mauje Nandvi under the State Lake Conservation Scheme, Mangaon, Distt. Regarding grant of final approval along with administrative approval to Nandvi Lake at Raigad",202402231746100804.......,23-02-2024,251,https://gr.maharashtra.gov.in/Site/Upload/Government%20Resolutions/English/202402231746100804........pdf,9,257965,GR_DATASET\pdfs\Environment Department\202402231746100804........pdf,Downloaded,2026-07-27 22:27:28
Environment Department,"Regarding giving administrative approval to the Detailed Project Report (DPR) submitted by the local bodies for the works to be undertaken out of the prize money received under Majhi Vasundhara Abhiyan 2.0. Panhala Girishthan Municipal Council, Distt. Kolhapur",202402231910566204,23-02-2024,604,https://gr.maharashtra.gov.in/Site/Upload/Government%20Resolutions/English/202402231910566204.pdf,4,618154,GR_DATASET\pdfs\Environment Department\202402231910566204.pdf,Downloaded,2026-07-27 22:27:29
Environment Department,Regarding giving administrative approval to the Detailed Project Report (DPR) submitted by the local bodies for the works to be undertaken out of the prize money received under Majhi Vasundhara Abhiyan 3.0. Panhala Girishthan Municipal Council,202402231913049504,23-02-2024,606,https://gr.maharashtra.gov.in/Site/Upload/Government%20Resolutions/English/202402231913049504.pdf,4,620101,GR_DATASET\pdfs\Environment Department\202402231913049504.pdf,Downloaded,2026-07-27 22:27:30
Environment Department,Regarding giving administrative approval to the Detailed Project Report (DPR) submitted by the local bodies for the works to be undertaken out of the prize money received under Majhi Vasundhara Abhiyan 2.0. Baramati Municipal Council,202402231915174404,23-02-2024,607,https://gr.maharashtra.gov.in/Site/Upload/Government%20Resolutions/English/202402231915174404.pdf,4,621587,GR_DATASET\pdfs\Environment Department\202402231915174404.pdf,Downloaded,2026-07-27 22:27:31
Environment Department,Regarding giving administrative approval to the Detailed Project Report (DPR) submitted by the local bodies for the works to be undertaken out of the prize money received under Majhi Vasundhara Abhiyan 3.0. Baramati Municipal Council,202402231917527104,23-02-2024,608,https://gr.maharashtra.gov.in/Site/Upload/Government%20Resolutions/English/202402231917527104.pdf,4,622140,GR_DATASET\pdfs\Environment Department\202402231917527104.pdf,Downloaded,2026-07-27 22:27:31
Environment Department,Regarding giving administrative approval to the Detailed Project Report (DPR) submitted by the local bodies for the works to be undertaken out of the prize money received under Majhi Vasundhara Abhiyan 3.0. Barshi Municipal Council,202402231919506004,23-02-2024,610,https://gr.maharashtra.gov.in/Site/Upload/Government%20Resolutions/English/202402231919506004.pdf,5,624244,GR_DATASET\pdfs\Environment Department\202402231919506004.pdf,Downloaded,2026-07-27 22:27:32
Environment Department,"Regarding giving administrative approval to the Detailed Project Report (DPR) submitted by the local bodies for the works to be undertaken out of the prize money received under Majhi Vasundhara Abhiyan 3.0. Trimbak Municipal Council, Trimbakeshwar, District Nashik",202402231922280004,23-02-2024,614,https://gr.maharashtra.gov.in/Site/Upload/Government%20Resolutions/English/202402231922280004.pdf,5,629057,GR_DATASET\pdfs\Environment Department\202402231922280004.pdf,Downloaded,2026-07-27 22:27:33
Environment Department,"Regarding giving administrative approval to the Detailed Project Report (DPR) submitted by the local bodies for the works to be undertaken out of the prize money received under Majhi Vasundhara Abhiyan 3.0. Panchgani Girishthan Municipal Council, Panchgani",202402231924459104,23-02-2024,609,https://gr.maharashtra.gov.in/Site/Upload/Government%20Resolutions/English/202402231924459104.pdf,5,623235,GR_DATASET\pdfs\Environment Department\202402231924459104.pdf,Downloaded,2026-07-27 22:27:34
Environment Department,"Regarding giving administrative approval to the Detailed Project Report (DPR) submitted by the local bodies for the works to be undertaken out of the prize money received under Majhi Vasundhara Abhiyan 3.0. Hingoli Municipal Council, Hingoli",202402231927372904,23-02-2024,611,https://gr.maharashtra.gov.in/Site/Upload/Government%20Resolutions/English/202402231927372904.pdf,5,625629,GR_DATASET\pdfs\Environment Department\202402231927372904.pdf,Downloaded,2026-07-27 22:27:35
Environment Department,"Regarding giving administrative approval to the Detailed Project Report (DPR) submitted by the local bodies for the works to be undertaken out of the prize money received under Majhi Vasundhara Abhiyan 3.0. Shirdi Municipal Council, Shirdi, District Ahmednagar",202402231929382904,23-02-2024,604,https://gr.maharashtra.gov.in/Site/Upload/Government%20Resolutions/English/202402231929382904.pdf,4,618857,GR_DATASET\pdfs\Environment Department\202402231929382904.pdf,Downloaded,2026-07-27 22:27:36
Environment Department,"Regarding giving administrative approval to the Detailed Project Report (DPR) submitted by the local bodies for the works to be undertaken out of the prize money received under Majhi Vasundhara Abhiyan 3.0. Desaiganj Municipal Council, District Gadchiroli",202402231932166504,23-02-2024,609,https://gr.maharashtra.gov.in/Site/Upload/Government%20Resolutions/English/202402231932166504.pdf,4,624013,GR_DATASET\pdfs\Environment Department\202402231932166504.pdf,Downloaded,2026-07-27 22:27:37
Environment Department,Regarding giving administrative approval to the Detailed Project Report (DPR) submitted by the local bodies for the works to be undertaken out of the prize money received under Majhi Vasundhara Abhiyan 3.0. Mira Bhayander Municipal Corporation,202402231628018204,23-02-2024,616,https://gr.maharashtra.gov.in/Site/Upload/Government%20Resolutions/English/202402231628018204.pdf,6,630917,GR_DATASET\pdfs\Environment Department\202402231628018204.pdf,Downloaded,2026-07-27 22:27:37
Environment Department,"Regarding giving administrative approval to the Detailed Project Report (DPR) submitted by the local bodies for the works to be undertaken out of the prize money received under Majhi Vasundhara Abhiyan 2.0. Kalyan Dombivli Municipal Corporation, Kalyan",202402231631406104,23-02-2024,604,https://gr.maharashtra.gov.in/Site/Upload/Government%20Resolutions/English/202402231631406104.pdf,4,618393,GR_DATASET\pdfs\Environment Department\202402231631406104.pdf,Downloaded,2026-07-27 22:27:38
Environment Department,Regarding giving administrative approval to the Detailed Project Report (DPR) submitted by the local bodies for the works to be undertaken out of the prize money received under Majhi Vasundhara Abhiyan 3.0. Chhatrapati Sambhajinagar Municipal Corporation,202402231634201704,23-02-2024,602,https://gr.maharashtra.gov.in/Site/Upload/Government%20Resolutions/English/202402231634201704.pdf,4,616318,GR_DATASET\pdfs\Environment Department\202402231634201704.pdf,Downloaded,2026-07-27 22:27:39
Environment Department,"Regarding giving administrative approval to the Detailed Project Report (DPR) submitted by the local bodies for the works to be undertaken out of the prize money received under Majhi Vasundhara Abhiyan 1.0. Nashik Municipal Corporation, Nashik",202402231636417304,23-02-2024,604,https://gr.maharashtra.gov.in/Site/Upload/Government%20Resolutions/English/202402231636417304.pdf,4,618619,GR_DATASET\pdfs\Environment Department\202402231636417304.pdf,Downloaded,2026-07-27 22:27:40
Environment Department,"Regarding giving administrative approval to the Detailed Project Report (DPR) submitted by the local bodies for the works to be undertaken out of the prize money received under Majhi Vasundhara Abhiyan 3.0. Satara Municipal Council, Satara",202402231638522204,23-02-2024,611,https://gr.maharashtra.gov.in/Site/Upload/Government%20Resolutions/English/202402231638522204.pdf,5,625686,GR_DATASET\pdfs\Environment Department\202402231638522204.pdf,Downloaded,2026-07-27 22:27:41
Environment Department,"Regarding giving administrative approval to the Detailed Project Report (DPR) submitted by the local bodies for the works to be undertaken out of the prize money received under Majhi Vasundhara Abhiyan 3.0. Malkapur Municipal Council, District Kolhapur",202402231641538404,23-02-2024,606,https://gr.maharashtra.gov.in/Site/Upload/Government%20Resolutions/English/202402231641538404.pdf,4,620811,GR_DATASET\pdfs\Environment Department\202402231641538404.pdf,Downloaded,2026-07-27 22:27:42
Environment Department,Regarding giving administrative approval to the Detailed Project Report (DPR) submitted by the local bodies for the works to be undertaken out of the prize money received under Majhi Vasundhara Abhiyan 2.0. Buldhana Municipal Council,202402231641327804,23-02-2024,590,https://gr.maharashtra.gov.in/Site/Upload/Government%20Resolutions/English/202402231641327804.pdf,4,604030,GR_DATASET\pdfs\Environment Department\202402231641327804.pdf,Downloaded,2026-07-27 22:27:43
Environment Department,"Regarding giving administrative approval to the Detailed Project Report (DPR) submitted by the local bodies for the works to be undertaken out of the prize money received under Majhi Vasundhara Abhiyan 3.0. Buldhana Municipal Council, Buldhana",202402231644323104,23-02-2024,604,https://gr.maharashtra.gov.in/Site/Upload/Government%20Resolutions/English/202402231644323104.pdf,4,618223,GR_DATASET\pdfs\Environment Department\202402231644323104.pdf,Downloaded,2026-07-27 22:27:44
Environment Department,"Approved under State Lake Conservation Scheme Mauje Vadange, District Karveer, Distt. Regarding cancellation of administrative approval of Vadangay lake conservation proposal at Kolhapur.",202402071707564304,07-02-2024,162,https://gr.maharashtra.gov.in/Site/Upload/Government%20Resolutions/English/202402071707564304.pdf,4,165801,GR_DATASET\pdfs\Environment Department\202402071707564304.pdf,Downloaded,2026-07-27 22:27:45
Environment Department,Regarding setting up of coordination committee to take measures to control air pollution in Mumbai metropolitan area,204202051645446204..,05-02-2024,178,https://gr.maharashtra.gov.in/Site/Upload/Government%20Resolutions/English/204202051645446204...pdf,5,182496,GR_DATASET\pdfs\Environment Department\204202051645446204...pdf,Downloaded,2026-07-27 22:27:45
Environment Department,"Regarding recognition and distribution of funds to Kalamadu Lake at Kalamadu, Chalisgaon, District Jalgaon under the State Lake Conservation Scheme.",202402011436473104,01-02-2024,507,https://gr.maharashtra.gov.in/Site/Upload/Government%20Resolutions/English/202402011436473104.pdf,4,519075,GR_DATASET\pdfs\Environment Department\202402011436473104.pdf,Downloaded,2026-07-27 22:27:46
Environment Department,"Regarding recognition and distribution of funds to Devli Lake at Deoli, Chalisgaon, District Jalgaon under the State Lake Conservation Scheme.",202402011439486904,01-02-2024,507,https://gr.maharashtra.gov.in/Site/Upload/Government%20Resolutions/English/202402011439486904.pdf,4,518700,GR_DATASET\pdfs\Environment Department\202402011439486904.pdf,Downloaded,2026-07-27 22:27:47
Environment Department,"Brahmanshevage under State Lake Conservation Scheme, Chalisgaon, Dist. Regarding approval and disbursement of funds to Brahmanshevge Lake at Jalgaon.",202402011441543304,01-02-2024,507,https://gr.maharashtra.gov.in/Site/Upload/Government%20Resolutions/English/202402011441543304.pdf,4,519033,GR_DATASET\pdfs\Environment Department\202402011441543304.pdf,Downloaded,2026-07-27 22:27:48
Environment Department,"Regarding approval and distribution of funds to Rajmane Lake at Rajmane, Chalisgaon, District Jalgaon under the State Lake Conservation Scheme",202402011444586004,01-02-2024,507,https://gr.maharashtra.gov.in/Site/Upload/Government%20Resolutions/English/202402011444586004.pdf,4,518928,GR_DATASET\pdfs\Environment Department\202402011444586004.pdf,Downloaded,2026-07-27 22:27:49
Environment Department,"Regarding recognition and distribution of funds to Visapur Lake at Visapur, Chalisgaon, District Jalgaon under the State Lake Conservation Scheme",202402011447293204,01-02-2024,507,https://gr.maharashtra.gov.in/Site/Upload/Government%20Resolutions/English/202402011447293204.pdf,4,518804,GR_DATASET\pdfs\Environment Department\202402011447293204.pdf,Downloaded,2026-07-27 22:27:50
Environment Department,Regarding distribution of prize money to the highest performing local bodies under Majhi Vasundhara Abhiyan 1.0 and determining the procedure for allocation of prize money.,202401231256268004,23-01-2024,730,https://gr.maharashtra.gov.in/Site/Upload/Government%20Resolutions/English/202401231256268004.pdf,2,747960,GR_DATASET\pdfs\Environment Department\202401231256268004.pdf,Downloaded,2026-07-27 22:27:50
Environment Department,"Regarding recognition and distribution of funds to Kokare Lake at Mauje Kokare, Sub Mahad, District Raigad under the State Lake Conservation Scheme.",202401181729223304,18-01-2024,505,https://gr.maharashtra.gov.in/Site/Upload/Government%20Resolutions/English/202401181729223304.pdf,4,517625,GR_DATASET\pdfs\Environment Department\202401181729223304.pdf,Downloaded,2026-07-27 22:27:51
Environment Department,"Under the state lake conservation scheme, village Vashere, Bhinwandi district, district Regarding approval and disbursement of funds to Vashere Lake in Thane.",202401181730156804,18-01-2024,507,https://gr.maharashtra.gov.in/Site/Upload/Government%20Resolutions/English/202401181730156804.pdf,5,519109,GR_DATASET\pdfs\Environment Department\202401181730156804.pdf,Downloaded,2026-07-27 22:27:52
Environment Department,"Under the State Lake Conservation Scheme, Mr. Khanav, Regarding approval and disbursement of funds to Nagliche Lake at Alibaug, District Raigad.",202401181731521404,18-01-2024,509,https://gr.maharashtra.gov.in/Site/Upload/Government%20Resolutions/English/202401181731521404.pdf,5,521010,GR_DATASET\pdfs\Environment Department\202401181731521404.pdf,Downloaded,2026-07-27 22:27:53
Environment Department,"Under the State Lake Conservation Scheme, Chimbhawe Mohalla, Tt. Regarding approval and disbursement of funds to Chimbhave Mohalla Lake at Mahad, District Raigad.",202401181733577504,18-01-2024,509,https://gr.maharashtra.gov.in/Site/Upload/Government%20Resolutions/English/202401181733577504.pdf,5,520966,GR_DATASET\pdfs\Environment Department\202401181733577504.pdf,Downloaded,2026-07-27 22:27:54
Environment Department,"Usroli Group Gram Panchayat under State Lake Conservation Scheme, Murud, Dist. Regarding approval and disbursement of funds to Usroli Lake at Raigad",202401181733391204,18-01-2024,510,https://gr.maharashtra.gov.in/Site/Upload/Government%20Resolutions/English/202401181733391204.pdf,5,521773,GR_DATASET\pdfs\Environment Department\202401181733391204.pdf,Downloaded,2026-07-27 22:27:55
Environment Department,"Under the State Lake Conservation Scheme, Group Village Panchayat Tol Budruk, Tt. Mahad, Dist. Regarding approval and disbursement of funds to Locust Lake at Raigad.",202401181736102304,18-01-2024,507,https://gr.maharashtra.gov.in/Site/Upload/Government%20Resolutions/English/202401181736102304.pdf,5,519447,GR_DATASET\pdfs\Environment Department\202401181736102304.pdf,Downloaded,2026-07-27 22:27:56
Environment Department,"Under the State Lake Conservation Scheme, Mr. Dasgaon, Mahad, Dist. Regarding approval and disbursement of funds to Dasgaon Lake at Raigad.",202401181737570104,18-01-2024,507,https://gr.maharashtra.gov.in/Site/Upload/Government%20Resolutions/English/202401181737570104.pdf,5,519287,GR_DATASET\pdfs\Environment Department\202401181737570104.pdf,Downloaded,2026-07-27 22:27:57
Environment Department,"Under the State Lake Conservation Scheme, Maun Nandvi, District Mangaon, Distt. Regarding approval and disbursement of funds to Nandvi Lake at Raigad.",202401181739433104,18-01-2024,507,https://gr.maharashtra.gov.in/Site/Upload/Government%20Resolutions/English/202401181739433104.pdf,5,519575,GR_DATASET\pdfs\Environment Department\202401181739433104.pdf,Downloaded,2026-07-27 22:27:58
Environment Department,"Under the State Lake Conservation Scheme, Maud Dakhne, Mangaon, Distt. Regarding approval and disbursement of funds to Dakhne Lake at Raigad.",202401181742240904,18-01-2024,507,https://gr.maharashtra.gov.in/Site/Upload/Government%20Resolutions/English/202401181742240904.pdf,5,519548,GR_DATASET\pdfs\Environment Department\202401181742240904.pdf,Downloaded,2026-07-27 22:27:59
Environment Department,"Mauje Vadpe under the State Lake Conservation Scheme, Bhiwandi, Dist. Regarding approval and disbursement of funds to Vadpe Lake in Thane.",202401181744040204,18-01-2024,507,https://gr.maharashtra.gov.in/Site/Upload/Government%20Resolutions/English/202401181744040204.pdf,5,519453,GR_DATASET\pdfs\Environment Department\202401181744040204.pdf,Downloaded,2026-07-27 22:27:59
Environment Department,"Under the State Lake Conservation Scheme, Mauje Dhamangaon, District Bhiwandi, Distt. Regarding approval and disbursement of funds to Dhamangaon Lake in Thane.",202401181745327104,18-01-2024,507,https://gr.maharashtra.gov.in/Site/Upload/Government%20Resolutions/English/202401181745327104.pdf,5,519384,GR_DATASET\pdfs\Environment Department\202401181745327104.pdf,Downloaded,2026-07-27 22:28:00
Environment Department,"Mauje Sudkoli under the State Lake Conservation Scheme, Alibaug, Dist. Raigad Regarding approval and disbursement of funds to Sudkoli Lake here.",202401181747102204,18-01-2024,510,https://gr.maharashtra.gov.in/Site/Upload/Government%20Resolutions/English/202401181747102204.pdf,5,521945,GR_DATASET\pdfs\Environment Department\202401181747102204.pdf,Downloaded,2026-07-27 22:28:01
Environment Department,"Recreation under the State Lake Conservation Scheme. Beloshi, Alibaug, Dist. Regarding approval and disbursement of funds to Beloshi Lake at Raigad.",202401181748409104,18-01-2024,510,https://gr.maharashtra.gov.in/Site/Upload/Government%20Resolutions/English/202401181748409104.pdf,5,522030,GR_DATASET\pdfs\Environment Department\202401181748409104.pdf,Downloaded,2026-07-27 22:28:02
Environment Department,"Regarding the nomination (Empanelment) of expert companies to provide technical advice to the local tree authority and other authorities in relation to plantation, preservation, protection and felling of trees.",202401161114249304,15-01-2024,147,https://gr.maharashtra.gov.in/Site/Upload/Government%20Resolutions/English/202401161114249304.pdf,3,150816,GR_DATASET\pdfs\Environment Department\202401161114249304.pdf,Downloaded,2026-07-27 22:28:03
Environment Department,"Regarding recognition and distribution of funds to Yashwant Gangasagar Lake at Mauje Gadmudshingi, T.Karveer, District Kolhapur under the State Lake Conservation Scheme.",202401111554089204,11-01-2024,508,https://gr.maharashtra.gov.in/Site/Upload/Government%20Resolutions/English/202401111554089204.pdf,4,520451,GR_DATASET\pdfs\Environment Department\202401111554089204.pdf,Downloaded,2026-07-27 22:28:04
Environment Department,Regarding giving administrative approval to the Detailed Project Report (DPR) submitted by the local bodies for the works to be undertaken out of the prize money received under Majhi Vasundhara Abhiyan 3.0. Navi Mumbai Municipal Corporation,202401081847479004,08-01-2024,767,https://gr.maharashtra.gov.in/Site/Upload/Government%20Resolutions/English/202401081847479004.pdf,5,785703,GR_DATASET\pdfs\Environment Department\202401081847479004.pdf,Downloaded,2026-07-27 22:28:05
Environment Department,Regarding giving administrative approval to the Detailed Project Report (DPR) submitted by the local bodies for the works to be undertaken out of the prize money received under Majhi Vasundhara Abhiyan 1.0. Navi Mumbai Municipal Corporation,202401081851299104,08-01-2024,766,https://gr.maharashtra.gov.in/Site/Upload/Government%20Resolutions/English/202401081851299104.pdf,4,783893,GR_DATASET\pdfs\Environment Department\202401081851299104.pdf,Downloaded,2026-07-27 22:28:06
Environment Department,Regarding giving administrative approval to the Detailed Project Report (DPR) submitted by the local bodies for the works to be undertaken out of the prize money received under Majhi Vasundhara Abhiyan 3.0.Amravati Municipal Corporation,202401081854519004,08-01-2024,772,https://gr.maharashtra.gov.in/Site/Upload/Government%20Resolutions/English/202401081854519004.pdf,6,790754,GR_DATASET\pdfs\Environment Department\202401081854519004.pdf,Downloaded,2026-07-27 22:28:07
Environment Department,Regarding giving administrative approval to the Detailed Project Report (DPR) submitted by the local bodies for the works to be undertaken out of the prize money received under Majhi Vasundhara Abhiyan 2.0. Navi Mumbai Municipal Corporation,202401081857498004,08-01-2024,767,https://gr.maharashtra.gov.in/Site/Upload/Government%20Resolutions/English/202401081857498004.pdf,5,785564,GR_DATASET\pdfs\Environment Department\202401081857498004.pdf,Downloaded,2026-07-27 22:28:08
Environment Department,Regarding giving administrative approval to the Detailed Project Report (DPR) submitted by the local bodies for the works to be undertaken out of the prize money received under Majhi Vasundhara Abhiyan 2.0. Amravati Municipal Corporation,202401081900509004,08-01-2024,774,https://gr.maharashtra.gov.in/Site/Upload/Government%20Resolutions/English/202401081900509004.pdf,6,792251,GR_DATASET\pdfs\Environment Department\202401081900509004.pdf,Downloaded,2026-07-27 22:28:09
Environment Department,Regarding giving administrative approval to the Detailed Project Report (DPR) submitted by the local bodies for the works to be undertaken out of the prize money received under Majhi Vasundhara Abhiyan 2.0. Hingoli Municipal Corporation,202401081903407404.,08-01-2024,741,https://gr.maharashtra.gov.in/Site/Upload/Government%20Resolutions/English/202401081903407404..pdf,4,759484,GR_DATASET\pdfs\Environment Department\202401081903407404..pdf,Downloaded,2026-07-27 22:28:10
Environment Department,Regarding giving administrative approval to the Detailed Project Report (DPR) submitted by the local bodies for the works to be undertaken out of the prize money received under Majhi Vasundhara Abhiyan 2.0. Chhatrapati Sambhajinagar Municipal Corporation,202401081915582904,08-01-2024,762,https://gr.maharashtra.gov.in/Site/Upload/Government%20Resolutions/English/202401081915582904.pdf,4,779937,GR_DATASET\pdfs\Environment Department\202401081915582904.pdf,Downloaded,2026-07-27 22:28:11
Environment Department,Regarding giving administrative approval to the Detailed Project Report (DPR) submitted by the local bodies for the works to be undertaken out of the prize money received under Majhi Vasundhara Abhiyan 2.0. Municipal Council Shirdi,202401081918599004,08-01-2024,762,https://gr.maharashtra.gov.in/Site/Upload/Government%20Resolutions/English/202401081918599004.pdf,4,780760,GR_DATASET\pdfs\Environment Department\202401081918599004.pdf,Downloaded,2026-07-27 22:28:12
Environment Department,Regarding giving administrative approval to the Detailed Project Report (DPR) submitted by the local bodies for the works to be undertaken out of the prize money received under Majhi Vasundhara Abhiyan 2.0. Municipal Council Karad,202401081921479204,08-01-2024,762,https://gr.maharashtra.gov.in/Site/Upload/Government%20Resolutions/English/202401081921479204.pdf,4,779992,GR_DATASET\pdfs\Environment Department\202401081921479204.pdf,Downloaded,2026-07-27 22:28:12
Environment Department,Regarding giving administrative approval to the Detailed Project Report (DPR) submitted by the local bodies for the works to be undertaken out of the prize money received under Majhi Vasundhara Abhiyan 3.0. Municipal Council Karad,202401081924299104,08-01-2024,762,https://gr.maharashtra.gov.in/Site/Upload/Government%20Resolutions/English/202401081924299104.pdf,4,780126,GR_DATASET\pdfs\Environment Department\202401081924299104.pdf,Downloaded,2026-07-27 22:28:13
Environment Department,Regarding giving administrative approval to the Detailed Project Report (DPR) submitted by the local bodies for the works to be undertaken out of the prize money received under Majhi Vasundhara Abhiyan 2.0. Nagar Panchayat Akole,202401081927539104.,08-01-2024,774,https://gr.maharashtra.gov.in/Site/Upload/Government%20Resolutions/English/202401081927539104..pdf,4,792732,GR_DATASET\pdfs\Environment Department\202401081927539104..pdf,Downloaded,2026-07-27 22:28:14
Environment Department,Regarding giving administrative approval to the Detailed Project Report (DPR) submitted by the local bodies for the works to be undertaken out of the prize money received under Majhi Vasundhara Abhiyan 3.0. Nagar Panchayat Dahiwadi,202401081930509104,08-01-2024,763,https://gr.maharashtra.gov.in/Site/Upload/Government%20Resolutions/English/202401081930509104.pdf,4,781239,GR_DATASET\pdfs\Environment Department\202401081930509104.pdf,Downloaded,2026-07-27 22:28:15
Environment Department,Regarding giving administrative approval to the Detailed Project Report (DPR) submitted by the local bodies for the works to be undertaken out of the prize money received under Majhi Vasundhara Abhiyan 2.0. Gram Panchayat Ganore,202401081933479104,08-01-2024,767,https://gr.maharashtra.gov.in/Site/Upload/Government%20Resolutions/English/202401081933479104.pdf,5,785658,GR_DATASET\pdfs\Environment Department\202401081933479104.pdf,Downloaded,2026-07-27 22:28:16
Environment Department,Regarding giving administrative approval to the Detailed Project Report (DPR) submitted by the local bodies for the works to be undertaken out of the prize money received under Majhi Vasundhara Abhiyan 2.0. Gram Panchayat Saundad,202401081936219004,08-01-2024,764,https://gr.maharashtra.gov.in/Site/Upload/Government%20Resolutions/English/202401081936219004.pdf,4,782764,GR_DATASET\pdfs\Environment Department\202401081936219004.pdf,Downloaded,2026-07-27 22:28:17
Environment Department,Regarding giving administrative approval to the Detailed Project Report (DPR) submitted by the local bodies for the works to be undertaken out of the prize money received under Majhi Vasundhara Abhiyan 2.0. Nagar Panchayat Malegaon Bu.,202401081939102604,08-01-2024,764,https://gr.maharashtra.gov.in/Site/Upload/Government%20Resolutions/English/202401081939102604.pdf,4,781835,GR_DATASET\pdfs\Environment Department\202401081939102604.pdf,Downloaded,2026-07-27 22:28:18
Environment Department,Regarding giving administrative approval to the Detailed Project Report (DPR) submitted by the local bodies for the works to be undertaken out of the prize money received under Majhi Vasundhara Abhiyan 2.0. Gram Panchayat Gavan,202401081942138104,08-01-2024,765,https://gr.maharashtra.gov.in/Site/Upload/Government%20Resolutions/English/202401081942138104.pdf,4,783803,GR_DATASET\pdfs\Environment Department\202401081942138104.pdf,Downloaded,2026-07-27 22:28:19
Environment Department,Regarding giving administrative approval to the Detailed Project Report (DPR) submitted by the local bodies for the works to be undertaken out of the prize money received under Majhi Vasundhara Abhiyan 3.0. Gram Panchayat Vadgaon,202401081945086304,08-01-2024,764,https://gr.maharashtra.gov.in/Site/Upload/Government%20Resolutions/English/202401081945086304.pdf,4,782303,GR_DATASET\pdfs\Environment Department\202401081945086304.pdf,Downloaded,2026-07-27 22:28:20
Environment Department,Regarding giving administrative approval to the Detailed Project Report (DPR) submitted by the local bodies for the works to be undertaken out of the prize money received under Majhi Vasundhara Abhiyan 1.0. Gram Panchayat Mirajgaon,202401081948346104,08-01-2024,764,https://gr.maharashtra.gov.in/Site/Upload/Government%20Resolutions/English/202401081948346104.pdf,4,782132,GR_DATASET\pdfs\Environment Department\202401081948346104.pdf,Downloaded,2026-07-27 22:28:21
Environment Department,To promote bamboo cultivation in the state and review it from time to time Hon. Regarding the formation of a task force under the chairmanship of the Chief Minister.,202401031636532204,03-01-2024,146,https://gr.maharashtra.gov.in/Site/Upload/Government%20Resolutions/English/202401031636532204.pdf,3,149965,GR_DATASET\pdfs\Environment Department\202401031636532204.pdf,Downloaded,2026-07-27 22:28:21
Environment Department,Regarding release of Provisional Seniority List dated 1/1/2023 of Officers in Scientist Grade-2 Cadre eligible for promotion to the post of Scientist Grade-1,202401021635510804..,02-01-2024,311,https://gr.maharashtra.gov.in/Site/Upload/Government%20Resolutions/English/202401021635510804...pdf,2,318899,GR_DATASET\pdfs\Environment Department\202401021635510804...pdf,Downloaded,2026-07-27 22:28:22
Environment Department,"Pare under the State Lake Conservation Scheme, Regarding approval and disbursement of funds to Pare (Dargoba) Lake at Khanapur, District Sangli.",202312271510048204,27-12-2023,506,https://gr.maharashtra.gov.in/Site/Upload/Government%20Resolutions/English/202312271510048204.pdf,4,518405,GR_DATASET\pdfs\Environment Department\202312271510048204.pdf,Downloaded,2026-07-27 22:28:23
Environment Department,"Atpati under the State Lake Conservation Scheme, Regarding approval and distribution of funds to Atpati Lake in Atpati, District Sangli.",202312271513169004,27-12-2023,174,https://gr.maharashtra.gov.in/Site/Upload/Government%20Resolutions/English/202312271513169004.pdf,4,178006,GR_DATASET\pdfs\Environment Department\202312271513169004.pdf,Downloaded,2026-07-27 22:28:23
Environment Department,"Under the State Lake Conservation Scheme, Dhavaleshwar, Tt. Regarding approval and disbursement of funds to Dhavaleshwar Lake at Dhavaleshwar, Khanapur.",202312271515418304,27-12-2023,174,https://gr.maharashtra.gov.in/Site/Upload/Government%20Resolutions/English/202312271515418304.pdf,4,178661,GR_DATASET\pdfs\Environment Department\202312271515418304.pdf,Downloaded,2026-07-27 22:28:24
Environment Department,"Regarding approving and disbursing funds to Juveligaon Lake in Kulgaon Badlapur Municipal Council, District Thane under the State Lake Conservation Scheme.",202312271519304204,27-12-2023,174,https://gr.maharashtra.gov.in/Site/Upload/Government%20Resolutions/English/202312271519304204.pdf,5,177865,GR_DATASET\pdfs\Environment Department\202312271519304204.pdf,Downloaded,2026-07-27 22:28:25
Environment Department,"Regarding recognition and distribution of funds to Katrapagaon Lake in Kulgaon Badlapur Municipal Council, District Thane under the State Lake Conservation Scheme",202312271517168204,27-12-2023,508,https://gr.maharashtra.gov.in/Site/Upload/Government%20Resolutions/English/202312271517168204.pdf,5,520091,GR_DATASET\pdfs\Environment Department\202312271517168204.pdf,Downloaded,2026-07-27 22:28:26
Environment Department,"Under State Lake Conservation Scheme, Manmad- Devghat, Regarding granting administrative approval to the Mahadev Temple Storage Pond proposal at Malegaon, District Nashik.",202311091648432504,09-11-2023,467,https://gr.maharashtra.gov.in/Site/Upload/Government%20Resolutions/English/202311091648432504.pdf,8,477823,GR_DATASET\pdfs\Environment Department\202311091648432504.pdf,Downloaded,2026-07-27 22:28:27
Environment Department,"Vehelgaon under State Lake Conservation Scheme Regarding granting administrative approval to Vehelgaon lake conservation proposal at Nandgaon, District Nashik.",202311091649262604,09-11-2023,366,https://gr.maharashtra.gov.in/Site/Upload/Government%20Resolutions/English/202311091649262604.pdf,8,374298,GR_DATASET\pdfs\Environment Department\202311091649262604.pdf,Downloaded,2026-07-27 22:28:27
Environment Department,"Under the State Lake Conservation Scheme, Amberle, Tt. Regarding grant of administrative approval to Katalcha Kond Lake at Mangaon, District Raigad.",202311091652132604,09-11-2023,307,https://gr.maharashtra.gov.in/Site/Upload/Government%20Resolutions/English/202311091652132604.pdf,8,314081,GR_DATASET\pdfs\Environment Department\202311091652132604.pdf,Downloaded,2026-07-27 22:28:28
Environment Department,"Under the State Lake Conservation Scheme, Mr. Malgund, Dist. Regarding granting administrative approval to Shubrakamal lake conservation proposal at Ratnagiri.",202311091655502604,09-11-2023,168,https://gr.maharashtra.gov.in/Site/Upload/Government%20Resolutions/English/202311091655502604.pdf,8,172056,GR_DATASET\pdfs\Environment Department\202311091655502604.pdf,Downloaded,2026-07-27 22:28:29
Environment Department,"Under the State Lake Conservation Scheme, Mr. Dancing, Dist. Regarding grant of administrative approval to Nachne Lake conservation proposal at Ratnagiri.",202311091659138204,09-11-2023,239,https://gr.maharashtra.gov.in/Site/Upload/Government%20Resolutions/English/202311091659138204.pdf,8,244741,GR_DATASET\pdfs\Environment Department\202311091659138204.pdf,Downloaded,2026-07-27 22:28:29
Environment Department,"Mau Mau under the State Lake Conservation Scheme. Regarding grant of administrative approval to Phansop (Valvan) pond at Phansop, Taluka, Dist.Ratnagiri.",202311091702510404,09-11-2023,312,https://gr.maharashtra.gov.in/Site/Upload/Government%20Resolutions/English/202311091702510404.pdf,8,319016,GR_DATASET\pdfs\Environment Department\202311091702510404.pdf,Downloaded,2026-07-27 22:28:30
Environment Department,"Under the State Lake Conservation Scheme, Mr. Chandore, Regarding granting administrative approval to Shiva Mandir (Chandore) lake conservation proposal at Mangaon, District Raigad.",202311091706004104,09-11-2023,230,https://gr.maharashtra.gov.in/Site/Upload/Government%20Resolutions/English/202311091706004104.pdf,8,235669,GR_DATASET\pdfs\Environment Department\202311091706004104.pdf,Downloaded,2026-07-27 22:28:31
Environment Department,Regarding granting administrative approval to Daivagna Bhawan Lake Conservation Proposal under Ratnagiri Municipal Council Area under State Lake Conservation Scheme.,202311091711217304,09-11-2023,329,https://gr.maharashtra.gov.in/Site/Upload/Government%20Resolutions/English/202311091711217304.pdf,8,336542,GR_DATASET\pdfs\Environment Department\202311091711217304.pdf,Downloaded,2026-07-27 22:28:32
Environment Department,Regarding granting administrative approval to Teli Ali lake conservation proposal under Ratnagiri Nagar Parishad limits under State Lake Conservation Scheme.,202311091714172404,09-11-2023,236,https://gr.maharashtra.gov.in/Site/Upload/Government%20Resolutions/English/202311091714172404.pdf,8,241685,GR_DATASET\pdfs\Environment Department\202311091714172404.pdf,Downloaded,2026-07-27 22:28:32
Environment Department,Regarding re-allocation of funds for project works implemented by Municipal Council for environmental protection of V.A.Ghatge lake in Kagal city.,202311091716582504,09-11-2023,477,https://gr.maharashtra.gov.in/Site/Upload/Government%20Resolutions/English/202311091716582504.pdf,2,488519,GR_DATASET\pdfs\Environment Department\202311091716582504.pdf,Downloaded,2026-07-27 22:28:33
Environment Department,Regarding giving administrative approval to the Detailed Project Report (DPR) submitted by the local bodies for the works to be undertaken out of the prize money received under Majhi Vasundhara Abhiyan 1.0. Hingoli Municipal Council,202310261551557404,26-10-2023,891,https://gr.maharashtra.gov.in/Site/Upload/Government%20Resolutions/English/202310261551557404.pdf,4,911977,GR_DATASET\pdfs\Environment Department\202310261551557404.pdf,Downloaded,2026-07-27 22:28:34
Environment Department,"Regarding appointment of Non-Governmental / Expert members in the State Wetland Authority, constituted as per Government Resolution dated 06.02.2018, as well as amending the structure of Technical Committee.",202310201208186304,20-10-2023,161,https://gr.maharashtra.gov.in/Site/Upload/Government%20Resolutions/English/202310201208186304.pdf,5,164629,GR_DATASET\pdfs\Environment Department\202310201208186304.pdf,Downloaded,2026-07-27 22:28:35
Environment Department,"Regarding making available the matching share deposited in the SNA account by Mahanirti to the Nagpur Metropolitan Regional Development Authority for the implementation of the project works of Koradi Lake, Nagpur under the National Plan for Conservation of Aquatic Eco-systems (NPCA) sponsored by the Central Government.",202310111308272304,11-10-2023,323,https://gr.maharashtra.gov.in/Site/Upload/Government%20Resolutions/English/202310111308272304.pdf,3,330865,GR_DATASET\pdfs\Environment Department\202310111308272304.pdf,Downloaded,2026-07-27 22:28:36
Environment Department,Regarding giving administrative approval to the Detailed Project Report (DPR) submitted by the local bodies for the works to be undertaken out of the prize money received under Majhi Vasundhara Abhiyan 2.0.Solapur Municipal Corporation,202310111838070604,11-10-2023,1200,https://gr.maharashtra.gov.in/Site/Upload/Government%20Resolutions/English/202310111838070604.pdf,4,1228508,GR_DATASET\pdfs\Environment Department\202310111838070604.pdf,Downloaded,2026-07-27 22:28:37
Environment Department,Regarding giving administrative approval to the Detailed Project Report (DPR) submitted by the local bodies for the works to be undertaken out of the prize money received under Majhi Vasundhara Abhiyan 2.0.Ahmednagar Municipal Corporation,202310111849225104,11-10-2023,1203,https://gr.maharashtra.gov.in/Site/Upload/Government%20Resolutions/English/202310111849225104.pdf,4,1232074,GR_DATASET\pdfs\Environment Department\202310111849225104.pdf,Downloaded,2026-07-27 22:28:38
Environment Department,Regarding giving administrative approval to the Detailed Project Report (DPR) submitted by the local bodies for the works to be undertaken out of the prize money received under Majhi Vasundhara Abhiyan 2.0. Mira Bhayander Municipal Corporation,202310111859174404,11-10-2023,1207,https://gr.maharashtra.gov.in/Site/Upload/Government%20Resolutions/English/202310111859174404.pdf,5,1235653,GR_DATASET\pdfs\Environment Department\202310111859174404.pdf,Downloaded,2026-07-27 22:28:39
Environment Department,Regarding giving administrative approval to the Detailed Project Report (DPR) submitted by the local bodies for the works to be undertaken out of the prize money received under Majhi Vasundhara Abhiyan 2.0.Chandrapur Municipal Corporation,202310111907023304,11-10-2023,1200,https://gr.maharashtra.gov.in/Site/Upload/Government%20Resolutions/English/202310111907023304.pdf,4,1228421,GR_DATASET\pdfs\Environment Department\202310111907023304.pdf,Downloaded,2026-07-27 22:28:40
Environment Department,Regarding giving administrative approval to the Detailed Project Report (DPR) submitted by the local bodies for the works to be undertaken out of the prize money received under Majhi Vasundhara Abhiyan 2.0.Satara Municipal Council,202310111911280604,11-10-2023,1201,https://gr.maharashtra.gov.in/Site/Upload/Government%20Resolutions/English/202310111911280604.pdf,4,1229392,GR_DATASET\pdfs\Environment Department\202310111911280604.pdf,Downloaded,2026-07-27 22:28:42
Environment Department,Regarding giving administrative approval to the Detailed Project Report (DPR) submitted by the local bodies for the works to be undertaken out of the prize money received under Majhi Vasundhara Abhiyan 2.0.Murgud Municipal Council,202310111915502404,11-10-2023,1200,https://gr.maharashtra.gov.in/Site/Upload/Government%20Resolutions/English/202310111915502404.pdf,4,1229158,GR_DATASET\pdfs\Environment Department\202310111915502404.pdf,Downloaded,2026-07-27 22:28:43
Environment Department,Regarding giving administrative approval to the Detailed Project Report (DPR) submitted by the local bodies for the works to be undertaken out of the prize money received under Majhi Vasundhara Abhiyan 2.0. Some Nagar Panchayats,202310111919422004,11-10-2023,1201,https://gr.maharashtra.gov.in/Site/Upload/Government%20Resolutions/English/202310111919422004.pdf,4,1230155,GR_DATASET\pdfs\Environment Department\202310111919422004.pdf,Downloaded,2026-07-27 22:28:44
Environment Department,Regarding giving administrative approval to the Detailed Project Report (DPR) submitted by the local bodies for the works to be undertaken out of the prize money received under Majhi Vasundhara Abhiyan 2.0.Palam Nagar Panchayat,202310111923577904,11-10-2023,1203,https://gr.maharashtra.gov.in/Site/Upload/Government%20Resolutions/English/202310111923577904.pdf,4,1231677,GR_DATASET\pdfs\Environment Department\202310111923577904.pdf,Downloaded,2026-07-27 22:28:45
Environment Department,Regarding giving administrative approval to the Detailed Project Report (DPR) submitted by the local bodies for the works to be undertaken out of the prize money received under Majhi Vasundhara Abhiyan 2.0.Chandgarh Nagar Panchayat,202310111927488604,11-10-2023,1202,https://gr.maharashtra.gov.in/Site/Upload/Government%20Resolutions/English/202310111927488604.pdf,4,1230618,GR_DATASET\pdfs\Environment Department\202310111927488604.pdf,Downloaded,2026-07-27 22:28:46
Environment Department,Regarding giving administrative approval to the Detailed Project Report (DPR) submitted by the local bodies for the works to be undertaken out of the prize money received under Majhi Vasundhara Abhiyan 2.0.Shendurjana Ghat Municipal Council,202310111932255004,11-10-2023,1209,https://gr.maharashtra.gov.in/Site/Upload/Government%20Resolutions/English/202310111932255004.pdf,5,1237827,GR_DATASET\pdfs\Environment Department\202310111932255004.pdf,Downloaded,2026-07-27 22:28:47
Environment Department,Regarding giving administrative approval to the Detailed Project Report (DPR) submitted by the local bodies for the works to be undertaken out of the prize money received under Majhi Vasundhara Abhiyan 2.0.Dahivadi Nagar Panchayat,202310111937584804,11-10-2023,1201,https://gr.maharashtra.gov.in/Site/Upload/Government%20Resolutions/English/202310111937584804.pdf,4,1229645,GR_DATASET\pdfs\Environment Department\202310111937584804.pdf,Downloaded,2026-07-27 22:28:48
Environment Department,Regarding giving administrative approval to the Detailed Project Report (DPR) submitted by the local bodies for the works to be undertaken out of the prize money received under Majhi Vasundhara Abhiyan 2.0.Shendurni Nagar Panchayat,202310111942394404,11-10-2023,1202,https://gr.maharashtra.gov.in/Site/Upload/Government%20Resolutions/English/202310111942394404.pdf,4,1231294,GR_DATASET\pdfs\Environment Department\202310111942394404.pdf,Downloaded,2026-07-27 22:28:48
Environment Department,Regarding giving administrative approval to the Detailed Project Report (DPR) submitted by the local bodies for the works to be undertaken out of the prize money received under Majhi Vasundhara Abhiyan 2.0.Shirsathe Gram Panchayat,202310111947199904,11-10-2023,1203,https://gr.maharashtra.gov.in/Site/Upload/Government%20Resolutions/English/202310111947199904.pdf,4,1231637,GR_DATASET\pdfs\Environment Department\202310111947199904.pdf,Downloaded,2026-07-27 22:28:49
Environment Department,Regarding giving administrative approval to the Detailed Project Report (DPR) submitted by the local bodies for the works to be undertaken out of the prize money received under Majhi Vasundhara Abhiyan 2.0.Sindkhed Gram Panchayat,202310111951393504,11-10-2023,1032,https://gr.maharashtra.gov.in/Site/Upload/Government%20Resolutions/English/202310111951393504.pdf,4,1056308,GR_DATASET\pdfs\Environment Department\202310111951393504.pdf,Downloaded,2026-07-27 22:28:50
Environment Department,Regarding giving administrative approval to the Detailed Project Report (DPR) submitted by the local bodies for the works to be undertaken out of the prize money received under Majhi Vasundhara Abhiyan 3.0.Sindkhed Gram Panchayat,202310112003379804,11-10-2023,1207,https://gr.maharashtra.gov.in/Site/Upload/Government%20Resolutions/English/202310112003379804.pdf,5,1236095,GR_DATASET\pdfs\Environment Department\202310112003379804.pdf,Downloaded,2026-07-27 22:28:51
Environment Department,Regarding giving administrative approval to the Detailed Project Report (DPR) submitted by the local bodies for the works to be undertaken out of the prize money received under Majhi Vasundhara Abhiyan 2.0. Dhule Municipal Corporation,202310112011310604,11-10-2023,1205,https://gr.maharashtra.gov.in/Site/Upload/Government%20Resolutions/English/202310112011310604.pdf,4,1233658,GR_DATASET\pdfs\Environment Department\202310112011310604.pdf,Downloaded,2026-07-27 22:28:52
Environment Department,Regarding giving administrative approval to the Detailed Project Report (DPR) submitted by the local bodies for the works to be undertaken out of the prize money received under Majhi Vasundhara Abhiyan 1.0.Jamner Municipal Council,202310112016292904,11-10-2023,1200,https://gr.maharashtra.gov.in/Site/Upload/Government%20Resolutions/English/202310112016292904.pdf,4,1228669,GR_DATASET\pdfs\Environment Department\202310112016292904.pdf,Downloaded,2026-07-27 22:28:53
Environment Department,Regarding giving administrative approval to the Detailed Project Report (DPR) submitted by the local bodies for the works to be undertaken out of the prize money received under Majhi Vasundhara Abhiyan 3.0.Vaijapur Municipal Council,202310112020398304,11-10-2023,1207,https://gr.maharashtra.gov.in/Site/Upload/Government%20Resolutions/English/202310112020398304.pdf,4,1235710,GR_DATASET\pdfs\Environment Department\202310112020398304.pdf,Downloaded,2026-07-27 22:28:54
Environment Department,Regarding giving administrative approval to the Detailed Project Report (DPR) submitted by the local bodies for the works to be undertaken out of the prize money received under Majhi Vasundhara Abhiyan 3.0.Gadhinglaj Municipal Council,202310112025232204,11-10-2023,1324,https://gr.maharashtra.gov.in/Site/Upload/Government%20Resolutions/English/202310112025232204.pdf,4,1356047,GR_DATASET\pdfs\Environment Department\202310112025232204.pdf,Downloaded,2026-07-27 22:28:55
Environment Department,Regarding giving administrative approval to the Detailed Project Report (DPR) submitted by the local bodies for the works to be undertaken out of the prize money received under Majhi Vasundhara Abhiyan 2.0.Nandgaon Khandeshwar Nagar Panchayat,202310112032262504,11-10-2023,1208,https://gr.maharashtra.gov.in/Site/Upload/Government%20Resolutions/English/202310112032262504.pdf,4,1236637,GR_DATASET\pdfs\Environment Department\202310112032262504.pdf,Downloaded,2026-07-27 22:28:56
Environment Department,Regarding implementation of Majhi Vasundhara Abhiyan 4.0 in local bodies of the state.,202310031723330904......,27-09-2023,16214,https://gr.maharashtra.gov.in/Site/Upload/Government%20Resolutions/English/202310031723330904.......pdf,913,16603425,GR_DATASET\pdfs\Environment Department\202310031723330904.......pdf,Downloaded,2026-07-27 22:29:08
Environment Department,Modalities for effective implementation of Notification dated 01.03.2023 regarding prohibition of Nylon/ Synthetic Manja.,202308251526371504,25-08-2023,299,https://gr.maharashtra.gov.in/Site/Upload/Government%20Resolutions/English/202308251526371504.pdf,3,306677,GR_DATASET\pdfs\Environment Department\202308251526371504.pdf,Downloaded,2026-07-27 22:29:09
Environment Department,Modalities for effective implementation of Notification dated 01.03.2023 regarding prohibition of Nylon/ Synthetic Manja.,202308251542131904,25-08-2023,98,https://gr.maharashtra.gov.in/Site/Upload/Government%20Resolutions/English/202308251542131904.pdf,2,100884,GR_DATASET\pdfs\Environment Department\202308251542131904.pdf,Downloaded,2026-07-27 22:29:09
Environment Department,Regarding creation of State Climate Action Cell (SCAC) under Department of Environment and Climate Change.,202308091733165604,09-08-2023,178,https://gr.maharashtra.gov.in/Site/Upload/Government%20Resolutions/English/202308091733165604.pdf,3,181871,GR_DATASET\pdfs\Environment Department\202308091733165604.pdf,Downloaded,2026-07-27 22:29:10
Environment Department,"Regarding the provision of funds received from the Central Government for implementing the works under the National River Conservation Scheme, Mula-Mutha River, Pune Pollution Reduction Project and the matching share deposited in the SNA account by the Pune Municipal Corporation to the Pune Municipal Corporation for expenditure.",202308081440206504,07-08-2023,176,https://gr.maharashtra.gov.in/Site/Upload/Government%20Resolutions/English/202308081440206504.pdf,3,180169,GR_DATASET\pdfs\Environment Department\202308081440206504.pdf,Downloaded,2026-07-27 22:29:10
Environment Department,Regarding the formation of a technical committee to make recommendations to the government regarding the celebration of eco-friendly festivals.,202307241728374104,24-07-2023,457,https://gr.maharashtra.gov.in/Site/Upload/Government%20Resolutions/English/202307241728374104.pdf,3,467878,GR_DATASET\pdfs\Environment Department\202307241728374104.pdf,Downloaded,2026-07-27 22:29:11
Environment Department,Regarding establishment of District Level Wetland Control Committee,202306231312376804,22-06-2023,1140,https://gr.maharashtra.gov.in/Site/Upload/Government%20Resolutions/English/202306231312376804.pdf,3,1167059,GR_DATASET\pdfs\Environment Department\202306231312376804.pdf,Downloaded,2026-07-27 22:29:13
Environment Department,"Regarding extension of exemption period for purchase of Electric Vehicles under Maharashtra Electric Vehicle Policy, 2021.",202306161707596404,16-06-2023,1064,https://gr.maharashtra.gov.in/Site/Upload/Government%20Resolutions/English/202306161707596404.pdf,3,1089160,GR_DATASET\pdfs\Environment Department\202306161707596404.pdf,Downloaded,2026-07-27 22:29:14
Environment Department,Regarding distribution of prize money to top performing local bodies under Majhi Vasundhara Abhiyan 3.0 and determining the procedure for allocation of prize money.,202306051516352004,05-06-2023,1074,https://gr.maharashtra.gov.in/Site/Upload/Government%20Resolutions/English/202306051516352004.pdf,0,0,GR_DATASET\pdfs\Environment Department\202306051516352004.pdf,404 Client Error: Not Found for url: https://gr.maharashtra.gov.in/Site/Upload/Government%20Resolutions/English/202306051516352004.pdf,2026-07-27 22:29:14
Environment Department,Regarding the conversion of the posts fixed as per the revised scheme of posts in the Department of Environment and Climate Change (Proper) into permanent and temporary posts.,202305171642515204,17-05-2023,1063,https://gr.maharashtra.gov.in/Site/Upload/Government%20Resolutions/English/202305171642515204.pdf,3,1088051,GR_DATASET\pdfs\Environment Department\202305171642515204.pdf,Downloaded,2026-07-27 22:29:15
Environment Department,Regarding modification of approved works in Uttareshwar Lake proposal at Mauje Dahagaon under State Lake Conservation Scheme.,202305021157209604,02-05-2023,587,https://gr.maharashtra.gov.in/Site/Upload/Government%20Resolutions/English/202305021157209604.pdf,2,601119,GR_DATASET\pdfs\Environment Department\202305021157209604.pdf,Downloaded,2026-07-27 22:29:16
Environment Department,Regarding modification of approved works in Keelin Lake proposal approved under State Lake Conservation Scheme.,202305021204256904,02-05-2023,892,https://gr.maharashtra.gov.in/Site/Upload/Government%20Resolutions/English/202305021204256904.pdf,2,913670,GR_DATASET\pdfs\Environment Department\202305021204256904.pdf,Downloaded,2026-07-27 22:29:17
Environment Department,Regarding modification of sanctioned works in Pillar Lake proposal approved under State Lake Conservation Scheme.,202305021208156604,02-05-2023,892,https://gr.maharashtra.gov.in/Site/Upload/Government%20Resolutions/English/202305021208156604.pdf,2,913832,GR_DATASET\pdfs\Environment Department\202305021208156604.pdf,Downloaded,2026-07-27 22:29:18
Environment Department,Regarding modification of approved works in Ghera-Sumargarh Lake proposal approved under State Lake Conservation Scheme.,202305021212583104,02-05-2023,892,https://gr.maharashtra.gov.in/Site/Upload/Government%20Resolutions/English/202305021212583104.pdf,2,913751,GR_DATASET\pdfs\Environment Department\202305021212583104.pdf,Downloaded,2026-07-27 22:29:19
Environment Department,Regarding modification of approved works in Vinhe Lake proposal approved under State Lake Conservation Scheme.,202305021217017904,02-05-2023,823,https://gr.maharashtra.gov.in/Site/Upload/Government%20Resolutions/English/202305021217017904.pdf,2,842708,GR_DATASET\pdfs\Environment Department\202305021217017904.pdf,Downloaded,2026-07-27 22:29:20
Environment Department,Regarding modification of approved works in Shirshinge Lake proposal approved under State Lake Conservation Scheme.,202305021220463204,02-05-2023,892,https://gr.maharashtra.gov.in/Site/Upload/Government%20Resolutions/English/202305021220463204.pdf,2,913382,GR_DATASET\pdfs\Environment Department\202305021220463204.pdf,Downloaded,2026-07-27 22:29:22
Environment Department,"Regarding depositing the funds released by the Central Government to the SNA account for the Central Government sponsored scheme Mula-Mutha River, Pune Pollution Reduction Project under the National River Conservation Scheme.",202304271654439104,27-04-2023,550,https://gr.maharashtra.gov.in/Site/Upload/Government%20Resolutions/English/202304271654439104.pdf,3,563256,GR_DATASET\pdfs\Environment Department\202304271654439104.pdf,Downloaded,2026-07-27 22:29:23
Environment Department,"Regarding Effective Implementation of Environment Impact Assessment Notification, 2006",202304131319317604,12-04-2023,1679,https://gr.maharashtra.gov.in/Site/Upload/Government%20Resolutions/English/202304131319317604.pdf,0,0,GR_DATASET\pdfs\Environment Department\202304131319317604.pdf,404 Client Error: Not Found for url: https://gr.maharashtra.gov.in/Site/Upload/Government%20Resolutions/English/202304131319317604.pdf,2026-07-27 22:29:23
Environment Department,Regarding release of funds for implementation of Environmental Service Scheme at school level.,202304131313475704,11-04-2023,1121,https://gr.maharashtra.gov.in/Site/Upload/Government%20Resolutions/English/202304131313475704.pdf,2,1148927,GR_DATASET\pdfs\Environment Department\202304131313475704.pdf,Downloaded,2026-07-27 22:29:24
Environment Department,Regarding opening of new head of account- Interest on unspent balances in Single Nodal Account (SNA) and other accruals (Environment and Climate Change),202304101329517404,10-04-2023,139,https://gr.maharashtra.gov.in/Site/Upload/Government%20Resolutions/English/202304101329517404.pdf,0,0,GR_DATASET\pdfs\Environment Department\202304101329517404.pdf,404 Client Error: Not Found for url: https://gr.maharashtra.gov.in/Site/Upload/Government%20Resolutions/English/202304101329517404.pdf,2026-07-27 22:29:25
Environment Department,Department of Environment and Climate Change (Proper) regarding determination of the structure of posts in the establishment.,202304101857075604........,06-04-2023,158,https://gr.maharashtra.gov.in/Site/Upload/Government%20Resolutions/English/202304101857075604.........pdf,0,0,GR_DATASET\pdfs\Environment Department\202304101857075604.........pdf,404 Client Error: Not Found for url: https://gr.maharashtra.gov.in/Site/Upload/Government%20Resolutions/English/202304101857075604.........pdf,2026-07-27 22:29:25
Environment Department,Regarding release of funds for implementation of Environmental Service Scheme at school level.,202304101803531404,31-03-2023,1115,https://gr.maharashtra.gov.in/Site/Upload/Government%20Resolutions/English/202304101803531404.pdf,3,1141824,GR_DATASET\pdfs\Environment Department\202304101803531404.pdf,Downloaded,2026-07-27 22:29:26
Environment Department,Regarding release of funds for implementation of Environmental Service Scheme at school level.,202304131313475704,31-03-2023,1122,https://gr.maharashtra.gov.in/Site/Upload/Government%20Resolutions/English/202304131313475704.pdf,2,1148927,GR_DATASET\pdfs\Environment Department\202304131313475704.pdf,Downloaded,2026-07-27 22:29:27
Environment Department,Regarding the disbursement of funds for project works implemented by the Municipal Council for environmental conservation of Umri Lake under the State Lake Conservation Scheme.,202304031214546604,31-03-2023,272,https://gr.maharashtra.gov.in/Site/Upload/Government%20Resolutions/English/202304031214546604.pdf,4,278693,GR_DATASET\pdfs\Environment Department\202304031214546604.pdf,Downloaded,2026-07-27 22:29:28
Environment Department,"Regarding approval and distribution of funds to Ausa Lake in Ausa Nagar Parishad, District Latur under the State Lake Conservation Scheme.",202304031217216404,31-03-2023,509,https://gr.maharashtra.gov.in/Site/Upload/Government%20Resolutions/English/202304031217216404.pdf,0,0,GR_DATASET\pdfs\Environment Department\202304031217216404.pdf,404 Client Error: Not Found for url: https://gr.maharashtra.gov.in/Site/Upload/Government%20Resolutions/English/202304031217216404.pdf,2026-07-27 22:29:28
Environment Department,"Regarding approval and distribution of funds to Kalleshwar Lake in Shirol Municipal Council, District Kolhapur under the State Lake Conservation Scheme.",202304031226317504,31-03-2023,772,https://gr.maharashtra.gov.in/Site/Upload/Government%20Resolutions/English/202304031226317504.pdf,0,0,GR_DATASET\pdfs\Environment Department\202304031226317504.pdf,404 Client Error: Not Found for url: https://gr.maharashtra.gov.in/Site/Upload/Government%20Resolutions/English/202304031226317504.pdf,2026-07-27 22:29:29
Environment Department,"Kurlap, T. Valwa, Dist. Regarding disbursement of funds under the State Lake Conservation Scheme to the lake at Sangli.",202304031230086404,31-03-2023,273,https://gr.maharashtra.gov.in/Site/Upload/Government%20Resolutions/English/202304031230086404.pdf,0,0,GR_DATASET\pdfs\Environment Department\202304031230086404.pdf,404 Client Error: Not Found for url: https://gr.maharashtra.gov.in/Site/Upload/Government%20Resolutions/English/202304031230086404.pdf,2026-07-27 22:29:29
Environment Department,"Under the State Lake Conservation Scheme, Mr. Kelavali, Khalapur District Regarding approval and disbursement of funds to Kelavali Lake at Raigad.",202304031236187404,31-03-2023,509,https://gr.maharashtra.gov.in/Site/Upload/Government%20Resolutions/English/202304031236187404.pdf,0,0,GR_DATASET\pdfs\Environment Department\202304031236187404.pdf,404 Client Error: Not Found for url: https://gr.maharashtra.gov.in/Site/Upload/Government%20Resolutions/English/202304031236187404.pdf,2026-07-27 22:29:30
Environment Department,"Under the State Lake Conservation Scheme, Mr. Kharivali, Khalapur District Regarding approval and disbursement of funds to Kharivli Lake at Raigad.",202304031239216504,31-03-2023,509,https://gr.maharashtra.gov.in/Site/Upload/Government%20Resolutions/English/202304031239216504.pdf,0,0,GR_DATASET\pdfs\Environment Department\202304031239216504.pdf,404 Client Error: Not Found for url: https://gr.maharashtra.gov.in/Site/Upload/Government%20Resolutions/English/202304031239216504.pdf,2026-07-27 22:29:30
Environment Department,"Under the State Lake Conservation Scheme, Mr. Khanav, Khalapur, Dist. Regarding approval and disbursement of funds to Khanav Lake at Raigad.",202304031247177704,31-03-2023,510,https://gr.maharashtra.gov.in/Site/Upload/Government%20Resolutions/English/202304031247177704.pdf,0,0,GR_DATASET\pdfs\Environment Department\202304031247177704.pdf,404 Client Error: Not Found for url: https://gr.maharashtra.gov.in/Site/Upload/Government%20Resolutions/English/202304031247177704.pdf,2026-07-27 22:29:31
Environment Department,"Under the State Lake Conservation Scheme, Mr. Gorthan, Khalapur, Dist. Approval of Gorthan Lake at Raigad and Regarding disbursement of funds.",202304031250121104,31-03-2023,509,https://gr.maharashtra.gov.in/Site/Upload/Government%20Resolutions/English/202304031250121104.pdf,4,521400,GR_DATASET\pdfs\Environment Department\202304031250121104.pdf,Downloaded,2026-07-27 22:29:32
Environment Department,"Under the State Lake Conservation Scheme, Mr. Gohe, Khalapur, Dist. Regarding approval and disbursement of funds to Gohe Lake at Raigad.",202304031252336404,31-03-2023,509,https://gr.maharashtra.gov.in/Site/Upload/Government%20Resolutions/English/202304031252336404.pdf,4,521566,GR_DATASET\pdfs\Environment Department\202304031252336404.pdf,Downloaded,2026-07-27 22:29:33
Environment Department,"Under the State Lake Conservation Scheme, Mr. Parkhande, Khalapur, Dist. Regarding approval and disbursement of funds to Parkhande Lake at Raigad",202304031255120704,31-03-2023,509,https://gr.maharashtra.gov.in/Site/Upload/Government%20Resolutions/English/202304031255120704.pdf,4,521319,GR_DATASET\pdfs\Environment Department\202304031255120704.pdf,Downloaded,2026-07-27 22:29:33
Environment Department,"Under the State Lake Conservation Scheme, Mr. Bid, h. Khalapur District Regarding approval and disbursement of funds to bid pool at Raigad.",202304031302012004,31-03-2023,509,https://gr.maharashtra.gov.in/Site/Upload/Government%20Resolutions/English/202304031302012004.pdf,4,521228,GR_DATASET\pdfs\Environment Department\202304031302012004.pdf,Downloaded,2026-07-27 22:29:34
Environment Department,"Under the State Lake Conservation Scheme, Mr. Mankivali, T. Khalapur District Regarding approval and disbursement of funds to Mankivali Lake at Raigad.",202304031304206404,31-03-2023,509,https://gr.maharashtra.gov.in/Site/Upload/Government%20Resolutions/English/202304031304206404.pdf,4,521473,GR_DATASET\pdfs\Environment Department\202304031304206404.pdf,Downloaded,2026-07-27 22:29:35
Environment Department,"Regarding approval and distribution of funds to Mukteshwar Lake in Ausa Nagar Parishad, District Latur under the State Lake Conservation Scheme.",202304031307256404,31-03-2023,509,https://gr.maharashtra.gov.in/Site/Upload/Government%20Resolutions/English/202304031307256404.pdf,4,521588,GR_DATASET\pdfs\Environment Department\202304031307256404.pdf,Downloaded,2026-07-27 22:29:36
Environment Department,"Under the State Lake Conservation Scheme, Mr. Bhal, Alibaug, Dist. Regarding granting administrative approval to Ramdharaneshwar Lake at Raigad.",202304031311116604,31-03-2023,456,https://gr.maharashtra.gov.in/Site/Upload/Government%20Resolutions/English/202304031311116604.pdf,8,466705,GR_DATASET\pdfs\Environment Department\202304031311116604.pdf,Downloaded,2026-07-27 22:29:37
Environment Department,"Under the State Lake Conservation Scheme, Mr. Wadwal, Khalapur, Dist. Regarding approval and disbursement of funds to Vadwal Lake at Raigad.",202304031314386204,31-03-2023,509,https://gr.maharashtra.gov.in/Site/Upload/Government%20Resolutions/English/202304031314386204.pdf,4,521296,GR_DATASET\pdfs\Environment Department\202304031314386204.pdf,Downloaded,2026-07-27 22:29:38
Environment Department,"Under the State Lake Conservation Scheme, Mr. Wavoshi, Khalapur, Dist. Regarding approval and disbursement of funds to Vavoshi Lake at Raigad.",202304031317061204,31-03-2023,509,https://gr.maharashtra.gov.in/Site/Upload/Government%20Resolutions/English/202304031317061204.pdf,4,521522,GR_DATASET\pdfs\Environment Department\202304031317061204.pdf,Downloaded,2026-07-27 22:29:38
Environment Department,"Under the State Lake Conservation Scheme, Ausa Nagar Parishad, Distt. Regarding approval and disbursement of funds to Samatanagar Lake at Latur.",202304031319481504,31-03-2023,510,https://gr.maharashtra.gov.in/Site/Upload/Government%20Resolutions/English/202304031319481504.pdf,4,521977,GR_DATASET\pdfs\Environment Department\202304031319481504.pdf,Downloaded,2026-07-27 22:29:39
Environment Department,"Under the State Lake Conservation Scheme, Mr. Horale, Khalapur, Dist. Regarding approving and disbursing funds to Horale Lake at Raigad.",202304031322026404,31-03-2023,509,https://gr.maharashtra.gov.in/Site/Upload/Government%20Resolutions/English/202304031322026404.pdf,4,521449,GR_DATASET\pdfs\Environment Department\202304031322026404.pdf,Downloaded,2026-07-27 22:29:40
Environment Department,"Regarding making available a grant of Rs.11,20,583/- to the Maharashtra Pollution Control Board for carrying out a comprehensive environmental awareness campaign in the state in pursuance of the ban on plastic and thermocol products.",202303291737572404,29-03-2023,1125,https://gr.maharashtra.gov.in/Site/Upload/Government%20Resolutions/English/202303291737572404.pdf,2,1151826,GR_DATASET\pdfs\Environment Department\202303291737572404.pdf,Downloaded,2026-07-27 22:29:44
Environment Department,"Plsika tasca tharmkla utpdannvara bandcy anugn rjyta payvaraa viayaka vypaka janajgrt abhiyna rbaviysh mahrra pradaa niyantraa maasa anudna ru.8,96,788/- Upalabdha karuna dybbata.......... Regarding making available a grant of Rs.8,96,788/- to the Maharashtra Pollution Control Board for carrying out a comprehensive environmental awareness campaign in the state in pursuance of the ban on plastic and thermocol products.",202303291749531604,29-03-2023,1152,https://gr.maharashtra.gov.in/Site/Upload/Government%20Resolutions/English/202303291749531604.pdf,0,0,GR_DATASET\pdfs\Environment Department\202303291749531604.pdf,404 Client Error: Not Found for url: https://gr.maharashtra.gov.in/Site/Upload/Government%20Resolutions/English/202303291749531604.pdf,2026-07-27 22:29:44
Environment Department,"Regarding making available a grant of Rs.5,38,608/- to the Maharashtra Pollution Control Board for carrying out a comprehensive environmental awareness campaign in the state in pursuance of the ban on plastic and thermocol products.",202303291756188504,29-03-2023,1152,https://gr.maharashtra.gov.in/Site/Upload/Government%20Resolutions/English/202303291756188504.pdf,2,1179366,GR_DATASET\pdfs\Environment Department\202303291756188504.pdf,Downloaded,2026-07-27 22:29:45
Environment Department,Regarding sanction and disbursement of grant-in-aid to Maharashtra Coastal Zone Management Authorities.,202303291800596004,29-03-2023,1135,https://gr.maharashtra.gov.in/Site/Upload/Government%20Resolutions/English/202303291800596004.pdf,3,1162445,GR_DATASET\pdfs\Environment Department\202303291800596004.pdf,Downloaded,2026-07-27 22:29:46
Environment Department,Regarding acceptance of sponsorship for organizing the program Janata Raja directed by Padma Vibhushan Shivshahir Babasaheb Purandare.,202303291731408604,28-03-2023,1148,https://gr.maharashtra.gov.in/Site/Upload/Government%20Resolutions/English/202303291731408604.pdf,0,0,GR_DATASET\pdfs\Environment Department\202303291731408604.pdf,404 Client Error: Not Found for url: https://gr.maharashtra.gov.in/Site/Upload/Government%20Resolutions/English/202303291731408604.pdf,2026-07-27 22:29:47
Environment Department,"Group Gram Panchayat Gudge, Dapoli, Dist. Regarding disbursement of funds under State Lake Conservation Scheme to Umbarghar Lake at Ratnagiri.",202303281620107204,27-03-2023,488,https://gr.maharashtra.gov.in/Site/Upload/Government%20Resolutions/English/202303281620107204.pdf,4,500221,GR_DATASET\pdfs\Environment Department\202303281620107204.pdf,Downloaded,2026-07-27 22:29:48
Environment Department,"Mauje Kavalapur, District Miraj, Dist. Regarding disbursement of funds under State Lake Conservation Scheme to Kavalapur Lake at Sangli.",202303281624214504,27-03-2023,489,https://gr.maharashtra.gov.in/Site/Upload/Government%20Resolutions/English/202303281624214504.pdf,0,0,GR_DATASET\pdfs\Environment Department\202303281624214504.pdf,404 Client Error: Not Found for url: https://gr.maharashtra.gov.in/Site/Upload/Government%20Resolutions/English/202303281624214504.pdf,2026-07-27 22:29:48
Environment Department,Regarding the release of funds for the works of the project implemented by the municipal council for the environmental protection of Kawandal lake in Pen city.,202303281628429004,27-03-2023,488,https://gr.maharashtra.gov.in/Site/Upload/Government%20Resolutions/English/202303281628429004.pdf,4,499931,GR_DATASET\pdfs\Environment Department\202303281628429004.pdf,Downloaded,2026-07-27 22:29:49
Environment Department,"Under the State Lake Conservation Scheme Municipal Council Washim, Distt. Regarding disbursement of funds to Narayan Baba Lake at Washim.",202303281634072804,27-03-2023,288,https://gr.maharashtra.gov.in/Site/Upload/Government%20Resolutions/English/202303281634072804.pdf,4,295013,GR_DATASET\pdfs\Environment Department\202303281634072804.pdf,Downloaded,2026-07-27 22:29:49
Environment Department,Regarding approval and distribution of funds to Parli-Vaijnath Municipal Council under the State Lake Conservation Scheme.,202303281640089104,27-03-2023,157,https://gr.maharashtra.gov.in/Site/Upload/Government%20Resolutions/English/202303281640089104.pdf,4,161217,GR_DATASET\pdfs\Environment Department\202303281640089104.pdf,Downloaded,2026-07-27 22:29:50
Environment Department,"Under the State Lake Conservation Scheme, Mr. Phansop Sada, Distt. Regarding approving and disbursing funds to Valvan Lake at Ratnagiri.",202303281643449204,27-03-2023,289,https://gr.maharashtra.gov.in/Site/Upload/Government%20Resolutions/English/202303281643449204.pdf,4,295984,GR_DATASET\pdfs\Environment Department\202303281643449204.pdf,Downloaded,2026-07-27 22:29:51
Environment Department,Regarding disbursement of funds for the works to be carried out for ecological conservation and protection of Charlotte Lake at Matheran under the State Lake Conservation Scheme.,202303281647412304,27-03-2023,556,https://gr.maharashtra.gov.in/Site/Upload/Government%20Resolutions/English/202303281647412304.pdf,0,0,GR_DATASET\pdfs\Environment Department\202303281647412304.pdf,404 Client Error: Not Found for url: https://gr.maharashtra.gov.in/Site/Upload/Government%20Resolutions/English/202303281647412304.pdf,2026-07-27 22:29:52
Environment Department,"Under the State Lake Conservation Scheme, Mr. Regarding approving and disbursing funds to Shubrakamal Lake at Malgund, Dist.Ratnagiri.",202303281651449504,27-03-2023,332,https://gr.maharashtra.gov.in/Site/Upload/Government%20Resolutions/English/202303281651449504.pdf,4,339742,GR_DATASET\pdfs\Environment Department\202303281651449504.pdf,Downloaded,2026-07-27 22:29:52
Environment Department,Regarding disbursement of funds under the State River Conservation Scheme under the Namami Chandrabhaga Abhiyan to clean and de-pollute the Chandrabhaga River.,202303251531319404,25-03-2023,137,https://gr.maharashtra.gov.in/Site/Upload/Government%20Resolutions/English/202303251531319404.pdf,2,140709,GR_DATASET\pdfs\Environment Department\202303251531319404.pdf,Downloaded,2026-07-27 22:29:53
Environment Department,Regarding release of funds for conservation works of Sangam Lake in Buldhana Municipal Council under the State Lake Conservation Scheme.,202303251540403004,25-03-2023,1204,https://gr.maharashtra.gov.in/Site/Upload/Government%20Resolutions/English/202303251540403004.pdf,2,1233087,GR_DATASET\pdfs\Environment Department\202303251540403004.pdf,Downloaded,2026-07-27 22:29:54
Environment Department,"Regarding making available to Solapur Municipal Corporation the matching share deposited in SNA account by Solapur Municipal Corporation for the conservation of Dharamveer Sambhaji (Kambar) Lake, Solapur under the National Aquatic Environment Conservation Scheme (NPCA) sponsored scheme.",202303211242382804,21-03-2023,176,https://gr.maharashtra.gov.in/Site/Upload/Government%20Resolutions/English/202303211242382804.pdf,3,180223,GR_DATASET\pdfs\Environment Department\202303211242382804.pdf,Downloaded,2026-07-27 22:29:55
Environment Department,"Regarding making the matching share deposited in the SNA account by the Pune Municipal Corporation available to the Pune Municipal Corporation for carrying out the works under the National River Conservation Scheme, Mula-Mutha River, Pune Pollution Reduction Project under the central government sponsored scheme.",202303211249511904,21-03-2023,175,https://gr.maharashtra.gov.in/Site/Upload/Government%20Resolutions/English/202303211249511904.pdf,3,178777,GR_DATASET\pdfs\Environment Department\202303211249511904.pdf,Downloaded,2026-07-27 22:29:56
Environment Department,"Manmad-Devghat under State Lake Conservation Scheme, Regarding approval and disbursement of funds to Mahadev Temple Reservoir Tank at Malegaon, District-Nashik.",202303141746220004,14-03-2023,1244,https://gr.maharashtra.gov.in/Site/Upload/Government%20Resolutions/English/202303141746220004.pdf,2,1274066,GR_DATASET\pdfs\Environment Department\202303141746220004.pdf,Downloaded,2026-07-27 22:29:56
Environment Department,"Requisition No. U-4, 3435-Regarding re-appropriation under the head of Environment and Environment",202303131510466604,13-03-2023,130,https://gr.maharashtra.gov.in/Site/Upload/Government%20Resolutions/English/202303131510466604.pdf,1,133574,GR_DATASET\pdfs\Environment Department\202303131510466604.pdf,Downloaded,2026-07-27 22:29:57
Environment Department,"Regarding making available necessary funds to the Member Secretary, Maharashtra Pollution Control Board for disbursing cash prizes to the highest performing local bodies under Majhi Vasundhara Abhiyan.",202303131517284304,13-03-2023,324,https://gr.maharashtra.gov.in/Site/Upload/Government%20Resolutions/English/202303131517284304.pdf,3,331341,GR_DATASET\pdfs\Environment Department\202303131517284304.pdf,Downloaded,2026-07-27 22:29:58
Environment Department,Regarding disbursement of funds under the State River Conservation Scheme under the Namami Chandrabhaga Abhiyan to clean and de-pollute the Chandrabhaga River.,202303011758000004,01-03-2023,178,https://gr.maharashtra.gov.in/Site/Upload/Government%20Resolutions/English/202303011758000004.pdf,4,182320,GR_DATASET\pdfs\Environment Department\202303011758000004.pdf,Downloaded,2026-07-27 22:29:59
Environment Department,Constitution of SIT to monitor level of gases which are released by chemical industries situated at MIDC Taloja and surrounding area.,202302241427159904,23-02-2023,1149,https://gr.maharashtra.gov.in/Site/Upload/Government%20Resolutions/English/202302241427159904.pdf,0,0,GR_DATASET\pdfs\Environment Department\202302241427159904.pdf,404 Client Error: Not Found for url: https://gr.maharashtra.gov.in/Site/Upload/Government%20Resolutions/English/202302241427159904.pdf,2026-07-27 22:29:59
Environment Department,"Requisition No. U-4, 3435-Regarding reallocation under the head of Environment and Environment.",202302231204282404,22-02-2023,108,https://gr.maharashtra.gov.in/Site/Upload/Government%20Resolutions/English/202302231204282404.pdf,2,110258,GR_DATASET\pdfs\Environment Department\202302231204282404.pdf,Downloaded,2026-07-27 22:30:00
Environment Department,Regarding release of funds for conservation works of Sangam Lake in Buldhana Municipal Council under the State Lake Conservation Scheme.,202302201629292404,20-02-2023,1730,https://gr.maharashtra.gov.in/Site/Upload/Government%20Resolutions/English/202302201629292404.pdf,5,1771627,GR_DATASET\pdfs\Environment Department\202302201629292404.pdf,Downloaded,2026-07-27 22:30:02
Environment Department,"To provide grant for Sumangalam Panchmahabhute Mahotsav Kaneri Math, Kolhapur.",202302101319514504,10-02-2023,1749,https://gr.maharashtra.gov.in/Site/Upload/Government%20Resolutions/English/202302101319514504.pdf,0,0,GR_DATASET\pdfs\Environment Department\202302101319514504.pdf,404 Client Error: Not Found for url: https://gr.maharashtra.gov.in/Site/Upload/Government%20Resolutions/English/202302101319514504.pdf,2026-07-27 22:30:02
Environment Department,"Manmad-Devghat under State Lake Conservation Scheme, Regarding approval and disbursement of funds to Mahadev Temple Reservoir Tank at Malegaon, District-Nashik.",202302081715054204,08-02-2023,2010,https://gr.maharashtra.gov.in/Site/Upload/Government%20Resolutions/English/202302081715054204.pdf,0,0,GR_DATASET\pdfs\Environment Department\202302081715054204.pdf,404 Client Error: Not Found for url: https://gr.maharashtra.gov.in/Site/Upload/Government%20Resolutions/English/202302081715054204.pdf,2026-07-27 22:30:03
Environment Department,"Under the State Lake Conservation Scheme, Vehelgaon, Regarding approval and disbursement of funds to Vehelgaon Reservoir at Nandgaon, District-Nashik.",202302091710294304,08-02-2023,1834,https://gr.maharashtra.gov.in/Site/Upload/Government%20Resolutions/English/202302091710294304.pdf,4,1878397,GR_DATASET\pdfs\Environment Department\202302091710294304.pdf,Downloaded,2026-07-27 22:30:04
Environment Department,Regarding providing funds for Sumangalam Panchamahabhut Mahotsav organized from 20.02.2023 to 26.2.2023 through Sri Kshetra Siddhagiri Mahasansthan.,202302081540130704,06-02-2023,1654,https://gr.maharashtra.gov.in/Site/Upload/Government%20Resolutions/English/202302081540130704.pdf,2,1693455,GR_DATASET\pdfs\Environment Department\202302081540130704.pdf,Downloaded,2026-07-27 22:30:05
Environment Department,Majhi Vasundhara Abhiyan 3.0 Implementation Local Self Government of State Final Toolkit.,202301251630231904...,25-01-2023,8414,https://gr.maharashtra.gov.in/Site/Upload/Government%20Resolutions/English/202301251630231904....pdf,0,0,GR_DATASET\pdfs\Environment Department\202301251630231904....pdf,404 Client Error: Not Found for url: https://gr.maharashtra.gov.in/Site/Upload/Government%20Resolutions/English/202301251630231904....pdf,2026-07-27 22:30:06
Environment Department,"Regarding disbursement of funds for implementation of works under Central Government sponsored scheme Mula-Mutha River, Pune Pollution Reduction Project under National River Conservation Scheme.",202301231606273904,23-01-2023,1365,https://gr.maharashtra.gov.in/Site/Upload/Government%20Resolutions/English/202301231606273904.pdf,3,1397545,GR_DATASET\pdfs\Environment Department\202301231606273904.pdf,Downloaded,2026-07-27 22:30:07
Environment Department,Regarding the distribution of funds for the conservation of Amravati and Bhogavati rivers under the State River Conservation Scheme in Dondai - Warwade Municipal Council...,202301231613425704,23-01-2023,1295,https://gr.maharashtra.gov.in/Site/Upload/Government%20Resolutions/English/202301231613425704.pdf,0,0,GR_DATASET\pdfs\Environment Department\202301231613425704.pdf,404 Client Error: Not Found for url: https://gr.maharashtra.gov.in/Site/Upload/Government%20Resolutions/English/202301231613425704.pdf,2026-07-27 22:30:08
Environment Department,"Regarding disbursement of funds for project works implemented by Municipal Council for environmental conservation of Jangi Lake in Ambad Municipal Council, Dist.Jalna under State Lake Conservation Scheme.",202301051645047604,05-01-2023,1944,https://gr.maharashtra.gov.in/Site/Upload/Government%20Resolutions/English/202301051645047604.pdf,4,1990206,GR_DATASET\pdfs\Environment Department\202301051645047604.pdf,Downloaded,2026-07-27 22:30:09
Environment Department,"Regarding notifying the services to be provided for tree protection and conservation in accordance with the provisions of the Maharashtra Right to Public Service Act, 2015.",202212201222436504,20-12-2022,1325,https://gr.maharashtra.gov.in/Site/Upload/Government%20Resolutions/English/202212201222436504.pdf,3,1356890,GR_DATASET\pdfs\Environment Department\202212201222436504.pdf,Downloaded,2026-07-27 22:30:10
Environment Department,Constitution of Committee for monitoring Panchaganga River Pollution.,202212131632343404,12-12-2022,1332,https://gr.maharashtra.gov.in/Site/Upload/Government%20Resolutions/English/202212131632343404.pdf,2,1364090,GR_DATASET\pdfs\Environment Department\202212131632343404.pdf,Downloaded,2026-07-27 22:30:11
Environment Department,Majhi Vasundhara Abhiyan 2.0 distribution of prize money to top performing local bodies and determining the procedure for allocation of prize money.,202212091717569804,09-12-2022,1305,https://gr.maharashtra.gov.in/Site/Upload/Government%20Resolutions/English/202212091717569804.pdf,1,1335891,GR_DATASET\pdfs\Environment Department\202212091717569804.pdf,Downloaded,2026-07-27 22:30:12
Environment Department,Bill Payment.,202212061102117104,06-12-2022,1311,https://gr.maharashtra.gov.in/Site/Upload/Government%20Resolutions/English/202212061102117104.pdf,1,1342320,GR_DATASET\pdfs\Environment Department\202212061102117104.pdf,Downloaded,2026-07-27 22:30:14
Environment Department,Bill Payment.,202212061108519904,06-12-2022,1311,https://gr.maharashtra.gov.in/Site/Upload/Government%20Resolutions/English/202212061108519904.pdf,1,1342821,GR_DATASET\pdfs\Environment Department\202212061108519904.pdf,Downloaded,2026-07-27 22:30:15
Environment Department,Bill Payment.,202212061113274204,06-12-2022,1311,https://gr.maharashtra.gov.in/Site/Upload/Government%20Resolutions/English/202212061113274204.pdf,1,1342468,GR_DATASET\pdfs\Environment Department\202212061113274204.pdf,Downloaded,2026-07-27 22:30:16
Environment Department,Majhi Vasundhara 1.0: To grant administrative approval for the work to be undertaken under the prize money- Hingoli Municipal Council.,202212061324006304,06-12-2022,2071,https://gr.maharashtra.gov.in/Site/Upload/Government%20Resolutions/English/202212061324006304.pdf,0,0,GR_DATASET\pdfs\Environment Department\202212061324006304.pdf,404 Client Error: Not Found for url: https://gr.maharashtra.gov.in/Site/Upload/Government%20Resolutions/English/202212061324006304.pdf,2026-07-27 22:30:16
Environment Department,Majhi Vasundhara 1.0: To grant administrative approval for the work to be undertaken under the prize money- Karad Municipal Council.,202212061324269504,06-12-2022,1366,https://gr.maharashtra.gov.in/Site/Upload/Government%20Resolutions/English/202212061324269504.pdf,3,1399170,GR_DATASET\pdfs\Environment Department\202212061324269504.pdf,Downloaded,2026-07-27 22:30:17
Environment Department,Majhi Vasundhara 1.0: To grant administrative approval for the work to be undertaken under the prize money- Karjat Municipal Council.,202212061333555104,06-12-2022,1967,https://gr.maharashtra.gov.in/Site/Upload/Government%20Resolutions/English/202212061333555104.pdf,3,2014012,GR_DATASET\pdfs\Environment Department\202212061333555104.pdf,Downloaded,2026-07-27 22:30:19
Environment Department,Majhi Vasundhara 1.0: To grant administrative approval for the work to be undertaken under the prize money- Loni Budruk Municipal Council.,202212061335314404,06-12-2022,1376,https://gr.maharashtra.gov.in/Site/Upload/Government%20Resolutions/English/202212061335314404.pdf,4,1408937,GR_DATASET\pdfs\Environment Department\202212061335314404.pdf,Downloaded,2026-07-27 22:30:20
Environment Department,Majhi Vasundhara 1.0: To grant administrative approval for the work to be undertaken under the prize money- Malkapur Municipal Council.,202212061341471904,06-12-2022,1972,https://gr.maharashtra.gov.in/Site/Upload/Government%20Resolutions/English/202212061341471904.pdf,0,0,GR_DATASET\pdfs\Environment Department\202212061341471904.pdf,404 Client Error: Not Found for url: https://gr.maharashtra.gov.in/Site/Upload/Government%20Resolutions/English/202212061341471904.pdf,2026-07-27 22:30:21
Environment Department,Majhi Vasundhara 1.0: To grant administrative approval for the work to be undertaken under the prize money- Brihan Mumbai Municipal Corporation.,202212061346042104,06-12-2022,1348,https://gr.maharashtra.gov.in/Site/Upload/Government%20Resolutions/English/202212061346042104.pdf,4,1380546,GR_DATASET\pdfs\Environment Department\202212061346042104.pdf,Downloaded,2026-07-27 22:30:21
Environment Department,Majhi Vasundhara 1.0: To grant administrative approval for the work to be undertaken under the prize money- Pahurpeth Gram Panchayat.,202212061352572804,06-12-2022,1972,https://gr.maharashtra.gov.in/Site/Upload/Government%20Resolutions/English/202212061352572804.pdf,4,2019814,GR_DATASET\pdfs\Environment Department\202212061352572804.pdf,Downloaded,2026-07-27 22:30:23
Environment Department,Majhi Vasundhara 1.0: To grant administrative approval for the work to be undertaken under the prize money- Parali Vaijanath Municipal Council.,202212061354263504,06-12-2022,1350,https://gr.maharashtra.gov.in/Site/Upload/Government%20Resolutions/English/202212061354263504.pdf,0,0,GR_DATASET\pdfs\Environment Department\202212061354263504.pdf,404 Client Error: Not Found for url: https://gr.maharashtra.gov.in/Site/Upload/Government%20Resolutions/English/202212061354263504.pdf,2026-07-27 22:30:23
Environment Department,Majhi Vasundhara 1.0: To grant administrative approval for the work to be undertaken under the prize money- Pune Municipal Corporation.,202212061400521004,06-12-2022,1346,https://gr.maharashtra.gov.in/Site/Upload/Government%20Resolutions/English/202212061400521004.pdf,4,1378372,GR_DATASET\pdfs\Environment Department\202212061400521004.pdf,Downloaded,2026-07-27 22:30:24
Environment Department,Majhi Vasundhara 1.0: To grant administrative approval for the work to be undertaken under the prize money- Pimpalgaon Baswant Gram Panchayat.,202212061402272404,06-12-2022,1975,https://gr.maharashtra.gov.in/Site/Upload/Government%20Resolutions/English/202212061402272404.pdf,4,2022155,GR_DATASET\pdfs\Environment Department\202212061402272404.pdf,Downloaded,2026-07-27 22:30:26
Environment Department,Majhi Vasundhara Abhiyan 2.0 distribution of prize money to top performing local bodies and determining the procedure for allocation of prize money.,202212051822141504,05-12-2022,913,https://gr.maharashtra.gov.in/Site/Upload/Government%20Resolutions/English/202212051822141504.pdf,14,934847,GR_DATASET\pdfs\Environment Department\202212051822141504.pdf,Downloaded,2026-07-27 22:30:27
Environment Department,Appointing Nodal Officer of Single Nodal Agency (SNA) and Nodal Officer Environmental Information System Center.,202211301241550204,30-11-2022,1348,https://gr.maharashtra.gov.in/Site/Upload/Government%20Resolutions/English/202211301241550204.pdf,2,1380431,GR_DATASET\pdfs\Environment Department\202211301241550204.pdf,Downloaded,2026-07-27 22:30:30
Environment Department,"Regarding depositing the funds released by the Central Government to the SNA account for the Central Government sponsored scheme Mula-Mutha River, Pune Pollution Reduction Project under the National River Conservation Scheme.",202211221123178104,22-11-2022,1981,https://gr.maharashtra.gov.in/Site/Upload/Government%20Resolutions/English/202211221123178104.pdf,3,2028223,GR_DATASET\pdfs\Environment Department\202211221123178104.pdf,Downloaded,2026-07-27 22:30:31
Environment Department,Opening of a Separate New Account Head for the Implementation of Majhi Vasundhara Abhiyan.,202211221508132104,22-11-2022,1532,https://gr.maharashtra.gov.in/Site/Upload/Government%20Resolutions/English/202211221508132104.pdf,0,0,GR_DATASET\pdfs\Environment Department\202211221508132104.pdf,404 Client Error: Not Found for url: https://gr.maharashtra.gov.in/Site/Upload/Government%20Resolutions/English/202211221508132104.pdf,2026-07-27 22:30:32
Environment Department,"Government Corrigendum Maharashtra Electric Vehicle Policy, 2021.",202211071513541804,07-11-2022,809,https://gr.maharashtra.gov.in/Site/Upload/Government%20Resolutions/English/202211071513541804.pdf,4,828064,GR_DATASET\pdfs\Environment Department\202211071513541804.pdf,Downloaded,2026-07-27 22:30:33
Environment Department,Implementation of Majhi Vasundhara Abhiyan 3.0,202211091338143704........,07-11-2022,2671,https://gr.maharashtra.gov.in/Site/Upload/Government%20Resolutions/English/202211091338143704.........pdf,0,0,GR_DATASET\pdfs\Environment Department\202211091338143704.........pdf,404 Client Error: Not Found for url: https://gr.maharashtra.gov.in/Site/Upload/Government%20Resolutions/English/202211091338143704.........pdf,2026-07-27 22:30:33
Environment Department,Non-Applicability of permission of fees for BMW Authorization.,202210101449424704,10-10-2022,1950,https://gr.maharashtra.gov.in/Site/Upload/Government%20Resolutions/English/202210101449424704.pdf,2,1996741,GR_DATASET\pdfs\Environment Department\202210101449424704.pdf,Downloaded,2026-07-27 22:30:34
Environment Department,"Regarding disbursement of funds released by the Central Government to the Nagpur Metropolitan Regional Development Authority (NMRDA) for the conservation of Koradi Lake, Nagpur under the National Aquatic Environment Conservation Scheme (NPCA) a centrally sponsored scheme.",202210061505433204,06-10-2022,1542,https://gr.maharashtra.gov.in/Site/Upload/Government%20Resolutions/English/202210061505433204.pdf,3,1579051,GR_DATASET\pdfs\Environment Department\202210061505433204.pdf,Downloaded,2026-07-27 22:30:35
Environment Department,"Regarding disbursement of funds released by the Central Government to the Solapur Municipal Corporation for the conservation of Dharamveer Sambhaji (Kambar) Lake, Solapur under the National Aquatic Environment Conservation Scheme (NPCA).",202210061517389404,06-10-2022,1868,https://gr.maharashtra.gov.in/Site/Upload/Government%20Resolutions/English/202210061517389404.pdf,3,1912952,GR_DATASET\pdfs\Environment Department\202210061517389404.pdf,Downloaded,2026-07-27 22:30:37
Environment Department,Seniority list.,202209211301039904,21-09-2022,142,https://gr.maharashtra.gov.in/Site/Upload/Government%20Resolutions/English/202209211301039904.pdf,5,145079,GR_DATASET\pdfs\Environment Department\202209211301039904.pdf,Downloaded,2026-07-27 22:30:37
Environment Department,Advertisement Bill.,202208231701435704,23-08-2022,127,https://gr.maharashtra.gov.in/Site/Upload/Government%20Resolutions/English/202208231701435704.pdf,1,130061,GR_DATASET\pdfs\Environment Department\202208231701435704.pdf,Downloaded,2026-07-27 22:30:38
Environment Department,"Regarding approval of payment for meeting held on 02/03/2022 at Sahyadri State Guest House, Malabar Hill, Mumbai under the Chairmanship of Hon. Minister (Environment and Climate Change).",202208051544050504,05-08-2022,136,https://gr.maharashtra.gov.in/Site/Upload/Government%20Resolutions/English/202208051544050504.pdf,1,139500,GR_DATASET\pdfs\Environment Department\202208051544050504.pdf,Downloaded,2026-07-27 22:30:39
Environment Department,Constitution of Technical Committee for preparation of modalities for Eco Friendly Celebration of Festivals pursuant to emersion of Idols in the natural water bodies.,202208021550248904,02-08-2022,515,https://gr.maharashtra.gov.in/Site/Upload/Government%20Resolutions/English/202208021550248904.pdf,2,527848,GR_DATASET\pdfs\Environment Department\202208021550248904.pdf,Downloaded,2026-07-27 22:30:40
Environment Department,"Regarding depositing the funds released by the Central Government for the conservation of Koradi Lake, Nagpur under the National Aquatic Environment Conservation Scheme (NPCA) in the SNA account.",202207211146103004,20-07-2022,193,https://gr.maharashtra.gov.in/Site/Upload/Government%20Resolutions/English/202207211146103004.pdf,3,197636,GR_DATASET\pdfs\Environment Department\202207211146103004.pdf,Downloaded,2026-07-27 22:30:40
Environment Department,"Regarding depositing the funds released by the Central Government for the conservation of Dharamveer Sambhaji (Kambar) Lake, Solapur under the National Aquatic Environment Conservation Scheme (NPCA) in the SNA account.",202207211151388504,20-07-2022,795,https://gr.maharashtra.gov.in/Site/Upload/Government%20Resolutions/English/202207211151388504.pdf,3,814002,GR_DATASET\pdfs\Environment Department\202207211151388504.pdf,Downloaded,2026-07-27 22:30:41
Environment Department,Administrative approval to the DPR under Majhi Vasundhara Abhiyan. Thane Municipal Corporation.,202205051736212404,05-05-2022,345,https://gr.maharashtra.gov.in/Site/Upload/Government%20Resolutions/English/202205051736212404.pdf,4,353370,GR_DATASET\pdfs\Environment Department\202205051736212404.pdf,Downloaded,2026-07-27 22:30:42
Environment Department,Administrative approval to the DPR under Majhi Vasundhara Abhiyan. Sangamner Municipal Council.,202205051744311704,05-05-2022,332,https://gr.maharashtra.gov.in/Site/Upload/Government%20Resolutions/English/202205051744311704.pdf,6,339729,GR_DATASET\pdfs\Environment Department\202205051744311704.pdf,Downloaded,2026-07-27 22:30:43
Environment Department,Administrative approval to the DPR under Majhi Vasundhara Abhiyan. Vaijapur Municipal Council.,202205051757408804,05-05-2022,266,https://gr.maharashtra.gov.in/Site/Upload/Government%20Resolutions/English/202205051757408804.pdf,4,272430,GR_DATASET\pdfs\Environment Department\202205051757408804.pdf,Downloaded,2026-07-27 22:30:44
Environment Department,Administrative approval to the DPR under Majhi Vasundhara Abhiyan. Jamner Municipal Council.,202205051804488304,05-05-2022,325,https://gr.maharashtra.gov.in/Site/Upload/Government%20Resolutions/English/202205051804488304.pdf,4,333134,GR_DATASET\pdfs\Environment Department\202205051804488304.pdf,Downloaded,2026-07-27 22:30:44
Environment Department,Administrative approval to the DPR under Majhi Vasundhara Abhiyan. Barshi Municipal Council.,202205051809211904,05-05-2022,323,https://gr.maharashtra.gov.in/Site/Upload/Government%20Resolutions/English/202205051809211904.pdf,4,330864,GR_DATASET\pdfs\Environment Department\202205051809211904.pdf,Downloaded,2026-07-27 22:30:45
Environment Department,Administrative approval to the DPR under Majhi Vasundhara Abhiyan. Karad Municipal Council.,202205051814177204,05-05-2022,348,https://gr.maharashtra.gov.in/Site/Upload/Government%20Resolutions/English/202205051814177204.pdf,5,356569,GR_DATASET\pdfs\Environment Department\202205051814177204.pdf,Downloaded,2026-07-27 22:30:46
Environment Department,Administrative approval to the DPR under Majhi Vasundhara Abhiyan. Shirdi Nagar Panchayat.,202205051820218604,05-05-2022,322,https://gr.maharashtra.gov.in/Site/Upload/Government%20Resolutions/English/202205051820218604.pdf,4,329687,GR_DATASET\pdfs\Environment Department\202205051820218604.pdf,Downloaded,2026-07-27 22:30:47
Environment Department,Constitution of District Level Task Force (DLTF) for taking up measures to eliminate single use plastic.,202204261717150804,26-04-2022,460,https://gr.maharashtra.gov.in/Site/Upload/Government%20Resolutions/English/202204261717150804.pdf,3,471239,GR_DATASET\pdfs\Environment Department\202204261717150804.pdf,Downloaded,2026-07-27 22:30:47
Environment Department,Constitution of City Level Task Force (CLTF) for taking up measures to eliminate single use plastic.,202204261712164704,26-04-2022,460,https://gr.maharashtra.gov.in/Site/Upload/Government%20Resolutions/English/202204261712164704.pdf,3,470931,GR_DATASET\pdfs\Environment Department\202204261712164704.pdf,Downloaded,2026-07-27 22:30:48
Environment Department,My Heritage Competition among local bodies. On the occasion of World Heritage Day.,202204221207442904,18-04-2022,310,https://gr.maharashtra.gov.in/Site/Upload/Government%20Resolutions/English/202204221207442904.pdf,2,317124,GR_DATASET\pdfs\Environment Department\202204221207442904.pdf,Downloaded,2026-07-27 22:30:49
Environment Department,Maharashtra Electric Vehicle Policy 2021.,202204121616299904,12-04-2022,145,https://gr.maharashtra.gov.in/Site/Upload/Government%20Resolutions/English/202204121616299904.pdf,3,148941,GR_DATASET\pdfs\Environment Department\202204121616299904.pdf,Downloaded,2026-07-27 22:30:50
Environment Department,Constitution of State Level Special Task Force (STF) for taking up measures to eliminate single use plastic.,202204011616154504,01-04-2022,204,https://gr.maharashtra.gov.in/Site/Upload/Government%20Resolutions/English/202204011616154504.pdf,2,209046,GR_DATASET\pdfs\Environment Department\202204011616154504.pdf,Downloaded,2026-07-27 22:30:51
Environment Department,"Regarding release of funds for the Lake Conservation project implemented by the Collector,Raigad (Conservation of Shivmandir Lake at Chandore).",202203312039063004,31-03-2022,305,https://gr.maharashtra.gov.in/Site/Upload/Government%20Resolutions/English/202203312039063004.pdf,4,312793,GR_DATASET\pdfs\Environment Department\202203312039063004.pdf,Downloaded,2026-07-27 22:30:51
Environment Department,Regarding release of funds for the Lake Conservation project implemented by the Zilha Parishad Nashik (Conservation of Thanapada Lake at Thanapada).,202203312042317404,31-03-2022,333,https://gr.maharashtra.gov.in/Site/Upload/Government%20Resolutions/English/202203312042317404.pdf,4,340665,GR_DATASET\pdfs\Environment Department\202203312042317404.pdf,Downloaded,2026-07-27 22:30:52
Environment Department,Regarding release of funds for the Lake Conservation project implemented by the Zilha Parishad Sindhudurg (Conservation of Maulimandir Lake at Tiroda).,202203312054448104,31-03-2022,925,https://gr.maharashtra.gov.in/Site/Upload/Government%20Resolutions/English/202203312054448104.pdf,4,946700,GR_DATASET\pdfs\Environment Department\202203312054448104.pdf,Downloaded,2026-07-27 22:30:53
Environment Department,Regarding release of funds for the Lake Conservation project implemented by the Municipal Council Ratnagiri (Conservation of Teli Ali Lake).,202203312059079804,31-03-2022,928,https://gr.maharashtra.gov.in/Site/Upload/Government%20Resolutions/English/202203312059079804.pdf,4,950402,GR_DATASET\pdfs\Environment Department\202203312059079804.pdf,Downloaded,2026-07-27 22:30:55
Environment Department,Regarding release of funds for the Lake Conservation project implemented by the Municipal Council Ratnagiri (Conservation of Daivadnya Bhavan Lake).,202203312113308104,31-03-2022,928,https://gr.maharashtra.gov.in/Site/Upload/Government%20Resolutions/English/202203312113308104.pdf,4,950300,GR_DATASET\pdfs\Environment Department\202203312113308104.pdf,Downloaded,2026-07-27 22:30:56
Environment Department,Regarding release of funds for the Lake Conservation project implemented by the Zilha Parishad Ratnagiri (Conservation of Nachane Lake).,202203312116379704,31-03-2022,404,https://gr.maharashtra.gov.in/Site/Upload/Government%20Resolutions/English/202203312116379704.pdf,4,414012,GR_DATASET\pdfs\Environment Department\202203312116379704.pdf,Downloaded,2026-07-27 22:30:57
Environment Department,Regarding release of funds for the Lake Conservation project implemented by the Municipal Council Parli vaijnath(Conservation of Parampok Lake).,202203312153554404,31-03-2022,359,https://gr.maharashtra.gov.in/Site/Upload/Government%20Resolutions/English/202203312153554404.pdf,4,368041,GR_DATASET\pdfs\Environment Department\202203312153554404.pdf,Downloaded,2026-07-27 22:30:58
Environment Department,Regarding release of funds for the Lake Conservation project implemented by the Municipal Council Ratnagiri (Conservation of Parithvathar Lake).,202203312156327204,31-03-2022,925,https://gr.maharashtra.gov.in/Site/Upload/Government%20Resolutions/English/202203312156327204.pdf,4,946919,GR_DATASET\pdfs\Environment Department\202203312156327204.pdf,Downloaded,2026-07-27 22:30:59
Environment Department,"Regarding release of funds for the Lake Conservation project implemented by the Mumbai Zopadpatti Sudhar Mandal,MHADA(Conservation of Posari Lake at Chikuwadi).",202203312203485704,31-03-2022,290,https://gr.maharashtra.gov.in/Site/Upload/Government%20Resolutions/English/202203312203485704.pdf,4,296875,GR_DATASET\pdfs\Environment Department\202203312203485704.pdf,Downloaded,2026-07-27 22:30:59
Environment Department,Regarding release of funds for the Lake Conservation project implemented by the Zilha Parishad Kolhapur (Conservation of Belwade Lake at Belwade).,202203312206393904,31-03-2022,837,https://gr.maharashtra.gov.in/Site/Upload/Government%20Resolutions/English/202203312206393904.pdf,4,857052,GR_DATASET\pdfs\Environment Department\202203312206393904.pdf,Downloaded,2026-07-27 22:31:00
Environment Department,Regarding release of funds for the Lake Conservation project implemented by the Zilha Parishad Kolhapur (Conservation of Mahagaon Lake at Mahagaon).,202203312209460304,31-03-2022,359,https://gr.maharashtra.gov.in/Site/Upload/Government%20Resolutions/English/202203312209460304.pdf,4,367421,GR_DATASET\pdfs\Environment Department\202203312209460304.pdf,Downloaded,2026-07-27 22:31:01
Environment Department,Regarding release of funds for the Lake Conservation project implemented by the Zilha Parishad Nashik (Conservation of Mahadev Mandir Lake at Deoghat).,202203312212283404,31-03-2022,994,https://gr.maharashtra.gov.in/Site/Upload/Government%20Resolutions/English/202203312212283404.pdf,4,1017721,GR_DATASET\pdfs\Environment Department\202203312212283404.pdf,Downloaded,2026-07-27 22:31:04
Environment Department,Regarding release of funds for the Lake Conservation project implemented by the Zilha Parishad Raigad (Conservation of Ramdharaneshwar Lake at Bhal).,202203312215213304,31-03-2022,359,https://gr.maharashtra.gov.in/Site/Upload/Government%20Resolutions/English/202203312215213304.pdf,4,367592,GR_DATASET\pdfs\Environment Department\202203312215213304.pdf,Downloaded,2026-07-27 22:31:05
Environment Department,Regarding release of funds for the Lake Conservation project implemented by the Zilha Parishad Ratnagiri (Conservation of Valvan at Phansop Sada).,202203312221567304,31-03-2022,332,https://gr.maharashtra.gov.in/Site/Upload/Government%20Resolutions/English/202203312221567304.pdf,4,340270,GR_DATASET\pdfs\Environment Department\202203312221567304.pdf,Downloaded,2026-07-27 22:31:06
Environment Department,Regarding release of funds for the Lake Conservation project implemented by the Municipal Council Chiplun (Conservation of Vireshwar Lake).,202203312224252804,31-03-2022,996,https://gr.maharashtra.gov.in/Site/Upload/Government%20Resolutions/English/202203312224252804.pdf,4,1019748,GR_DATASET\pdfs\Environment Department\202203312224252804.pdf,Downloaded,2026-07-27 22:31:07
Environment Department,"Regarding release of funds for the Lake Conservation project implemented by the Zilha Parishad, Nashik (Conservation of Vehalhaon Sathvan Lake).",202203312226456304,31-03-2022,994,https://gr.maharashtra.gov.in/Site/Upload/Government%20Resolutions/English/202203312226456304.pdf,4,1017588,GR_DATASET\pdfs\Environment Department\202203312226456304.pdf,Downloaded,2026-07-27 22:31:08
Environment Department,Regarding release of funds for the Lake Conservation project implemented by the Zilha Parishad Ratnagiri (Conservation of Shubhrakamal Lake).,202203312230024404,31-03-2022,333,https://gr.maharashtra.gov.in/Site/Upload/Government%20Resolutions/English/202203312230024404.pdf,4,341040,GR_DATASET\pdfs\Environment Department\202203312230024404.pdf,Downloaded,2026-07-27 22:31:09
Environment Department,"State River Conservation Scheme- Revised Administrative Approval and Fund Release for the Proposal of Conservation of Amravati and Bhogavati River by Dondaicha-Warwade Municipal Council, Dist- Dhule.",202203311732249604,31-03-2022,740,https://gr.maharashtra.gov.in/Site/Upload/Government%20Resolutions/English/202203311732249604.pdf,12,757980,GR_DATASET\pdfs\Environment Department\202203311732249604.pdf,Downloaded,2026-07-27 22:31:10
Environment Department,"State River Conservation Scheme- Revised Administrative Approval and Fund Release for the Proposal of Conservation of Godavari River by Nanded-Waghala Municipal Corporation, Dist - Nanded.",202203311738314904,31-03-2022,171,https://gr.maharashtra.gov.in/Site/Upload/Government%20Resolutions/English/202203311738314904.pdf,10,175302,GR_DATASET\pdfs\Environment Department\202203311738314904.pdf,Downloaded,2026-07-27 22:31:10
Environment Department,"State River Conservation Scheme- Revised Administrative Approval and Fund Release for the Proposal of Conservation of Mosam River by Malegaon Municipal Corporation, Dist- Nashik.",202203311745296004,31-03-2022,707,https://gr.maharashtra.gov.in/Site/Upload/Government%20Resolutions/English/202203311745296004.pdf,11,723686,GR_DATASET\pdfs\Environment Department\202203311745296004.pdf,Downloaded,2026-07-27 22:31:11
Environment Department,"State River Conservation Scheme- Approval and Fund Release for the Proposal of Conservation of Chudamani River by Warud Municipal Council, Dist-Amaravati.",202203311750039304,31-03-2022,920,https://gr.maharashtra.gov.in/Site/Upload/Government%20Resolutions/English/202203311750039304.pdf,4,942034,GR_DATASET\pdfs\Environment Department\202203311750039304.pdf,Downloaded,2026-07-27 22:31:12
Environment Department,Regarding release of funds for the Lake Conservation project implemented by the Zilha Parishad Ratnagiri (Conservation of Gavatale Lake).,202203311859145304,31-03-2022,899,https://gr.maharashtra.gov.in/Site/Upload/Government%20Resolutions/English/202203311859145304.pdf,3,920687,GR_DATASET\pdfs\Environment Department\202203311859145304.pdf,Downloaded,2026-07-27 22:31:13
Environment Department,Regarding release of funds for the Lake Conservation project implemented by the Zilha Parishad Ratnagiri (Conservation of Umbarghar Lake at Gudghe).,202203311858139704,31-03-2022,833,https://gr.maharashtra.gov.in/Site/Upload/Government%20Resolutions/English/202203311858139704.pdf,3,853414,GR_DATASET\pdfs\Environment Department\202203311858139704.pdf,Downloaded,2026-07-27 22:31:14
Environment Department,Regarding release of funds for the Lake Conservation project implemented by the Zilha Parishad Ratnagiri (Conservation of Gothan Lake at Virsai).,202203311906213504,31-03-2022,833,https://gr.maharashtra.gov.in/Site/Upload/Government%20Resolutions/English/202203311906213504.pdf,3,852984,GR_DATASET\pdfs\Environment Department\202203311906213504.pdf,Downloaded,2026-07-27 22:31:15
Environment Department,Regarding release of funds for the Lake Conservation project implemented by the Zilha Parishad Ratnagiri (Conservation of Kondi Lake at Jamage).,202203311913286804,31-03-2022,834,https://gr.maharashtra.gov.in/Site/Upload/Government%20Resolutions/English/202203311913286804.pdf,3,854126,GR_DATASET\pdfs\Environment Department\202203311913286804.pdf,Downloaded,2026-07-27 22:31:17
Environment Department,Regarding release of funds for the Lake Conservation project implemented by the Zilha Parishad Ratnagiri (Conservation of Bhairi Lake at Jalgaon).,202203311919271004,31-03-2022,834,https://gr.maharashtra.gov.in/Site/Upload/Government%20Resolutions/English/202203311919271004.pdf,3,853753,GR_DATASET\pdfs\Environment Department\202203311919271004.pdf,Downloaded,2026-07-27 22:31:17
Environment Department,Regarding release of funds for the Lake Conservation project implemented by the Zilha Parishad Ratnagiri (Conservation of Kond Lake at Nirmal).,202203311925351104,31-03-2022,834,https://gr.maharashtra.gov.in/Site/Upload/Government%20Resolutions/English/202203311925351104.pdf,3,853916,GR_DATASET\pdfs\Environment Department\202203311925351104.pdf,Downloaded,2026-07-27 22:31:18
Environment Department,"Regarding release of funds for the Lake Conservation project implemented by the Lonavala Municipal Council (Conservation of Kandala lake).Regarding release of funds for the Lake Conservation project implemented by the Mumbai Zopadpatti Sudhar Mandal,MHADA(Conservation of Arangal Lake).",202203312005044604,31-03-2022,290,https://gr.maharashtra.gov.in/Site/Upload/Government%20Resolutions/English/202203312005044604.pdf,4,296997,GR_DATASET\pdfs\Environment Department\202203312005044604.pdf,Downloaded,2026-07-27 22:31:19
Environment Department,Regarding release of funds for the Lake Conservation project implemented by the Lonavala Municipal Council (Conservation of Kandala lake).Regarding release of funds for the Lake Conservation project implemented by the Municipal Council Lanja (Conservation of Ozar Lake).,202203312008216604,31-03-2022,290,https://gr.maharashtra.gov.in/Site/Upload/Government%20Resolutions/English/202203312008216604.pdf,4,296645,GR_DATASET\pdfs\Environment Department\202203312008216604.pdf,Downloaded,2026-07-27 22:31:20
Environment Department,Regarding release of funds for the Lake Conservation project implemented by the Zilha Parishad Raigad (Conservation of Katadacha Kond Lake at Ambarle).,202203312011220304,31-03-2022,997,https://gr.maharashtra.gov.in/Site/Upload/Government%20Resolutions/English/202203312011220304.pdf,4,1021293,GR_DATASET\pdfs\Environment Department\202203312011220304.pdf,Downloaded,2026-07-27 22:31:21
Environment Department,Regarding release of funds for the Lake Conservation project implemented by the Municipal Corporation Sangli-Miraj-Kupwad(Conservation of KalikhanLake at Sangli).,202203312021003404,31-03-2022,924,https://gr.maharashtra.gov.in/Site/Upload/Government%20Resolutions/English/202203312021003404.pdf,4,945862,GR_DATASET\pdfs\Environment Department\202203312021003404.pdf,Downloaded,2026-07-27 22:31:22
Environment Department,Regarding release of funds for the Lake Conservation project implemented by the Zilha Parishad Nashik (Conservation of Khambale Lake at Kambale).,202203312024063804,31-03-2022,332,https://gr.maharashtra.gov.in/Site/Upload/Government%20Resolutions/English/202203312024063804.pdf,4,340135,GR_DATASET\pdfs\Environment Department\202203312024063804.pdf,Downloaded,2026-07-27 22:31:23
Environment Department,Regarding release of funds for the Lake Conservation project implemented by the Zilha Parishad Kolhapur (Conservation of Kini Lake at Kini).,202203312027025304,31-03-2022,929,https://gr.maharashtra.gov.in/Site/Upload/Government%20Resolutions/English/202203312027025304.pdf,4,950851,GR_DATASET\pdfs\Environment Department\202203312027025304.pdf,Downloaded,2026-07-27 22:31:24
Environment Department,Regarding release of funds for the Lake Conservation project implemented by the Kagal Municipal Council (Conservation of V.A.Ghatge lake).Regarding release of funds for the Lake Conservation project implemented by the Zilha Parishad Kolhapur (Conservation of Gaon Lake at Shiroli Pulachi).,202203301446130104,30-03-2022,204,https://gr.maharashtra.gov.in/Site/Upload/Government%20Resolutions/English/202203301446130104.pdf,2,208774,GR_DATASET\pdfs\Environment Department\202203301446130104.pdf,Downloaded,2026-07-27 22:31:25
Environment Department,Regarding release of funds for the Lake Conservation project implemented by the Thane Municipal Corporation (Conservation of Turphe pada lake).,202203301450264204,30-03-2022,269,https://gr.maharashtra.gov.in/Site/Upload/Government%20Resolutions/English/202203301450264204.pdf,2,274993,GR_DATASET\pdfs\Environment Department\202203301450264204.pdf,Downloaded,2026-07-27 22:31:25
Environment Department,Regarding release of funds for the Lake Conservation project implemented by the Kulgaon Badalapur Municipal Council (Conservation of Badalapurgaon lake),202203301453347304,30-03-2022,269,https://gr.maharashtra.gov.in/Site/Upload/Government%20Resolutions/English/202203301453347304.pdf,2,275085,GR_DATASET\pdfs\Environment Department\202203301453347304.pdf,Downloaded,2026-07-27 22:31:26
Environment Department,Regarding release of funds for the Lake Conservation project implemented by the Zilla Parishad Kolhapur (Conservation of Kapurbav (Karpureshwar) Lake.,202203301456209504,30-03-2022,269,https://gr.maharashtra.gov.in/Site/Upload/Government%20Resolutions/English/202203301456209504.pdf,2,275820,GR_DATASET\pdfs\Environment Department\202203301456209504.pdf,Downloaded,2026-07-27 22:31:27
Environment Department,Regarding release of funds for the Lake Conservation project implemented by the Zilla Parishad Raigad (Conservation of Vishnu Lake).,202203301459075104,30-03-2022,269,https://gr.maharashtra.gov.in/Site/Upload/Government%20Resolutions/English/202203301459075104.pdf,2,275896,GR_DATASET\pdfs\Environment Department\202203301459075104.pdf,Downloaded,2026-07-27 22:31:28
Environment Department,Regarding release of funds for the Lake Conservation project implemented by the Khed Municipal Council (Conservation of Khamb lake).,202203301502287104,30-03-2022,269,https://gr.maharashtra.gov.in/Site/Upload/Government%20Resolutions/English/202203301502287104.pdf,2,275232,GR_DATASET\pdfs\Environment Department\202203301502287104.pdf,Downloaded,2026-07-27 22:31:29
Environment Department,Regarding release of funds for the Lake Conservation project implemented by the Lonavala Municipal Council (Conservation of Kandala lake).,202203301505164704,30-03-2022,270,https://gr.maharashtra.gov.in/Site/Upload/Government%20Resolutions/English/202203301505164704.pdf,2,276032,GR_DATASET\pdfs\Environment Department\202203301505164704.pdf,Downloaded,2026-07-27 22:31:30
Environment Department,Regarding release of funds for the Lake Conservation project implemented by the Kagal Municipal Council (Conservation of V.A.Ghatge lake).,202203301508117404,30-03-2022,269,https://gr.maharashtra.gov.in/Site/Upload/Government%20Resolutions/English/202203301508117404.pdf,2,275251,GR_DATASET\pdfs\Environment Department\202203301508117404.pdf,Downloaded,2026-07-27 22:31:30
Environment Department,Regarding release of funds for the Lake Conservation project implemented by the Murbad Municipal Council (Conservation of Bageshwari lake).,202203301513112604,30-03-2022,269,https://gr.maharashtra.gov.in/Site/Upload/Government%20Resolutions/English/202203301513112604.pdf,2,275580,GR_DATASET\pdfs\Environment Department\202203301513112604.pdf,Downloaded,2026-07-27 22:31:31
Environment Department,Regarding release of funds for the Lake Conservation project implemented by the Zilha Parishad Raigad (Conservation of Wavandhal lake).,202203301516528204,30-03-2022,385,https://gr.maharashtra.gov.in/Site/Upload/Government%20Resolutions/English/202203301516528204.pdf,2,393736,GR_DATASET\pdfs\Environment Department\202203301516528204.pdf,Downloaded,2026-07-27 22:31:32
Environment Department,Regarding release of funds for the Lake Conservation project implemented by the Zilha Parishad Kolhapur (Conservation of Gaon Lake at Shiroli Pulachi).,202203291214269604,29-03-2022,221,https://gr.maharashtra.gov.in/Site/Upload/Government%20Resolutions/English/202203291214269604.pdf,4,226576,GR_DATASET\pdfs\Environment Department\202203291214269604.pdf,Downloaded,2026-07-27 22:31:32
Environment Department,Regarding release of funds for the Lake Conservation project implemented by the Thane Municipal Corporation (Conservation of Turphe pada lake).,202203291218018704,29-03-2022,220,https://gr.maharashtra.gov.in/Site/Upload/Government%20Resolutions/English/202203291218018704.pdf,4,225020,GR_DATASET\pdfs\Environment Department\202203291218018704.pdf,Downloaded,2026-07-27 22:31:33
Environment Department,Regarding release of funds for the Lake Conservation project implemented by the Zilha Parishad Kolhapur (Conservation of Gaon Lake at Shiroli Pulachi).Regarding release of funds for the Lake Conservation project implemented by the Kulgaon Badalapur Municipal Council (Conservation of Badalapurgaon lake),202203291222332204,29-03-2022,287,https://gr.maharashtra.gov.in/Site/Upload/Government%20Resolutions/English/202203291222332204.pdf,4,293565,GR_DATASET\pdfs\Environment Department\202203291222332204.pdf,Downloaded,2026-07-27 22:31:34
Environment Department,Regarding release of funds for the Lake Conservation project implemented by the Zilla Parishad Kolhapur (Conservation of Kapurbav (Karpureshwar) Lake.,202203291226223104,29-03-2022,219,https://gr.maharashtra.gov.in/Site/Upload/Government%20Resolutions/English/202203291226223104.pdf,4,223880,GR_DATASET\pdfs\Environment Department\202203291226223104.pdf,Downloaded,2026-07-27 22:31:35
Environment Department,Regarding release of funds for the Lake Conservation project implemented by the Zilha Parishad Kolhapur (Conservation of Gaon Lake at Shiroli Pulachi).Regarding release of funds for the Lake Conservation project implemented by the Zilla Parishad Raigad (Conservation of Vishnu Lake).,202203291229582804,29-03-2022,287,https://gr.maharashtra.gov.in/Site/Upload/Government%20Resolutions/English/202203291229582804.pdf,4,294310,GR_DATASET\pdfs\Environment Department\202203291229582804.pdf,Downloaded,2026-07-27 22:31:35
Environment Department,Regarding release of funds for the Lake Conservation project implemented by the Zilla Parishad Kolhapur (Conservation of Kapurbav (Karpureshwar) Lake.Regarding release of funds for the Lake Conservation project implemented by the Khed Municipal Council (Conservation of Khamb lake).,202203291233354204,29-03-2022,285,https://gr.maharashtra.gov.in/Site/Upload/Government%20Resolutions/English/202203291233354204.pdf,3,291444,GR_DATASET\pdfs\Environment Department\202203291233354204.pdf,Downloaded,2026-07-27 22:31:36
Environment Department,Regarding release of funds for the Lake Conservation project implemented by the Lonavala Municipal Council (Conservation of Kandala lake).,202203291238218404,29-03-2022,217,https://gr.maharashtra.gov.in/Site/Upload/Government%20Resolutions/English/202203291238218404.pdf,3,222285,GR_DATASET\pdfs\Environment Department\202203291238218404.pdf,Downloaded,2026-07-27 22:31:37
Environment Department,Regarding release of funds for the Lake Conservation project implemented by the Kagal Municipal Council (Conservation of V.A.Ghatge lake).,202203291241403604,29-03-2022,151,https://gr.maharashtra.gov.in/Site/Upload/Government%20Resolutions/English/202203291241403604.pdf,3,154743,GR_DATASET\pdfs\Environment Department\202203291241403604.pdf,Downloaded,2026-07-27 22:31:38
Environment Department,Regarding release of funds for the Lake Conservation project implemented by the Murbad Municipal Council (Conservation of Bageshwari lake).,202203291245026804,29-03-2022,218,https://gr.maharashtra.gov.in/Site/Upload/Government%20Resolutions/English/202203291245026804.pdf,4,223180,GR_DATASET\pdfs\Environment Department\202203291245026804.pdf,Downloaded,2026-07-27 22:31:38
Environment Department,Regarding release of funds for the Lake Conservation project implemented by the Zilha Parishad Raigad (Conservation of Wavandhal lake).,202203291248532504,29-03-2022,541,https://gr.maharashtra.gov.in/Site/Upload/Government%20Resolutions/English/202203291248532504.pdf,11,553865,GR_DATASET\pdfs\Environment Department\202203291248532504.pdf,Downloaded,2026-07-27 22:31:39
Environment Department,Advertisement Bill.,202203231617475004,23-03-2022,308,https://gr.maharashtra.gov.in/Site/Upload/Government%20Resolutions/English/202203231617475004.pdf,2,315690,GR_DATASET\pdfs\Environment Department\202203231617475004.pdf,Downloaded,2026-07-27 22:31:40
Environment Department,Final Seniority list of Scientist Grade I dated 01.01.2014 to 01.01.2018.,202203071440111704,07-03-2022,150,https://gr.maharashtra.gov.in/Site/Upload/Government%20Resolutions/English/202203071440111704.pdf,6,153426,GR_DATASET\pdfs\Environment Department\202203071440111704.pdf,Downloaded,2026-07-27 22:31:41
Environment Department,Formation of State level Monitoring and Implementation Committee and revised state level Air Quality monitoring committee.,202202211156315904,21-02-2022,1495,https://gr.maharashtra.gov.in/Site/Upload/Government%20Resolutions/English/202202211156315904.pdf,3,1531375,GR_DATASET\pdfs\Environment Department\202202211156315904.pdf,Downloaded,2026-07-27 22:31:42
Environment Department,Formation of a committee to give administrative approval to the Detailed Project Report (DPR) submitted by the local bodies for the work to be undertaken from the prize money received under Majhi Vasundhara Abhiyan.,202202081747334904,08-02-2022,1474,https://gr.maharashtra.gov.in/Site/Upload/Government%20Resolutions/English/202202081747334904.pdf,2,1509393,GR_DATASET\pdfs\Environment Department\202202081747334904.pdf,Downloaded,2026-07-27 22:31:43
Environment Department,"Government Corrigendum - Maharashtra Electric Vehical Policy,2021",202201051221535304,04-01-2022,1335,https://gr.maharashtra.gov.in/Site/Upload/Government%20Resolutions/English/202201051221535304.pdf,2,1367442,GR_DATASET\pdfs\Environment Department\202201051221535304.pdf,Downloaded,2026-07-27 22:31:44
Environment Department,Maharashtra Electric Vehicle Policy 2021.,202112291537418904,29-12-2021,144,https://gr.maharashtra.gov.in/Site/Upload/Government%20Resolutions/English/202112291537418904.pdf,3,147910,GR_DATASET\pdfs\Environment Department\202112291537418904.pdf,Downloaded,2026-07-27 22:31:44
Environment Department,Implementation of Majhi Vasundhara Abhiyan 2.0.,202112221158346404-,22-12-2021,17429,https://gr.maharashtra.gov.in/Site/Upload/Government%20Resolutions/English/202112221158346404-.pdf,466,17848157,GR_DATASET\pdfs\Environment Department\202112221158346404-.pdf,Downloaded,2026-07-27 22:32:00
Environment Department,Mechanism for assessment and recovery of compensation due to illegal Sand Mining..,202112021716324204,01-12-2021,1783,https://gr.maharashtra.gov.in/Site/Upload/Government%20Resolutions/English/202112021716324204.pdf,11,1825909,GR_DATASET\pdfs\Environment Department\202112021716324204.pdf,Downloaded,2026-07-27 22:32:01
Environment Department,Appointment of Single Nodal Agency (SNA) and Nodal Officer for fund distribution and appropriation management of two Centrally Sponsored Scheme- National Plan for Conservation of Aquatic Eco-system and National River Conservation Scheme (Project of Pollution Abatement of River Mula-Mutha at Pune).,202111291206223404,29-11-2021,648,https://gr.maharashtra.gov.in/Site/Upload/Government%20Resolutions/English/202111291206223404.pdf,3,663621,GR_DATASET\pdfs\Environment Department\202111291206223404.pdf,Downloaded,2026-07-27 22:32:02
Environment Department,Formation of Maharashtra Council for Climate Change (MCCC).,202111291311370904,26-11-2021,735,https://gr.maharashtra.gov.in/Site/Upload/Government%20Resolutions/English/202111291311370904.pdf,3,752736,GR_DATASET\pdfs\Environment Department\202111291311370904.pdf,Downloaded,2026-07-27 22:32:03
Environment Department,Constitution of State Level Special Task Force (STF) for taking up measures to eliminate single use plastic.,202111011446503704,01-11-2021,1293,https://gr.maharashtra.gov.in/Site/Upload/Government%20Resolutions/English/202111011446503704.pdf,4,1323767,GR_DATASET\pdfs\Environment Department\202111011446503704.pdf,Downloaded,2026-07-27 22:32:04
Environment Department,Constitution of the Expert Committee for submission of report to State Wetland Authority regarding unauthorized construction in vicinity of Powai Lake.,202110131453535104,12-10-2021,1240,https://gr.maharashtra.gov.in/Site/Upload/Government%20Resolutions/English/202110131453535104.pdf,3,1270242,GR_DATASET\pdfs\Environment Department\202110131453535104.pdf,Downloaded,2026-07-27 22:32:05
Environment Department,Constitution of Steering Committee for monitoring and evaluation of State of Environment Report and Technical Committee for Selection of Empanelled Institution for preparation of State of Environment Report.,202109231552520604,22-09-2021,1147,https://gr.maharashtra.gov.in/Site/Upload/Government%20Resolutions/English/202109231552520604.pdf,2,1174767,GR_DATASET\pdfs\Environment Department\202109231552520604.pdf,Downloaded,2026-07-27 22:32:07
Environment Department,"Maharashtra (Urban Areas) Tree Protection and Preservation (Amendment) Act, 2021.",202108061808066904....,06-08-2021,5815,https://gr.maharashtra.gov.in/Site/Upload/Government%20Resolutions/English/202108061808066904.....pdf,19,5954632,GR_DATASET\pdfs\Environment Department\202108061808066904.....pdf,Downloaded,2026-07-27 22:32:12
Environment Department,"Maharashtra Electric Vehicle Policy, 2021.",202107231413587504...,23-07-2021,1241,https://gr.maharashtra.gov.in/Site/Upload/Government%20Resolutions/English/202107231413587504....pdf,31,1271247,GR_DATASET\pdfs\Environment Department\202107231413587504....pdf,Downloaded,2026-07-27 22:32:13
Environment Department,Distribution of Award money to the best performing local bodies under Mazi Vasundhara Abhiyan and to determine the modus operandi of this Award money.,202107081735380004,08-07-2021,175,https://gr.maharashtra.gov.in/Site/Upload/Government%20Resolutions/English/202107081735380004.pdf,6,178725,GR_DATASET\pdfs\Environment Department\202107081735380004.pdf,Downloaded,2026-07-27 22:32:13
Environment Department,Establishment of a committee to set up a proper mechanism to deal with the increasing incineration of corpses in the crematorium due to the contamination of Covid-19 and the pollution caused by the emitting smoke.,202106281618195904,28-06-2021,1926,https://gr.maharashtra.gov.in/Site/Upload/Government%20Resolutions/English/202106281618195904.pdf,1,1972421,GR_DATASET\pdfs\Environment Department\202106281618195904.pdf,Downloaded,2026-07-27 22:32:14
Environment Department,Establishment of a committee to set up a proper mechanism to deal with the increasing incineration of corpses in the crematorium due to the contamination of Kovid-19 and the pollution caused by the emitting smoke.,202106251442097304,25-06-2021,132,https://gr.maharashtra.gov.in/Site/Upload/Government%20Resolutions/English/202106251442097304.pdf,2,135001,GR_DATASET\pdfs\Environment Department\202106251442097304.pdf,Downloaded,2026-07-27 22:32:15
Environment Department,Government Corrigendum - Establishment of River Rejuvenation Committee for implementation of action plan of polluted stretches of rivers in the state,202106241717130804,24-06-2021,139,https://gr.maharashtra.gov.in/Site/Upload/Government%20Resolutions/English/202106241717130804.pdf,2,141964,GR_DATASET\pdfs\Environment Department\202106241717130804.pdf,Downloaded,2026-07-27 22:32:16
Environment Department,"The Maharashtra (Urban areas) Protection and Preservation of Trees Act,1975- Proposed amendment.",202106241720487604,24-06-2021,261,https://gr.maharashtra.gov.in/Site/Upload/Government%20Resolutions/English/202106241720487604.pdf,5,267364,GR_DATASET\pdfs\Environment Department\202106241720487604.pdf,Downloaded,2026-07-27 22:32:16
Environment Department,"Regarding ensuring posts for the disabled in the Department of Environment and Climate Change (Self) as per the Rights of Persons with Disabilities Act, 2016.",202106171721490204,17-06-2021,2201,https://gr.maharashtra.gov.in/Site/Upload/Government%20Resolutions/English/202106171721490204.pdf,6,2253513,GR_DATASET\pdfs\Environment Department\202106171721490204.pdf,Downloaded,2026-07-27 22:32:18
Environment Department,"Regarding ensuring posts for the disabled in the Maharashtra Pollution Control Board as per the Rights of Persons with Disabilities Act, 2016.",202106171741373704,17-06-2021,2254,https://gr.maharashtra.gov.in/Site/Upload/Government%20Resolutions/English/202106171741373704.pdf,13,2307881,GR_DATASET\pdfs\Environment Department\202106171741373704.pdf,Downloaded,2026-07-27 22:32:19
Environment Department,Define the methodology and appoint the committee for online field assessment of the local bodies under Majhi Vasundhara Abhiyan.,202105201422525804,18-05-2021,151,https://gr.maharashtra.gov.in/Site/Upload/Government%20Resolutions/English/202105201422525804.pdf,4,154235,GR_DATASET\pdfs\Environment Department\202105201422525804.pdf,Downloaded,2026-07-27 22:32:20
Environment Department,"Release of funds for the works at Koradi Lake, Nagpur under the Centrally Sponsored (National Plan for Conservation of Aquatic Eco-systems (NPCA)) Scheme.",202103231803484304,23-03-2021,255,https://gr.maharashtra.gov.in/Site/Upload/Government%20Resolutions/English/202103231803484304.pdf,5,261456,GR_DATASET\pdfs\Environment Department\202103231803484304.pdf,Downloaded,2026-07-27 22:32:20
Environment Department,Regarding release of funds for the Lake Conservation project implemented by the Ausa Municipal Council (Conservation of Gaonthan (Jamalnagar) lake).,202103191717557104,19-03-2021,219,https://gr.maharashtra.gov.in/Site/Upload/Government%20Resolutions/English/202103191717557104.pdf,3,224007,GR_DATASET\pdfs\Environment Department\202103191717557104.pdf,Downloaded,2026-07-27 22:32:21
Environment Department,Regarding release of funds for the Lake Conservation project implemented by the Zilla Parishad Kolhapur (Conservation of Kapurbav (Karpureshwar) Lake.,202103191722207604,19-03-2021,222,https://gr.maharashtra.gov.in/Site/Upload/Government%20Resolutions/English/202103191722207604.pdf,4,227661,GR_DATASET\pdfs\Environment Department\202103191722207604.pdf,Downloaded,2026-07-27 22:32:22
Environment Department,Regarding release of funds for the Lake Conservation project implemented by the Thane Municipal Corporation (Conservation of Kavesar Lake).,202103191724534104,19-03-2021,222,https://gr.maharashtra.gov.in/Site/Upload/Government%20Resolutions/English/202103191724534104.pdf,4,227334,GR_DATASET\pdfs\Environment Department\202103191724534104.pdf,Downloaded,2026-07-27 22:32:23
Environment Department,Regarding release of funds for the Lake Conservation project implemented by the Bramhapur Municipal council (Coservation of Kot Lake).,202103191730101204,19-03-2021,220,https://gr.maharashtra.gov.in/Site/Upload/Government%20Resolutions/English/202103191730101204.pdf,3,225156,GR_DATASET\pdfs\Environment Department\202103191730101204.pdf,Downloaded,2026-07-27 22:32:23
Environment Department,Regarding release of funds for the Lake Conservation project implemented by the Pen Municipal council (Coservation of Motiram Lake).,202103191733573104,19-03-2021,220,https://gr.maharashtra.gov.in/Site/Upload/Government%20Resolutions/English/202103191733573104.pdf,3,225564,GR_DATASET\pdfs\Environment Department\202103191733573104.pdf,Downloaded,2026-07-27 22:32:24
Environment Department,Regarding release of funds for the Lake Conservation project implemented by the Pen Municipal council (Coservation of Kawandal Lake).,202103191737175504,19-03-2021,220,https://gr.maharashtra.gov.in/Site/Upload/Government%20Resolutions/English/202103191737175504.pdf,3,225180,GR_DATASET\pdfs\Environment Department\202103191737175504.pdf,Downloaded,2026-07-27 22:32:25
Environment Department,Regarding release of funds for the Lake Conservation project implemented by the Mahabaleshwar Municipal council (Coservation of Glen-ogal Lake).,202103191740528004,19-03-2021,221,https://gr.maharashtra.gov.in/Site/Upload/Government%20Resolutions/English/202103191740528004.pdf,3,225919,GR_DATASET\pdfs\Environment Department\202103191740528004.pdf,Downloaded,2026-07-27 22:32:26
Environment Department,Regarding release of funds for the Lake Conservation project implemented by the Zilha Parishad Kolhapur(Conservation of Gaon Lake).,202103191744415104,19-03-2021,223,https://gr.maharashtra.gov.in/Site/Upload/Government%20Resolutions/English/202103191744415104.pdf,3,227966,GR_DATASET\pdfs\Environment Department\202103191744415104.pdf,Downloaded,2026-07-27 22:32:26
Environment Department,Regarding release of funds for the Lake Conservation project implemented by the Rajura Municipal Council (Conservation of Malgujari Lake).,202103191748505704,19-03-2021,221,https://gr.maharashtra.gov.in/Site/Upload/Government%20Resolutions/English/202103191748505704.pdf,3,225829,GR_DATASET\pdfs\Environment Department\202103191748505704.pdf,Downloaded,2026-07-27 22:32:27
Environment Department,"Regarding ensuring posts for the disabled in the Maharashtra Pollution Control Board as per the Rights of Persons with Disabilities Act, 2016",202103051300286504,03-03-2021,2384,https://gr.maharashtra.gov.in/Site/Upload/Government%20Resolutions/English/202103051300286504.pdf,14,2441264,GR_DATASET\pdfs\Environment Department\202103051300286504.pdf,Downloaded,2026-07-27 22:32:28
Environment Department,Maji Vasundhara Abhiyan-Final List of Grampanchayats,202101221644455004,21-01-2021,531,https://gr.maharashtra.gov.in/Site/Upload/Government%20Resolutions/English/202101221644455004.pdf,31,543331,GR_DATASET\pdfs\Environment Department\202101221644455004.pdf,Downloaded,2026-07-27 22:32:29
Environment Department,To encourage the use of E-vehicles to reduce air pollution,202012221455148704,22-12-2020,660,https://gr.maharashtra.gov.in/Site/Upload/Government%20Resolutions/English/202012221455148704.pdf,3,675981,GR_DATASET\pdfs\Environment Department\202012221455148704.pdf,Downloaded,2026-07-27 22:32:30
Environment Department,Regarding creation of Directorate of Maji Vasundhara Abhiyan and Project Management event.,202012071655023004,04-12-2020,150,https://gr.maharashtra.gov.in/Site/Upload/Government%20Resolutions/English/202012071655023004.pdf,2,153728,GR_DATASET\pdfs\Environment Department\202012071655023004.pdf,Downloaded,2026-07-27 22:32:30
Environment Department,"Implementing Maji Vasundhara Abhiyan during 02 October 2020 till 31st March, 2021 in local self Government Institutions in the State of Maharashtra.",202010141727421804,14-10-2020,672,https://gr.maharashtra.gov.in/Site/Upload/Government%20Resolutions/English/202010141727421804.pdf,32,687680,GR_DATASET\pdfs\Environment Department\202010141727421804.pdf,Downloaded,2026-07-27 22:32:32
Environment Department,The steps taken by the State Government to encourage Industrial Development after Covid-19 pandemic situation- Consent to operate related to MPCB.,202008111418307904,07-08-2020,3161,https://gr.maharashtra.gov.in/Site/Upload/Government%20Resolutions/English/202008111418307904.pdf,2,3236908,GR_DATASET\pdfs\Environment Department\202008111418307904.pdf,Downloaded,2026-07-27 22:32:34
Environment Department,Sale of Government Vehicle No. MH.01-V-8 (Tata Sumo) purchased and scrapped by Environment Department.,202003161747029104,16-03-2020,3287,https://gr.maharashtra.gov.in/Site/Upload/Government%20Resolutions/English/202003161747029104.pdf,3,3365842,GR_DATASET\pdfs\Environment Department\202003161747029104.pdf,Downloaded,2026-07-27 22:32:35
Environment Department,Sale of Government Vehicle No. MH.01-SA-12 (Honda City) purchased and scrapped by Environment Department.,202003161250059804,16-03-2020,3148,https://gr.maharashtra.gov.in/Site/Upload/Government%20Resolutions/English/202003161250059804.pdf,3,3223103,GR_DATASET\pdfs\Environment Department\202003161250059804.pdf,Downloaded,2026-07-27 22:32:37
Environment Department,In Compliance with the order of Honble N.G.T. in O.A. no. 606/2018 Constitution of Environment Monitoring Cell.,202002271133265504,26-02-2020,3160,https://gr.maharashtra.gov.in/Site/Upload/Government%20Resolutions/English/202002271133265504.pdf,2,3236241,GR_DATASET\pdfs\Environment Department\202002271133265504.pdf,Downloaded,2026-07-27 22:32:38
Environment Department,"Grant Release to Kamal Lake at Mouje Pedhe Parshuram, Tal- Dapoli, Dist-Ratnagiri",202002051513029504....,03-02-2020,496,https://gr.maharashtra.gov.in/Site/Upload/Government%20Resolutions/English/202002051513029504.....pdf,3,508591,GR_DATASET\pdfs\Environment Department\202002051513029504.....pdf,Downloaded,2026-07-27 22:32:39
Environment Department,"Grant Release to Kadvan Lake at Mouje Kadvan, Tal-Mandangad, Dist-Ratnagiri",202002051518090304....,03-02-2020,630,https://gr.maharashtra.gov.in/Site/Upload/Government%20Resolutions/English/202002051518090304.....pdf,3,646136,GR_DATASET\pdfs\Environment Department\202002051518090304.....pdf,Downloaded,2026-07-27 22:32:40
Environment Department,"Grant Release to Kavlapur Lake at Mouje Kavlapur Tal- Miraj, Dist- Sangli.",202002051518045004,03-02-2020,920,https://gr.maharashtra.gov.in/Site/Upload/Government%20Resolutions/English/202002051518045004.pdf,3,941915,GR_DATASET\pdfs\Environment Department\202002051518045004.pdf,Downloaded,2026-07-27 22:32:41
Environment Department,"Grant Release to Khamb lake at Mouje Anjarle, Tal-Dapli, Dist-Ratnagiri",202002051522490704....,03-02-2020,473,https://gr.maharashtra.gov.in/Site/Upload/Government%20Resolutions/English/202002051522490704.....pdf,3,485002,GR_DATASET\pdfs\Environment Department\202002051522490704.....pdf,Downloaded,2026-07-27 22:32:42
Environment Department,"Grant Release to Gangasagar Lake at Mouje Dabhol, Tal-Dapoli, Dist-Ratnagiri",202002051528588504,03-02-2020,339,https://gr.maharashtra.gov.in/Site/Upload/Government%20Resolutions/English/202002051528588504.pdf,3,347088,GR_DATASET\pdfs\Environment Department\202002051528588504.pdf,Downloaded,2026-07-27 22:32:43
Environment Department,Grant Release to Jungi Lake at Ambad Dist- Jalna,202002051531174904,03-02-2020,548,https://gr.maharashtra.gov.in/Site/Upload/Government%20Resolutions/English/202002051531174904.pdf,3,560940,GR_DATASET\pdfs\Environment Department\202002051531174904.pdf,Downloaded,2026-07-27 22:32:44
Environment Department,"Grant Release to Talavade lake at Mouje-Talavade, Tal-Devgad, Dist-Sindhudurg",202002051539022204,03-02-2020,473,https://gr.maharashtra.gov.in/Site/Upload/Government%20Resolutions/English/202002051539022204.pdf,3,484658,GR_DATASET\pdfs\Environment Department\202002051539022204.pdf,Downloaded,2026-07-27 22:32:44
Environment Department,Grant Release to Vireshwar Lake at Mahad Dist- Raigad,202002051543296704,03-02-2020,472,https://gr.maharashtra.gov.in/Site/Upload/Government%20Resolutions/English/202002051543296704.pdf,3,483534,GR_DATASET\pdfs\Environment Department\202002051543296704.pdf,Downloaded,2026-07-27 22:32:45
Environment Department,Release of funds for Implementation of Environmental Services scheme at School Level.,202001211642185904,21-01-2020,3130,https://gr.maharashtra.gov.in/Site/Upload/Government%20Resolutions/English/202001211642185904.pdf,1,3204687,GR_DATASET\pdfs\Environment Department\202001211642185904.pdf,Downloaded,2026-07-27 22:32:47
Environment Department,Revised administrative approval and release of fund to the Godavari River Conservation Project in Nanded-Waghala Municipal Corporation Area under State River Conservation Scheme.,202001171224479804,17-01-2020,186,https://gr.maharashtra.gov.in/Site/Upload/Government%20Resolutions/English/202001171224479804.pdf,9,190537,GR_DATASET\pdfs\Environment Department\202001171224479804.pdf,Downloaded,2026-07-27 22:32:47
Environment Department,Call For Green Ideas.,202001101559191804,10-01-2020,3283,https://gr.maharashtra.gov.in/Site/Upload/Government%20Resolutions/English/202001101559191804.pdf,2,3362274,GR_DATASET\pdfs\Environment Department\202001101559191804.pdf,Downloaded,2026-07-27 22:32:49
Environment Department,Release of funds for Implementation of Environmental Services scheme at School Level.,202001131711022904,10-01-2020,3179,https://gr.maharashtra.gov.in/Site/Upload/Government%20Resolutions/English/202001131711022904.pdf,4,3255304,GR_DATASET\pdfs\Environment Department\202001131711022904.pdf,Downloaded,2026-07-27 22:32:50
