Department,Title,Unique_Code,GR_Date,Website_Size,PDF_URL,Pages,Downloaded_Size(Bytes),Local_File,Download_Status,Downloaded_On
Finance Department,Regarding fixing the interest rate for the financial year 2024-25 to take action on interest adjustment in line with the capital expenditure on irrigation projects.,202412301201519605,30-12-2024,180,https://gr.maharashtra.gov.in/Site/Upload/Government%20Resolutions/English/202412301201519605.pdf,3,183872,GR_DATASET\pdfs\Finance Department\202412301201519605.pdf,Downloaded,2026-07-27 21:09:26
Finance Department,Revised procedure for depositing monthly contribution under the National Pension System into PRAN accounts.,202412301205416605,30-12-2024,533,https://gr.maharashtra.gov.in/Site/Upload/Government%20Resolutions/English/202412301205416605.pdf,6,545322,GR_DATASET\pdfs\Finance Department\202412301205416605.pdf,Downloaded,2026-07-27 21:09:27
Finance Department,Clarification regarding family pension / Invalid pension and death gratuity / retirement gratuity to the employees covered under DCPS/NPS.,202412271205415005,27-12-2024,399,https://gr.maharashtra.gov.in/Site/Upload/Government%20Resolutions/English/202412271205415005.pdf,4,408673,GR_DATASET\pdfs\Finance Department\202412271205415005.pdf,Downloaded,2026-07-27 21:09:28
Finance Department,Regarding extension of the Pay Error Redressal Committee 2024 to rectify the errors in the pay scale of the Seventh Pay Commission....,202412271240400105,27-12-2024,175,https://gr.maharashtra.gov.in/Site/Upload/Government%20Resolutions/English/202412271240400105.pdf,2,178866,GR_DATASET\pdfs\Finance Department\202412271240400105.pdf,Downloaded,2026-07-27 21:09:28
Finance Department,Regarding the loan sanction of Rs. 1249.24 crore approved by the National Bank for Agriculture and Rural Development for 5 irrigation projects of the Water Resources Department under RIDF-30.,202412201637484405,20-12-2024,749,https://gr.maharashtra.gov.in/Site/Upload/Government%20Resolutions/English/202412201637484405.pdf,5,766662,GR_DATASET\pdfs\Finance Department\202412201637484405.pdf,Downloaded,2026-07-27 21:09:29
Finance Department,"Regarding the extension of the Government Guarantee limit available to Shabari Tribal Finance and Development Corporation Limited, Nashik from the National Corporation for Scheduled Tribes Finance and Development Corporation, New Delhi (NSTFDC) from Rs. 50 crore to Rs. 100 crore and the period of Government Guarantee for the next 5 years from 01.04.2024.",202412131640531005,13-12-2024,944,https://gr.maharashtra.gov.in/Site/Upload/Government%20Resolutions/English/202412131640531005.pdf,5,966231,GR_DATASET\pdfs\Finance Department\202412131640531005.pdf,Downloaded,2026-07-27 21:09:30
Finance Department,Regarding the extension of time to the Fifth Bench constituted for expeditious disposal of long pending cases filed before the Maharashtra Sales Tax Tribunal.,202412021527118205,02-12-2024,168,https://gr.maharashtra.gov.in/Site/Upload/Government%20Resolutions/English/202412021527118205.pdf,2,172409,GR_DATASET\pdfs\Finance Department\202412021527118205.pdf,Downloaded,2026-07-27 21:09:31
Finance Department,Regarding extension of the Pay Error Redressal Committee 2024 to rectify the errors in the pay scale of the Seventh Pay Commission....,202411261612292105,26-11-2024,183,https://gr.maharashtra.gov.in/Site/Upload/Government%20Resolutions/English/202411261612292105.pdf,2,187713,GR_DATASET\pdfs\Finance Department\202411261612292105.pdf,Downloaded,2026-07-27 21:09:32
Finance Department,"Regarding payment of salary and pension for the month of d. October, 2024 due on 31st October, 2024 before 25th October, 2024.....",202410241120577505,24-10-2024,350,https://gr.maharashtra.gov.in/Site/Upload/Government%20Resolutions/English/202410241120577505.pdf,3,358027,GR_DATASET\pdfs\Finance Department\202410241120577505.pdf,Downloaded,2026-07-27 21:09:32
Finance Department,Prepare and Print Performance Budget for year 2025-2026.,202410141451258305,14-10-2024,164,https://gr.maharashtra.gov.in/Site/Upload/Government%20Resolutions/English/202410141451258305.pdf,5,168303,GR_DATASET\pdfs\Finance Department\202410141451258305.pdf,Downloaded,2026-07-27 21:09:33
Finance Department,Regarding fixing the interest rate for the financial year 2024-25 to take action on interest adjustment in line with the capital expenditure on irrigation projects.,202412301201519605,30-12-2024,180,https://gr.maharashtra.gov.in/Site/Upload/Government%20Resolutions/English/202412301201519605.pdf,3,183872,GR_DATASET\pdfs\Finance Department\202412301201519605.pdf,Downloaded,2026-07-27 21:09:34
Finance Department,Revised procedure for depositing monthly contribution under the National Pension System into PRAN accounts.,202412301205416605,30-12-2024,533,https://gr.maharashtra.gov.in/Site/Upload/Government%20Resolutions/English/202412301205416605.pdf,6,545322,GR_DATASET\pdfs\Finance Department\202412301205416605.pdf,Downloaded,2026-07-27 21:09:35
Finance Department,Clarification regarding family pension / Invalid pension and death gratuity / retirement gratuity to the employees covered under DCPS/NPS.,202412271205415005,27-12-2024,399,https://gr.maharashtra.gov.in/Site/Upload/Government%20Resolutions/English/202412271205415005.pdf,4,408673,GR_DATASET\pdfs\Finance Department\202412271205415005.pdf,Downloaded,2026-07-27 21:09:36
Finance Department,Regarding extension of the Pay Error Redressal Committee 2024 to rectify the errors in the pay scale of the Seventh Pay Commission....,202412271240400105,27-12-2024,175,https://gr.maharashtra.gov.in/Site/Upload/Government%20Resolutions/English/202412271240400105.pdf,2,178866,GR_DATASET\pdfs\Finance Department\202412271240400105.pdf,Downloaded,2026-07-27 21:09:36
Finance Department,Regarding the loan sanction of Rs. 1249.24 crore approved by the National Bank for Agriculture and Rural Development for 5 irrigation projects of the Water Resources Department under RIDF-30.,202412201637484405,20-12-2024,749,https://gr.maharashtra.gov.in/Site/Upload/Government%20Resolutions/English/202412201637484405.pdf,5,766662,GR_DATASET\pdfs\Finance Department\202412201637484405.pdf,Downloaded,2026-07-27 21:09:37
Finance Department,"Regarding the extension of the Government Guarantee limit available to Shabari Tribal Finance and Development Corporation Limited, Nashik from the National Corporation for Scheduled Tribes Finance and Development Corporation, New Delhi (NSTFDC) from Rs. 50 crore to Rs. 100 crore and the period of Government Guarantee for the next 5 years from 01.04.2024.",202412131640531005,13-12-2024,944,https://gr.maharashtra.gov.in/Site/Upload/Government%20Resolutions/English/202412131640531005.pdf,5,966231,GR_DATASET\pdfs\Finance Department\202412131640531005.pdf,Downloaded,2026-07-27 21:09:38
Finance Department,Regarding the extension of time to the Fifth Bench constituted for expeditious disposal of long pending cases filed before the Maharashtra Sales Tax Tribunal.,202412021527118205,02-12-2024,168,https://gr.maharashtra.gov.in/Site/Upload/Government%20Resolutions/English/202412021527118205.pdf,2,172409,GR_DATASET\pdfs\Finance Department\202412021527118205.pdf,Downloaded,2026-07-27 21:09:39
Finance Department,Regarding extension of the Pay Error Redressal Committee 2024 to rectify the errors in the pay scale of the Seventh Pay Commission....,202411261612292105,26-11-2024,183,https://gr.maharashtra.gov.in/Site/Upload/Government%20Resolutions/English/202411261612292105.pdf,2,187713,GR_DATASET\pdfs\Finance Department\202411261612292105.pdf,Downloaded,2026-07-27 21:09:39
Finance Department,"Regarding payment of salary and pension for the month of d. October, 2024 due on 31st October, 2024 before 25th October, 2024.....",202410241120577505,24-10-2024,350,https://gr.maharashtra.gov.in/Site/Upload/Government%20Resolutions/English/202410241120577505.pdf,3,358027,GR_DATASET\pdfs\Finance Department\202410241120577505.pdf,Downloaded,2026-07-27 21:09:40
Finance Department,Prepare and Print Performance Budget for year 2025-2026.,202410141451258305,14-10-2024,164,https://gr.maharashtra.gov.in/Site/Upload/Government%20Resolutions/English/202410141451258305.pdf,5,168303,GR_DATASET\pdfs\Finance Department\202410141451258305.pdf,Downloaded,2026-07-27 21:09:40
Finance Department,Comprehensive Policy for Recruitment of Officers in Maharashtra Finance and Accounts Service in various Departments of Govt,202410141749288905,14-10-2024,636,https://gr.maharashtra.gov.in/Site/Upload/Government%20Resolutions/English/202410141749288905.pdf,6,651374,GR_DATASET\pdfs\Finance Department\202410141749288905.pdf,Downloaded,2026-07-27 21:09:41
Finance Department,Procedure to be followed for opening a separate drawing account with the Reserve Bank of India in respect of State Affiliated Schemes under Centrally Sponsored Schemes for implementation of SNA-SPARSH Alternative Fund Flow Procedure for Disbursing Funds of Centrally Sponsored Schemes...,202410111657096405,11-10-2024,806,https://gr.maharashtra.gov.in/Site/Upload/Government%20Resolutions/English/202410111657096405.pdf,7,825183,GR_DATASET\pdfs\Finance Department\202410111657096405.pdf,Downloaded,2026-07-27 21:09:42
Finance Department,To increase the maximum limit of Retirement Gratuity / Death Gratuity from Rs.14 lakhs to Rs.20 lakhs.,202410101303279205,10-10-2024,180,https://gr.maharashtra.gov.in/Site/Upload/Government%20Resolutions/English/202410101303279205.pdf,4,184396,GR_DATASET\pdfs\Finance Department\202410101303279205.pdf,Downloaded,2026-07-27 21:09:43
Finance Department,Regarding exclusion of use of Aadhaar card from documents to be submitted as proof of age by pensioners / family pensioners of 80 years and above.,202410101311004805,10-10-2024,466,https://gr.maharashtra.gov.in/Site/Upload/Government%20Resolutions/English/202410101311004805.pdf,4,477362,GR_DATASET\pdfs\Finance Department\202410101311004805.pdf,Downloaded,2026-07-27 21:09:44
Finance Department,State Linked Schemes (SLSs) within Centrally Sponsored Schemes to implement an alternative fund flow mechanism called SNA-SPARSH Real Time System of Integrated Quick Transfers as per Reserve Bank of India Regarding approval for opening a separate Drawing Account here...,202410101546529105....,10-10-2024,439,https://gr.maharashtra.gov.in/Site/Upload/Government%20Resolutions/English/202410101546529105.....pdf,10,449831,GR_DATASET\pdfs\Finance Department\202410101546529105.....pdf,Downloaded,2026-07-27 21:09:45
Finance Department,Maharashtra Tour of 16th finance commission - Declaration of State Guest.,202410071607147505..,07-10-2024,146,https://gr.maharashtra.gov.in/Site/Upload/Government%20Resolutions/English/202410071607147505...pdf,2,150202,GR_DATASET\pdfs\Finance Department\202410071607147505...pdf,Downloaded,2026-07-27 21:09:45
Finance Department,Budget Estimates 2025-26 and Revised Estimates 2024-25,202410071616298105,07-10-2024,345,https://gr.maharashtra.gov.in/Site/Upload/Government%20Resolutions/English/202410071616298105.pdf,15,353171,GR_DATASET\pdfs\Finance Department\202410071616298105.pdf,Downloaded,2026-07-27 21:09:46
Finance Department,"Regarding the government guaranteeing the loan bonds of Rs.15,000 crore (literally Rs.fifteen thousand crores only) to be raised by the Maharashtra State Road Development Corporation for the land acquisition of the Virar to Alibag Multipurpose Transport Corridor (VAMMC) project.",202410031131235705,03-10-2024,332,https://gr.maharashtra.gov.in/Site/Upload/Government%20Resolutions/English/202410031131235705.pdf,4,339497,GR_DATASET\pdfs\Finance Department\202410031131235705.pdf,Downloaded,2026-07-27 21:09:47
Finance Department,Maharashtra State Government Guarantee Policy - Regarding revision of rates of guarantee charges,202409301702310705,30-09-2024,204,https://gr.maharashtra.gov.in/Site/Upload/Government%20Resolutions/English/202409301702310705.pdf,2,208448,GR_DATASET\pdfs\Finance Department\202409301702310705.pdf,Downloaded,2026-07-27 21:09:48
Finance Department,Regarding extension of temporary posts on establishment of Finance Department (own) and Directorate of State Lotteries In the period dt.01 September 2024 to 28 February 2025,202409201219435205,20-09-2024,183,https://gr.maharashtra.gov.in/Site/Upload/Government%20Resolutions/English/202409201219435205.pdf,3,187249,GR_DATASET\pdfs\Finance Department\202409201219435205.pdf,Downloaded,2026-07-27 21:09:48
Finance Department,Regarding implementation of State Governments Revised National Pension Scheme as well as Central Governments Unified Pension Scheme (UPS) to employees covered by the National Pension System.,202409201312096305,20-09-2024,325,https://gr.maharashtra.gov.in/Site/Upload/Government%20Resolutions/English/202409201312096305.pdf,8,333311,GR_DATASET\pdfs\Finance Department\202409201312096305.pdf,Downloaded,2026-07-27 21:09:49
Finance Department,Regarding determination of permanent and temporary posts in revised structure of Goods and Services Tax Department...,202409201440065205,20-09-2024,174,https://gr.maharashtra.gov.in/Site/Upload/Government%20Resolutions/English/202409201440065205.pdf,7,178298,GR_DATASET\pdfs\Finance Department\202409201440065205.pdf,Downloaded,2026-07-27 21:09:50
Finance Department,Regarding extension of total 2592 temporary posts in Goods and Services Tax (including Maharashtra Sales Tax Tribunal and Restaurant) Department till 28.02.2025.,202409201814444405,20-09-2024,374,https://gr.maharashtra.gov.in/Site/Upload/Government%20Resolutions/English/202409201814444405.pdf,5,383254,GR_DATASET\pdfs\Finance Department\202409201814444405.pdf,Downloaded,2026-07-27 21:09:51
Finance Department,Constitute committee for submitting memorandum to 16th Finance Commission from Maharashtra State.,202409121348289605,12-09-2024,139,https://gr.maharashtra.gov.in/Site/Upload/Government%20Resolutions/English/202409121348289605.pdf,2,142082,GR_DATASET\pdfs\Finance Department\202409121348289605.pdf,Downloaded,2026-07-27 21:09:51
Finance Department,Pay Error Redressal Committee 2024 to rectify the errors in the pay scales of the 7th Pay Commission Regarding extension of time.,202409111447212005...,11-09-2024,174,https://gr.maharashtra.gov.in/Site/Upload/Government%20Resolutions/English/202409111447212005....pdf,2,178797,GR_DATASET\pdfs\Finance Department\202409111447212005....pdf,Downloaded,2026-07-27 21:09:52
Finance Department,"Allotment of Recommended Candidates for the post of Technical Assistant in the Directorate of Insurance, from Maharashtra Group-C Main Examination -2023.",202409111801494505,11-09-2024,569,https://gr.maharashtra.gov.in/Site/Upload/Government%20Resolutions/English/202409111801494505.pdf,11,582670,GR_DATASET\pdfs\Finance Department\202409111801494505.pdf,Downloaded,2026-07-27 21:09:53
Finance Department,Delegation of powers to the administrative departments for extending continuation to the temporary posts,202409061536277305,06-09-2024,203,https://gr.maharashtra.gov.in/Site/Upload/Government%20Resolutions/English/202409061536277305.pdf,3,207686,GR_DATASET\pdfs\Finance Department\202409061536277305.pdf,Downloaded,2026-07-27 21:09:53
Finance Department,"Determining the terms and conditions regarding the loan received from the Small Industries Development Bank under the SIDBI Cluster Development Fund SCDF scheme, appointing and responsibilities of the Nodal Officer and opening the ledger",202409041514139605,04-09-2024,296,https://gr.maharashtra.gov.in/Site/Upload/Government%20Resolutions/English/202409041514139605.pdf,6,303422,GR_DATASET\pdfs\Finance Department\202409041514139605.pdf,Downloaded,2026-07-27 21:09:54
Finance Department,"Regarding the creation of an additional post of Upper Treasury Officer in Nagpur Division Senior Treasury Office, Nagpur by changing the Directorate of Accounts and Treasuries to the revised structure.",202409031725520105,02-09-2024,138,https://gr.maharashtra.gov.in/Site/Upload/Government%20Resolutions/English/202409031725520105.pdf,2,141533,GR_DATASET\pdfs\Finance Department\202409031725520105.pdf,Downloaded,2026-07-27 21:09:55
Finance Department,Regarding the announcement of Drawing and Disbursing Officers for the newly created offices due to the reorganization of the Goods and Services Tax Department..,202408301816591705,30-08-2024,628,https://gr.maharashtra.gov.in/Site/Upload/Government%20Resolutions/English/202408301816591705.pdf,12,643487,GR_DATASET\pdfs\Finance Department\202408301816591705.pdf,Downloaded,2026-07-27 21:09:56
Finance Department,"Regarding the government guaranteeing the amount of loan and interest thereon raised from various financial institutions by Maharashtra State Vidyut Vitratan Co., Limited for payment of arrears of Mahanirti and Mahaparesham companies to Mahavitran Company.",202408221157534405,22-08-2024,978,https://gr.maharashtra.gov.in/Site/Upload/Government%20Resolutions/English/202408221157534405.pdf,6,1001826,GR_DATASET\pdfs\Finance Department\202408221157534405.pdf,Downloaded,2026-07-27 21:09:56
Finance Department,Regarding appointing a study group of experts for Business Process Re-engineering of notified services under Goods and Services Tax Department.,202408211120584605,21-08-2024,142,https://gr.maharashtra.gov.in/Site/Upload/Government%20Resolutions/English/202408211120584605.pdf,2,145758,GR_DATASET\pdfs\Finance Department\202408211120584605.pdf,Downloaded,2026-07-27 21:09:57
Finance Department,"Allotment of Recommended Candidates for the post of Technical Assistant in the Directorate of Insurance, from Maharashtra Group-C Main Examination -2023.",202408211757174705,21-08-2024,214,https://gr.maharashtra.gov.in/Site/Upload/Government%20Resolutions/English/202408211757174705.pdf,2,219523,GR_DATASET\pdfs\Finance Department\202408211757174705.pdf,Downloaded,2026-07-27 21:09:58
Finance Department,"Grants and Accounts Office, Mumbai; Regarding direct deposit of all disbursements through District Treasury Offices and Sub Treasury Offices to the bank accounts of the payee through e-Kuber of Reserve Bank of India...",202408161245256305,16-08-2024,927,https://gr.maharashtra.gov.in/Site/Upload/Government%20Resolutions/English/202408161245256305.pdf,11,949252,GR_DATASET\pdfs\Finance Department\202408161245256305.pdf,Downloaded,2026-07-27 21:09:59
Finance Department,"Amended notification regarding e-PPO, e-GPO, e-CPO system for Accounts and Accounts Office, Mumbai and all 15 District Treasury Offices under the purview of Accountant General (Lt. A.) - 1, Maharashtra, Mumbai.....",202408121809325905,12-08-2024,358,https://gr.maharashtra.gov.in/Site/Upload/Government%20Resolutions/English/202408121809325905.pdf,4,367007,GR_DATASET\pdfs\Finance Department\202408121809325905.pdf,Downloaded,2026-07-27 21:09:59
Finance Department,"Regarding the announcement of new Drawing and Disbursing Officers, Controlling Officers for Drawing and Disbursing Officers, Heads of Offices, Heads of Regional Offices and Heads of Departments after the reorganization of the Goods and Services Tax Department.",202408091716058505,09-08-2024,562,https://gr.maharashtra.gov.in/Site/Upload/Government%20Resolutions/English/202408091716058505.pdf,14,575597,GR_DATASET\pdfs\Finance Department\202408091716058505.pdf,Downloaded,2026-07-27 21:10:00
Finance Department,Regarding inclusion of the PAN card number of the supplier in the State Integrated Financial Management System under the Goods and Services Tax Act at the time of supply to the supplier for taxable goods/services or both by all tax authorities.,202408091815053705,09-08-2024,347,https://gr.maharashtra.gov.in/Site/Upload/Government%20Resolutions/English/202408091815053705.pdf,5,355056,GR_DATASET\pdfs\Finance Department\202408091815053705.pdf,Downloaded,2026-07-27 21:10:01
Finance Department,"Maharashtra Finance and Accounts Service, Provisional Seniority List showing the status of Deputy Director Group-A (Senior) cadre officers as on 01.01.2023 and 01.01.2024",202408091721060905...,09-08-2024,622,https://gr.maharashtra.gov.in/Site/Upload/Government%20Resolutions/English/202408091721060905....pdf,13,637587,GR_DATASET\pdfs\Finance Department\202408091721060905....pdf,Downloaded,2026-07-27 21:10:02
Finance Department,Regarding relaxation of the condition of outsourcing Driver and Group-D posts for compassionate appointment.,202408091637289005,08-08-2024,145,https://gr.maharashtra.gov.in/Site/Upload/Government%20Resolutions/English/202408091637289005.pdf,2,148521,GR_DATASET\pdfs\Finance Department\202408091637289005.pdf,Downloaded,2026-07-27 21:10:03
Finance Department,To accord sanction to guarantee to the loan to be raised from HUDCO by MSRDC for Rs. 5500.00 crore for land acquisition of Pune Ring Road (East).,202408021544183805,02-08-2024,308,https://gr.maharashtra.gov.in/Site/Upload/Government%20Resolutions/English/202408021544183805.pdf,2,315518,GR_DATASET\pdfs\Finance Department\202408021544183805.pdf,Downloaded,2026-07-27 21:10:03
Finance Department,"Supplementary Statement for the year 2024-2025 presented in the June-July, 2024 Session",202407291614474405,29-07-2024,137,https://gr.maharashtra.gov.in/Site/Upload/Government%20Resolutions/English/202407291614474405.pdf,2,140300,GR_DATASET\pdfs\Finance Department\202407291614474405.pdf,Downloaded,2026-07-27 21:10:04
Finance Department,"Maharashtra Appropriation Act,2024 Fund Distribution",202407251105446605,25-07-2024,247,https://gr.maharashtra.gov.in/Site/Upload/Government%20Resolutions/English/202407251105446605.pdf,8,252474,GR_DATASET\pdfs\Finance Department\202407251105446605.pdf,Downloaded,2026-07-27 21:10:05
Finance Department,Renewal of Medical Reimbursement of Group Insurance Scheme for State Working/ Retired Employees and All India Services Officers.,202407231041119605,23-07-2024,2212,https://gr.maharashtra.gov.in/Site/Upload/Government%20Resolutions/English/202407231041119605.pdf,32,2265064,GR_DATASET\pdfs\Finance Department\202407231041119605.pdf,Downloaded,2026-07-27 21:10:06
Finance Department,State Finances Audit Report of the Comptroller and Auditor General of India for the year ended 31 March 2023.,202407221448267605..,16-07-2024,10374,https://gr.maharashtra.gov.in/Site/Upload/Government%20Resolutions/English/202407221448267605...pdf,492,10623163,GR_DATASET\pdfs\Finance Department\202407221448267605...pdf,Downloaded,2026-07-27 21:10:11
Finance Department,State Finances Audit Report of the Comptroller and Auditor General of India for the year ended 31 March 2022,202407221456177605..,16-07-2024,9950,https://gr.maharashtra.gov.in/Site/Upload/Government%20Resolutions/English/202407221456177605...pdf,489,10189377,GR_DATASET\pdfs\Finance Department\202407221456177605...pdf,Downloaded,2026-07-27 21:10:19
Finance Department,"Regarding revision in the rate of Dearness Allowance admissible to State Government and other eligible employees with effect from 1st JANUARY, 2024",202407101052289505,10-07-2024,156,https://gr.maharashtra.gov.in/Site/Upload/Government%20Resolutions/English/202407101052289505.pdf,3,159402,GR_DATASET\pdfs\Finance Department\202407101052289505.pdf,Downloaded,2026-07-27 21:10:20
Finance Department,"Revision of rate of dearness allowance admissible to State Government and other eligible employees drawing salary in unrevised pay structure (as per 6th Pay Commission) w.e.f. 1st JANUARY, 2024",202407101101362905,10-07-2024,329,https://gr.maharashtra.gov.in/Site/Upload/Government%20Resolutions/English/202407101101362905.pdf,3,336541,GR_DATASET\pdfs\Finance Department\202407101101362905.pdf,Downloaded,2026-07-27 21:10:21
Finance Department,"Revision of rate of dearness allowance admissible to State Government and other eligible employees drawing salary in unrevised pay structure (as per 5th Pay Commission) w.e.f. 1st 1st JANUARY, 2024",202407101109313705,10-07-2024,157,https://gr.maharashtra.gov.in/Site/Upload/Government%20Resolutions/English/202407101109313705.pdf,3,160548,GR_DATASET\pdfs\Finance Department\202407101109313705.pdf,Downloaded,2026-07-27 21:10:22
Finance Department,"Regarding payment of inflationary increment of 239 per cent with effect from January 1, 2024 to pensioners / family pensioners drawing pension / family pension in unrevised pay scale (as per 6th Pay Commission).",202407101437561305,10-07-2024,306,https://gr.maharashtra.gov.in/Site/Upload/Government%20Resolutions/English/202407101437561305.pdf,4,313360,GR_DATASET\pdfs\Finance Department\202407101437561305.pdf,Downloaded,2026-07-27 21:10:22
Finance Department,Dearness Relief Increase to 443 percentage for the pension / family pension being drawn in the pre-revised scale (Fifth Pay Commission) w.e.f. 1st January 2024,202407101442079705,10-07-2024,317,https://gr.maharashtra.gov.in/Site/Upload/Government%20Resolutions/English/202407101442079705.pdf,4,324652,GR_DATASET\pdfs\Finance Department\202407101442079705.pdf,Downloaded,2026-07-27 21:10:23
Finance Department,"Dearness Relief Increase to 50percent on Pension/Family Pension w.e.f. 1st January, 2024.",202407101443541905,10-07-2024,404,https://gr.maharashtra.gov.in/Site/Upload/Government%20Resolutions/English/202407101443541905.pdf,4,413580,GR_DATASET\pdfs\Finance Department\202407101443541905.pdf,Downloaded,2026-07-27 21:10:24
Finance Department,"Allotment of Recommended Candidates for the post of Technical Assistant in the Directorate of Insurance, from Maharashtra Group-C Main Examination -2023.",202407011613557105,01-07-2024,356,https://gr.maharashtra.gov.in/Site/Upload/Government%20Resolutions/English/202407011613557105.pdf,11,364735,GR_DATASET\pdfs\Finance Department\202407011613557105.pdf,Downloaded,2026-07-27 21:10:25
Finance Department,"Regarding determining the procedure to be followed so that accurate and objective information of unspent government funds remaining in all bank accounts at the level of government offices is available at the government level through the Budget Forecasting, Disbursement and Control System.",202406251559179105,25-06-2024,182,https://gr.maharashtra.gov.in/Site/Upload/Government%20Resolutions/English/202406251559179105.pdf,7,186579,GR_DATASET\pdfs\Finance Department\202406251559179105.pdf,Downloaded,2026-07-27 21:10:26
Finance Department,Regarding applicability of pay scale sanctioned to Selection Stenographer Cadre to the post of Personal Assistant (Group B) in Sales Tax Department.,202406251612359905,25-06-2024,485,https://gr.maharashtra.gov.in/Site/Upload/Government%20Resolutions/English/202406251612359905.pdf,2,496595,GR_DATASET\pdfs\Finance Department\202406251612359905.pdf,Downloaded,2026-07-27 21:10:26
Finance Department,"Regarding provision of fifth installment of 7th Pay Commission arrears due on July 1, 2023 to State Government and other eligible employees and retired employees.",202406201702164905,20-06-2024,302,https://gr.maharashtra.gov.in/Site/Upload/Government%20Resolutions/English/202406201702164905.pdf,4,309571,GR_DATASET\pdfs\Finance Department\202406201702164905.pdf,Downloaded,2026-07-27 21:10:27
Finance Department,As per the recommendation of the State Pay Revision Committee 2017 with the approval of the Government regarding the retention of the pay scale of the original post / fixation of pay in the revised pay scale.,202406121614577805,12-06-2024,374,https://gr.maharashtra.gov.in/Site/Upload/Government%20Resolutions/English/202406121614577805.pdf,4,382613,GR_DATASET\pdfs\Finance Department\202406121614577805.pdf,Downloaded,2026-07-27 21:10:28
Finance Department,Just-in-Time release of Centrally Sponsored Schemes (CSS) funds through e-kuber platform of Reserve Bank of India (RBI) notification of States and Schemes to be covered under the SNA SPARSH model.,202406111752123805..,11-06-2024,2719,https://gr.maharashtra.gov.in/Site/Upload/Government%20Resolutions/English/202406111752123805...pdf,9,2784631,GR_DATASET\pdfs\Finance Department\202406111752123805...pdf,Downloaded,2026-07-27 21:10:29
Finance Department,Regarding laying down procedures to remove difficulties faced by pensioners or family pensioners with infirmity - disability - disability due to old age and / or physical ailments and chronic diseases in handling banking transactions relating to their pension or family pension.,202406111810400505..,11-06-2024,1266,https://gr.maharashtra.gov.in/Site/Upload/Government%20Resolutions/English/202406111810400505...pdf,21,1297335,GR_DATASET\pdfs\Finance Department\202406111810400505...pdf,Downloaded,2026-07-27 21:10:31
Finance Department,Procedure for granting Family pension/Invalid pension and Death gratuity/Retirement gratuity to the employees Covered under DCPS/NPS,202405301144048805,30-05-2024,147,https://gr.maharashtra.gov.in/Site/Upload/Government%20Resolutions/English/202405301144048805.pdf,3,150552,GR_DATASET\pdfs\Finance Department\202405301144048805.pdf,Downloaded,2026-07-27 21:10:31
Finance Department,Regarding service continuation for the purpose of retirement gratuity of the employees whose first appointment is on and 01.11.2005 and whose is covered under DCPS/NPS,202405301147298705,30-05-2024,145,https://gr.maharashtra.gov.in/Site/Upload/Government%20Resolutions/English/202405301147298705.pdf,3,148349,GR_DATASET\pdfs\Finance Department\202405301147298705.pdf,Downloaded,2026-07-27 21:10:32
Finance Department,"Purchase of bags for distribution of additional budget publications to members of the legislature and others during the June, 2024 session.",202405241557488505,24-05-2024,144,https://gr.maharashtra.gov.in/Site/Upload/Government%20Resolutions/English/202405241557488505.pdf,2,147106,GR_DATASET\pdfs\Finance Department\202405241557488505.pdf,Downloaded,2026-07-27 21:10:33
Finance Department,"Regarding implementation of e-PPO, e-GPO, e-CPO system for all 19 District Treasury Offices under the jurisdiction of Accountant General (Lt. A.) - 2, Maharashtra, Nagpur.....",202405221758418205,22-05-2024,653,https://gr.maharashtra.gov.in/Site/Upload/Government%20Resolutions/English/202405221758418205.pdf,13,668594,GR_DATASET\pdfs\Finance Department\202405221758418205.pdf,Downloaded,2026-07-27 21:10:33
Finance Department,Regarding the cancellation of the government guarantee for the amount of Rs.1000 crore bridge loan taken from the State Bank of India for the Mumbai Metro Marg-3 project being implemented through the Mumbai Metro Rail Corporation.,202405171142461405,17-05-2024,442,https://gr.maharashtra.gov.in/Site/Upload/Government%20Resolutions/English/202405171142461405.pdf,2,452778,GR_DATASET\pdfs\Finance Department\202405171142461405.pdf,Downloaded,2026-07-27 21:10:34
Finance Department,Regarding return of unspent funds out of grants distributed by Govt.,202405171751595705...,17-05-2024,509,https://gr.maharashtra.gov.in/Site/Upload/Government%20Resolutions/English/202405171751595705....pdf,5,522174,GR_DATASET\pdfs\Finance Department\202405171751595705....pdf,Downloaded,2026-07-27 21:10:35
Finance Department,"Regarding taking immediate action in respect of unclaimed deposits in Inoperative Bank Accounts of Government Offices, Local Swaraj Sansthas, Corporations and other institutions",202405161616470905...,16-05-2024,1539,https://gr.maharashtra.gov.in/Site/Upload/Government%20Resolutions/English/202405161616470905....pdf,62,1576361,GR_DATASET\pdfs\Finance Department\202405161616470905....pdf,Downloaded,2026-07-27 21:10:37
Finance Department,Regarding canceling the government guarantee for the amount of Rs.1000 crore bridge loan taken from HUDCO for the Mumbai Metro Marg-3 project being implemented through Mumbai Metro Rail Corporation.,202405091218301505,09-05-2024,267,https://gr.maharashtra.gov.in/Site/Upload/Government%20Resolutions/English/202405091218301505.pdf,2,273757,GR_DATASET\pdfs\Finance Department\202405091218301505.pdf,Downloaded,2026-07-27 21:10:37
Finance Department,"Supplementary Demands for the Year 2024-2025. (June, 2024.)",202405071532487605,07-05-2024,206,https://gr.maharashtra.gov.in/Site/Upload/Government%20Resolutions/English/202405071532487605.pdf,11,210675,GR_DATASET\pdfs\Finance Department\202405071532487605.pdf,Downloaded,2026-07-27 21:10:38
Finance Department,Regarding implementation of National Pension System benefits payable on termination of membership of National Pension System,202405031233360705,03-05-2024,139,https://gr.maharashtra.gov.in/Site/Upload/Government%20Resolutions/English/202405031233360705.pdf,2,141838,GR_DATASET\pdfs\Finance Department\202405031233360705.pdf,Downloaded,2026-07-27 21:10:39
Finance Department,Additional Budget 2024-25 inclusion of new items of expenditure.,202405031348489405,03-05-2024,270,https://gr.maharashtra.gov.in/Site/Upload/Government%20Resolutions/English/202405031348489405.pdf,9,276536,GR_DATASET\pdfs\Finance Department\202405031348489405.pdf,Downloaded,2026-07-27 21:10:39
Finance Department,Procedure to be followed in application of Maharashtra Civil Service (Pension) Rules 1982 to Government employees who joined government service on or after 1.11.2005 in case of advertisement before 1.11.2005,202405021426122405,02-05-2024,167,https://gr.maharashtra.gov.in/Site/Upload/Government%20Resolutions/English/202405021426122405.pdf,6,171269,GR_DATASET\pdfs\Finance Department\202405021426122405.pdf,Downloaded,2026-07-27 21:10:40
Finance Department,Redressal of Wage Errors Committee regarding fixation of remuneration of the Chairman of 2024.,202404261718524005,26-04-2024,166,https://gr.maharashtra.gov.in/Site/Upload/Government%20Resolutions/English/202404261718524005.pdf,2,169603,GR_DATASET\pdfs\Finance Department\202404261718524005.pdf,Downloaded,2026-07-27 21:10:41
Finance Department,"Regarding the Government guaranteeing the amount of loan and interest thereon raised by the Maharashtra State Vidyut Vitratan Company, Limited from various financial institutions to pay the outstanding dues of the Mahanirti and Mahapareshan companies to the Mahavitran Company.",202404231207138505,23-04-2024,1112,https://gr.maharashtra.gov.in/Site/Upload/Government%20Resolutions/English/202404231207138505.pdf,6,1139121,GR_DATASET\pdfs\Finance Department\202404231207138505.pdf,Downloaded,2026-07-27 21:10:42
Finance Department,"Regarding providing government guarantee to Maulana Azad Minority Economic Development Corporation for borrowing Rs.500.00 crore from National Minority Development and Finance Corporation, New Delhi (N.M.D.F.C.).",202404051623304305,05-04-2024,517,https://gr.maharashtra.gov.in/Site/Upload/Government%20Resolutions/English/202404051623304305.pdf,3,529841,GR_DATASET\pdfs\Finance Department\202404051623304305.pdf,Downloaded,2026-07-27 21:10:42
Finance Department,"Regarding extension of 13 temporary posts in the office of Maharashtra Sales Tax Tribunal, Mumbai.",202404021504139005,02-04-2024,143,https://gr.maharashtra.gov.in/Site/Upload/Government%20Resolutions/English/202404021504139005.pdf,3,146739,GR_DATASET\pdfs\Finance Department\202404021504139005.pdf,Downloaded,2026-07-27 21:10:43
Finance Department,"Maharashtra Appropriation (vote on Accounts) Act, 2024 Distribution of Funds",202404011504552205,01-04-2024,207,https://gr.maharashtra.gov.in/Site/Upload/Government%20Resolutions/English/202404011504552205.pdf,6,211966,GR_DATASET\pdfs\Finance Department\202404011504552205.pdf,Downloaded,2026-07-27 21:10:44
Finance Department,Disbursement of funds in the year 2023-24.,202403271824466605,27-03-2024,140,https://gr.maharashtra.gov.in/Site/Upload/Government%20Resolutions/English/202403271824466605.pdf,2,142889,GR_DATASET\pdfs\Finance Department\202403271824466605.pdf,Downloaded,2026-07-27 21:10:44
Finance Department,Constitute committee for submitting memorandum to 16th Finance Commission from Maharashtra State.,202403261538457305,26-03-2024,146,https://gr.maharashtra.gov.in/Site/Upload/Government%20Resolutions/English/202403261538457305.pdf,2,149069,GR_DATASET\pdfs\Finance Department\202403261538457305.pdf,Downloaded,2026-07-27 21:10:45
Finance Department,"Maharashtra Group-c services main exam -2021 recommended by Maharashtra Public service commission, Regarding Cancellation of allotment of waitlisted candidates to the post of Technical Assistant Group-c Directorate of Insurance",202403221516209905,22-03-2024,226,https://gr.maharashtra.gov.in/Site/Upload/Government%20Resolutions/English/202403221516209905.pdf,2,231375,GR_DATASET\pdfs\Finance Department\202403221516209905.pdf,Downloaded,2026-07-27 21:10:46
Finance Department,"Opening of account for borrowing under SIDBI Cluster Development Fund SCDF scheme from Small Industries Development Bank for infrastructural development for Micro, Small and Medium Enterprises in the State and fixing the appointment and responsibilities of Nodal Officer",202403211457051305,21-03-2024,331,https://gr.maharashtra.gov.in/Site/Upload/Government%20Resolutions/English/202403211457051305.pdf,4,339206,GR_DATASET\pdfs\Finance Department\202403211457051305.pdf,Downloaded,2026-07-27 21:10:47
Finance Department,Lok Sabha Elections - 2024 Regarding implementation of model code of conduct.,202403201746065805,20-03-2024,133,https://gr.maharashtra.gov.in/Site/Upload/Government%20Resolutions/English/202403201746065805.pdf,1,136607,GR_DATASET\pdfs\Finance Department\202403201746065805.pdf,Downloaded,2026-07-27 21:10:48
Finance Department,Establishment of Pay Error Redressal Committee 2024 to rectify the errors in the pay scales of the 7th Pay Commission.,202403161506088905.,16-03-2024,162,https://gr.maharashtra.gov.in/Site/Upload/Government%20Resolutions/English/202403161506088905..pdf,3,166267,GR_DATASET\pdfs\Finance Department\202403161506088905..pdf,Downloaded,2026-07-27 21:10:48
Finance Department,Reorganization/fixing of Revised Chart of Goods and Services Tax Department,202403151928452505.,15-03-2024,398,https://gr.maharashtra.gov.in/Site/Upload/Government%20Resolutions/English/202403151928452505..pdf,12,407861,GR_DATASET\pdfs\Finance Department\202403151928452505..pdf,Downloaded,2026-07-27 21:10:49
Finance Department,"Regarding declaration of Head of Department, Head of Office, Head of Regional Office, Drawing and Disbursing Officer and Controller of Drawing and Disbursing Officers for Maharashtra Sales Tax Tribunal, Mumbai",202403151929013205,15-03-2024,140,https://gr.maharashtra.gov.in/Site/Upload/Government%20Resolutions/English/202403151929013205.pdf,2,143801,GR_DATASET\pdfs\Finance Department\202403151929013205.pdf,Downloaded,2026-07-27 21:10:50
Finance Department,"Regarding extension of three new Benches of Maharashtra Sales Tax Tribunal at Mumbai, Pune and Nagpur till 31.03.2025.",202403151928561305,15-03-2024,142,https://gr.maharashtra.gov.in/Site/Upload/Government%20Resolutions/English/202403151928561305.pdf,2,145328,GR_DATASET\pdfs\Finance Department\202403151928561305.pdf,Downloaded,2026-07-27 21:10:50
Finance Department,Under the restructuring of the Goods and Services Tax Department Regarding extension of 264 temporary posts sanctioned for Bombay Sales Tax Act,202403151928317305,15-03-2024,143,https://gr.maharashtra.gov.in/Site/Upload/Government%20Resolutions/English/202403151928317305.pdf,2,146031,GR_DATASET\pdfs\Finance Department\202403151928317305.pdf,Downloaded,2026-07-27 21:10:51
Finance Department,Regarding extension of 1704 posts in main cadre and 585 temporary posts in other cadres in establishments in Goods and Services Tax Department (formerly Sales Tax Department).,202403151916411205,15-03-2024,555,https://gr.maharashtra.gov.in/Site/Upload/Government%20Resolutions/English/202403151916411205.pdf,3,568668,GR_DATASET\pdfs\Finance Department\202403151916411205.pdf,Downloaded,2026-07-27 21:10:52
Finance Department,Buldana District Central Co-operative Bank Regarding Government guarantee of medium term loan of Rs.300 crores from Maharashtra Co-operative State Bank.,202403141427139805......,14-03-2024,922,https://gr.maharashtra.gov.in/Site/Upload/Government%20Resolutions/English/202403141427139805.......pdf,6,944642,GR_DATASET\pdfs\Finance Department\202403141427139805.......pdf,Downloaded,2026-07-27 21:10:55
Finance Department,Regarding implementation of Central Governments Special Assistance Scheme for Capital Investment to States.,202403141930429605,14-03-2024,315,https://gr.maharashtra.gov.in/Site/Upload/Government%20Resolutions/English/202403141930429605.pdf,3,323036,GR_DATASET\pdfs\Finance Department\202403141930429605.pdf,Downloaded,2026-07-27 21:10:55
Finance Department,Regarding fixation of rate of interest for the financial year 2023-24 in respect of capital expenditure on irrigation projects.,202403131518449705,13-03-2024,216,https://gr.maharashtra.gov.in/Site/Upload/Government%20Resolutions/English/202403131518449705.pdf,3,221102,GR_DATASET\pdfs\Finance Department\202403131518449705.pdf,Downloaded,2026-07-27 21:10:56
Finance Department,Regarding sanctioned loan of Rs.200.6793 crore from National Agriculture and Rural Development Bank under RIDF-29 for 66 rural road projects under Mukhyamantri Gram Sadak Yojana of Rural Development Department.,202403131723214105,13-03-2024,151,https://gr.maharashtra.gov.in/Site/Upload/Government%20Resolutions/English/202403131723214105.pdf,3,154490,GR_DATASET\pdfs\Finance Department\202403131723214105.pdf,Downloaded,2026-07-27 21:10:57
Finance Department,Regarding extension of temporary posts on establishment of Finance Department (own) and Directorate of State Lotteries In the period dt.01 March 2024 to 31 August 2024,202403111311215105..,11-03-2024,157,https://gr.maharashtra.gov.in/Site/Upload/Government%20Resolutions/English/202403111311215105...pdf,3,161024,GR_DATASET\pdfs\Finance Department\202403111311215105...pdf,Downloaded,2026-07-27 21:10:58
Finance Department,Revised diagram Regarding the abolition of posts in the cadre of Vehicle Drivers in the Directorate of Accounts and Treasury under the Finance Department and their subordinate offices.,202403111540455105,11-03-2024,144,https://gr.maharashtra.gov.in/Site/Upload/Government%20Resolutions/English/202403111540455105.pdf,3,147504,GR_DATASET\pdfs\Finance Department\202403111540455105.pdf,Downloaded,2026-07-27 21:10:59
Finance Department,Measures to be taken for delivery of personal benefit schemes to eligible beneficiaries,202403041540399405,04-03-2024,147,https://gr.maharashtra.gov.in/Site/Upload/Government%20Resolutions/English/202403041540399405.pdf,3,150875,GR_DATASET\pdfs\Finance Department\202403041540399405.pdf,Downloaded,2026-07-27 21:10:59
Finance Department,"Instructions regarding action to be taken by all Administrative Departments as well as Grants and Accounts Office, Mumbai / District Treasury Offices / Sub Treasury Offices at the end of the financial year 2023-2024.",202403041746015205,04-03-2024,1176,https://gr.maharashtra.gov.in/Site/Upload/Government%20Resolutions/English/202403041746015205.pdf,7,1204349,GR_DATASET\pdfs\Finance Department\202403041746015205.pdf,Downloaded,2026-07-27 21:11:00
Finance Department,"Supplementary demands for the year 2023-24 presented in the February, 2024 session also, disbursement of funds in the year 2023-24.",202403051054595805..,04-03-2024,154,https://gr.maharashtra.gov.in/Site/Upload/Government%20Resolutions/English/202403051054595805...pdf,3,158015,GR_DATASET\pdfs\Finance Department\202403051054595805...pdf,Downloaded,2026-07-27 21:11:01
Finance Department,House Building Advance,202403011814317805,01-03-2024,227,https://gr.maharashtra.gov.in/Site/Upload/Government%20Resolutions/English/202403011814317805.pdf,9,232532,GR_DATASET\pdfs\Finance Department\202403011814317805.pdf,Downloaded,2026-07-27 21:11:02
Finance Department,Regarding sanctioned loan from National Agricultural and Rural Development Bank under RIDF-29 for 242 works of Public Works Department at a cost of Rs.505.28 crores.,202403041534302005...,01-03-2024,8638,https://gr.maharashtra.gov.in/Site/Upload/Government%20Resolutions/English/202403041534302005....pdf,17,8846223,GR_DATASET\pdfs\Finance Department\202403041534302005....pdf,Downloaded,2026-07-27 21:11:06
Finance Department,Regarding sanctioned loan of Rs.14.7275 crore from National Agriculture and Rural Development Bank under RIDF-28 for 4 rural road projects of Mukhyamantri Gram Sadak Yojana of Rural Development Department.,202402281458215105,28-02-2024,670,https://gr.maharashtra.gov.in/Site/Upload/Government%20Resolutions/English/202402281458215105.pdf,5,686553,GR_DATASET\pdfs\Finance Department\202402281458215105.pdf,Downloaded,2026-07-27 21:11:07
Finance Department,"Funds Release to Goods and Services Tax Bhawan at Wadala, Mumbai.",202402271228165705,27-02-2024,795,https://gr.maharashtra.gov.in/Site/Upload/Government%20Resolutions/English/202402271228165705.pdf,2,813923,GR_DATASET\pdfs\Finance Department\202402271228165705.pdf,Downloaded,2026-07-27 21:11:08
Finance Department,Regarding extension of time to the Fifth Bench constituted for expeditious disposal of long pending cases filed before the Maharashtra Sales Tax Tribunal,202402271224024405,27-02-2024,141,https://gr.maharashtra.gov.in/Site/Upload/Government%20Resolutions/English/202402271224024405.pdf,2,144232,GR_DATASET\pdfs\Finance Department\202402271224024405.pdf,Downloaded,2026-07-27 21:11:09
Finance Department,Monthly Pension Contribution Leave Salary Contribution during active foreign service of Governement Servants,202402221505201105,22-02-2024,147,https://gr.maharashtra.gov.in/Site/Upload/Government%20Resolutions/English/202402221505201105.pdf,3,150363,GR_DATASET\pdfs\Finance Department\202402221505201105.pdf,Downloaded,2026-07-27 21:11:09
Finance Department,"Clarification regarding Pay Fixation of pay scale adopted in pursuance of recommendation in Volume-II of State Pay Revision Committee, 2017 report",202402221830136705,22-02-2024,425,https://gr.maharashtra.gov.in/Site/Upload/Government%20Resolutions/English/202402221830136705.pdf,5,435481,GR_DATASET\pdfs\Finance Department\202402221830136705.pdf,Downloaded,2026-07-27 21:11:10
Finance Department,Delegation of powers to the administrative departments for extending continuation to the temporary posts,202402211708574705,21-02-2024,145,https://gr.maharashtra.gov.in/Site/Upload/Government%20Resolutions/English/202402211708574705.pdf,3,148720,GR_DATASET\pdfs\Finance Department\202402211708574705.pdf,Downloaded,2026-07-27 21:11:11
Finance Department,Amending the Government Resolution dated 01.04.2010 regarding implementation of Modified Assured Career Progression Scheme applicable to State Government Employees,202402211836460005,21-02-2024,143,https://gr.maharashtra.gov.in/Site/Upload/Government%20Resolutions/English/202402211836460005.pdf,2,146279,GR_DATASET\pdfs\Finance Department\202402211836460005.pdf,Downloaded,2026-07-27 21:11:11
Finance Department,Amending the Government Resolution dated 02.03.2019 regarding implementation of Modified Assured Career Progression Scheme applicable to State Government Employees in Seventh Pay Commission,202402211840583305,21-02-2024,143,https://gr.maharashtra.gov.in/Site/Upload/Government%20Resolutions/English/202402211840583305.pdf,2,146486,GR_DATASET\pdfs\Finance Department\202402211840583305.pdf,Downloaded,2026-07-27 21:11:12
Finance Department,Action to be taken on purchase proposals at the end of the financial year,202402141136560005,14-02-2024,490,https://gr.maharashtra.gov.in/Site/Upload/Government%20Resolutions/English/202402141136560005.pdf,3,501856,GR_DATASET\pdfs\Finance Department\202402141136560005.pdf,Downloaded,2026-07-27 21:11:13
Finance Department,Search-cum Selection Committee for the selectio of Technical Member (State) of the State Benches of GST Appellate Tribunal -reg.,202402141210376705,14-02-2024,255,https://gr.maharashtra.gov.in/Site/Upload/Government%20Resolutions/English/202402141210376705.pdf,1,260668,GR_DATASET\pdfs\Finance Department\202402141210376705.pdf,Downloaded,2026-07-27 21:11:14
Finance Department,Regarding implementation of the system and procedure of Virtual Personal Deposit Account for drawing and disbursing officers and other non-governmental implementing authorities for speedy disbursement and control of Subsidiary Grants....,202402141720506705..,14-02-2024,552,https://gr.maharashtra.gov.in/Site/Upload/Government%20Resolutions/English/202402141720506705...pdf,18,565920,GR_DATASET\pdfs\Finance Department\202402141720506705...pdf,Downloaded,2026-07-27 21:11:14
Finance Department,Regarding giving ex post facto approve to the committee appointed for comparative study of National Pension System and Old Pension Scheme upto 30.11.2023,202402131445554705,13-02-2024,140,https://gr.maharashtra.gov.in/Site/Upload/Government%20Resolutions/English/202402131445554705.pdf,2,143757,GR_DATASET\pdfs\Finance Department\202402131445554705.pdf,Downloaded,2026-07-27 21:11:15
Finance Department,Central Government regarding issuance of Income Tax Deduction Circular for the Financial Year 2023-2024 (Assessment Year 2024-2025),202402071525538605,07-02-2024,845,https://gr.maharashtra.gov.in/Site/Upload/Government%20Resolutions/English/202402071525538605.pdf,2,865184,GR_DATASET\pdfs\Finance Department\202402071525538605.pdf,Downloaded,2026-07-27 21:11:16
Finance Department,Regarding omission of provision in State Government Employees Group Personal Accident Insurance Scheme.,202402061651472105,06-02-2024,185,https://gr.maharashtra.gov.in/Site/Upload/Government%20Resolutions/English/202402061651472105.pdf,2,189258,GR_DATASET\pdfs\Finance Department\202402061651472105.pdf,Downloaded,2026-07-27 21:11:17
Finance Department,Budget Distribution 2023-24,202402051100131205,05-02-2024,168,https://gr.maharashtra.gov.in/Site/Upload/Government%20Resolutions/English/202402051100131205.pdf,3,171531,GR_DATASET\pdfs\Finance Department\202402051100131205.pdf,Downloaded,2026-07-27 21:11:18
Finance Department,Regarding Sanctioning monthly allowance to ministerial Clerk-Typist cadre.,202402051546277005,05-02-2024,391,https://gr.maharashtra.gov.in/Site/Upload/Government%20Resolutions/English/202402051546277005.pdf,3,400126,GR_DATASET\pdfs\Finance Department\202402051546277005.pdf,Downloaded,2026-07-27 21:11:18
Finance Department,Coverage under Maharashtra civil services (Pension) rules in place of National Pension System of those state Government employees who were recruited against posts advertised/notified for recruitment on or before 01/11/2005.,202402021829458605,02-02-2024,156,https://gr.maharashtra.gov.in/Site/Upload/Government%20Resolutions/English/202402021829458605.pdf,3,159315,GR_DATASET\pdfs\Finance Department\202402021829458605.pdf,Downloaded,2026-07-27 21:11:19
Finance Department,government vehicle Price limit policy.,202402021844052005,02-02-2024,172,https://gr.maharashtra.gov.in/Site/Upload/Government%20Resolutions/English/202402021844052005.pdf,5,175626,GR_DATASET\pdfs\Finance Department\202402021844052005.pdf,Downloaded,2026-07-27 21:11:20
Finance Department,To give the benefit of revised commutation of pension as per seventh pay commission to the pensioners who retired from service between 1st January 2016 to 31st December 2018,202401311523318305,31-01-2024,145,https://gr.maharashtra.gov.in/Site/Upload/Government%20Resolutions/English/202401311523318305.pdf,3,147977,GR_DATASET\pdfs\Finance Department\202401311523318305.pdf,Downloaded,2026-07-27 21:11:20
Finance Department,"State Government Employees Group Insurance Scheme, 1982.. Calculated charts of benefits from Savings Fund, for the period of 1st January, 2024 to 31st December, 2024.",202401311546587005...,31-01-2024,482,https://gr.maharashtra.gov.in/Site/Upload/Government%20Resolutions/English/202401311546587005....pdf,6,493728,GR_DATASET\pdfs\Finance Department\202401311546587005....pdf,Downloaded,2026-07-27 21:11:21
Finance Department,Administrative approval for construction of compound wall for Sales Tax office at Mira Bhayander,202401301151205405,30-01-2024,143,https://gr.maharashtra.gov.in/Site/Upload/Government%20Resolutions/English/202401301151205405.pdf,2,146124,GR_DATASET\pdfs\Finance Department\202401301151205405.pdf,Downloaded,2026-07-27 21:11:22
Finance Department,Guidelines for proposals from Ministerial Departments to be submitted to the High Power Committee.,202401301641297505,30-01-2024,141,https://gr.maharashtra.gov.in/Site/Upload/Government%20Resolutions/English/202401301641297505.pdf,2,144169,GR_DATASET\pdfs\Finance Department\202401301641297505.pdf,Downloaded,2026-07-27 21:11:23
Finance Department,Revised Administrative approval to Chandrapur GST Bhavan,202401241731392005,24-01-2024,284,https://gr.maharashtra.gov.in/Site/Upload/Government%20Resolutions/English/202401241731392005.pdf,2,290387,GR_DATASET\pdfs\Finance Department\202401241731392005.pdf,Downloaded,2026-07-27 21:11:24
Finance Department,Regarding the government guaranteeing the amount of the loan taken/incurred from HUDCO for the bridge loan amounting to Rs.1000 crore for the Mumbai Metro Marg-3 project being implemented through the Mumbai Metro Rail Corporation.,202401181208001705,18-01-2024,346,https://gr.maharashtra.gov.in/Site/Upload/Government%20Resolutions/English/202401181208001705.pdf,3,354553,GR_DATASET\pdfs\Finance Department\202401181208001705.pdf,Downloaded,2026-07-27 21:11:25
Finance Department,"Allotment of Recommended Candidates from waiting list, for the post of Technical Assistant in the Directorate of Insurance, from Maharashtra Group-C Main Examination -2021",202401181518162105,18-01-2024,370,https://gr.maharashtra.gov.in/Site/Upload/Government%20Resolutions/English/202401181518162105.pdf,12,378838,GR_DATASET\pdfs\Finance Department\202401181518162105.pdf,Downloaded,2026-07-27 21:11:25
Finance Department,"Supplementary demands for expenditure in the year 2023-2024 First (Budget) Session of February, 2024.",202401171728001505,17-01-2024,154,https://gr.maharashtra.gov.in/Site/Upload/Government%20Resolutions/English/202401171728001505.pdf,11,157509,GR_DATASET\pdfs\Finance Department\202401171728001505.pdf,Downloaded,2026-07-27 21:11:26
Finance Department,Increase in pension / family pension to pensioner / family pensioner of 80 years of age and above with effect from 1st January 2024.,202401161616207505,16-01-2024,692,https://gr.maharashtra.gov.in/Site/Upload/Government%20Resolutions/English/202401161616207505.pdf,5,708521,GR_DATASET\pdfs\Finance Department\202401161616207505.pdf,Downloaded,2026-07-27 21:11:27
Finance Department,"Dindora Barrage Project of Water Resources Department under RIDF-29 from National Agriculture and Rural Development Bank, Varora, Distt. Chandrapur and Reguntha Upsa Irrigation Scheme Sinrocha, Dist. Regarding acceptance of loan of Rs.750.00 crore sanctioned for Gadchiroli 2 Irrigation Project.",202401151611122705,15-01-2024,752,https://gr.maharashtra.gov.in/Site/Upload/Government%20Resolutions/English/202401151611122705.pdf,5,770272,GR_DATASET\pdfs\Finance Department\202401151611122705.pdf,Downloaded,2026-07-27 21:11:28
Finance Department,Regarding refund of State Goods and Services Tax (SGST) applicable on ticket price of Marathi film Satyashodhak.,202401111204063705,11-01-2024,139,https://gr.maharashtra.gov.in/Site/Upload/Government%20Resolutions/English/202401111204063705.pdf,2,142752,GR_DATASET\pdfs\Finance Department\202401111204063705.pdf,Downloaded,2026-07-27 21:11:28
Finance Department,"Regarding Government guarantee to Maulana Azad Minority Economic Development Corporation for taking a loan of Rs.500.00 crore from National Minority Development and Finance Corporation, New Delhi (N.D.F.C.).",202401091636058505...,09-01-2024,1033,https://gr.maharashtra.gov.in/Site/Upload/Government%20Resolutions/English/202401091636058505....pdf,7,1058246,GR_DATASET\pdfs\Finance Department\202401091636058505....pdf,Downloaded,2026-07-27 21:11:30
Finance Department,Regarding grant of administrative approval. Purchase of bags for distribution to Members of Legislature and others for the budget session of the year 2024-25.,202401081746219105,08-01-2024,143,https://gr.maharashtra.gov.in/Site/Upload/Government%20Resolutions/English/202401081746219105.pdf,2,146689,GR_DATASET\pdfs\Finance Department\202401081746219105.pdf,Downloaded,2026-07-27 21:11:30
Finance Department,State Bank of India for Mumbai Metro Line-3 project being implemented through Mumbai Metro Rail Corporation. Regarding the government guaranteeing the amount of loan taken/incurred under the bridge loan amounting to 1000 crores,202401051118147305,05-01-2024,641,https://gr.maharashtra.gov.in/Site/Upload/Government%20Resolutions/English/202401051118147305.pdf,2,656132,GR_DATASET\pdfs\Finance Department\202401051118147305.pdf,Downloaded,2026-07-27 21:11:31
Finance Department,Regarding the implementation of Urban Infrastructure Development Fund (UIDF) scheme in the municipal/municipal areas of the state and formation of a high level committee under the chairmanship of the Chief Secretary to monitor the scheme.,202401041737261905,04-01-2024,148,https://gr.maharashtra.gov.in/Site/Upload/Government%20Resolutions/English/202401041737261905.pdf,3,151847,GR_DATASET\pdfs\Finance Department\202401041737261905.pdf,Downloaded,2026-07-27 21:11:32
Finance Department,Regarding granting the power to fill up constitutional posts in agricultural as well as non-agricultural universities including Mumbai University on permanent basis to concern department.,202312291533581505,29-12-2023,133,https://gr.maharashtra.gov.in/Site/Upload/Government%20Resolutions/English/202312291533581505.pdf,1,135807,GR_DATASET\pdfs\Finance Department\202312291533581505.pdf,Downloaded,2026-07-27 21:11:32
Finance Department,"Maharashtra Group-c services main exam -2021 recommended by Maharashtra Public service commission, Regarding Cancellation of allotment of waitlisted candidates to the post of Technical Assistant Group-c Directorate of Insurance",202312291635497805,29-12-2023,222,https://gr.maharashtra.gov.in/Site/Upload/Government%20Resolutions/English/202312291635497805.pdf,2,227362,GR_DATASET\pdfs\Finance Department\202312291635497805.pdf,Downloaded,2026-07-27 21:11:33
Finance Department,"Disbursement of funds for construction of new building of Goods and Services Tax Bhavan at Wadala, Mumbai",202312281429225005,28-12-2023,311,https://gr.maharashtra.gov.in/Site/Upload/Government%20Resolutions/English/202312281429225005.pdf,2,318074,GR_DATASET\pdfs\Finance Department\202312281429225005.pdf,Downloaded,2026-07-27 21:11:34
Finance Department,Regarding the implementation of the new service system... regarding the extension of time for the withdrawal and disbursement officer to update the available data in the service system in the new service system.,202312281605006505,28-12-2023,223,https://gr.maharashtra.gov.in/Site/Upload/Government%20Resolutions/English/202312281605006505.pdf,4,228373,GR_DATASET\pdfs\Finance Department\202312281605006505.pdf,Downloaded,2026-07-27 21:11:35
Finance Department,"Supplementary Statement of Expenditure for the year 2023-2024 presented to Legislature in the December, 2023.",202312191114532005,19-12-2023,138,https://gr.maharashtra.gov.in/Site/Upload/Government%20Resolutions/English/202312191114532005.pdf,2,141546,GR_DATASET\pdfs\Finance Department\202312191114532005.pdf,Downloaded,2026-07-27 21:11:35
Finance Department,"Maharashtra Appropriation Act, 2023 Fund Distribution Centrally Sponsored Scheme",202312081246357605,08-12-2023,145,https://gr.maharashtra.gov.in/Site/Upload/Government%20Resolutions/English/202312081246357605.pdf,3,148337,GR_DATASET\pdfs\Finance Department\202312081246357605.pdf,Downloaded,2026-07-27 21:11:36
Finance Department,To ensure that the funds disbursed by the Central Government in respect of Centrally Sponsored Schemes are credited to the Consolidated Fund of the State,202312051825416605,05-12-2023,142,https://gr.maharashtra.gov.in/Site/Upload/Government%20Resolutions/English/202312051825416605.pdf,2,145375,GR_DATASET\pdfs\Finance Department\202312051825416605.pdf,Downloaded,2026-07-27 21:11:37
Finance Department,List of Maharashtra State Government Sponsored Lottery schemes Period dt.04/12/2023. to dt.10/12/2023.,202312071205202505,05-12-2023,342,https://gr.maharashtra.gov.in/Site/Upload/Government%20Resolutions/English/202312071205202505.pdf,2,349977,GR_DATASET\pdfs\Finance Department\202312071205202505.pdf,Downloaded,2026-07-27 21:11:37
Finance Department,"Maharashtra Group-c services main exam -2021 recommended by Maharashtra Public service commission, Regarding Cancellation of allotment of waitlisted candidates to the post of Technical Assistant Group-c Directorate of Insurance",202312041521409105,04-12-2023,225,https://gr.maharashtra.gov.in/Site/Upload/Government%20Resolutions/English/202312041521409105.pdf,2,230517,GR_DATASET\pdfs\Finance Department\202312041521409105.pdf,Downloaded,2026-07-27 21:11:38
Finance Department,Fixation of time limit for implementation of National Pension System applicable to State Government Employees.,202312041627292805,04-12-2023,1001,https://gr.maharashtra.gov.in/Site/Upload/Government%20Resolutions/English/202312041627292805.pdf,19,1025169,GR_DATASET\pdfs\Finance Department\202312041627292805.pdf,Downloaded,2026-07-27 21:11:39
Finance Department,List of Lottery Schemes Sponsored by Maharashtra Govt,202312011113174005,01-12-2023,501,https://gr.maharashtra.gov.in/Site/Upload/Government%20Resolutions/English/202312011113174005.pdf,4,513475,GR_DATASET\pdfs\Finance Department\202312011113174005.pdf,Downloaded,2026-07-27 21:11:40
Finance Department,Regarding the revision of the list of District Central Co-operative Banks for the year 2023-24 to authorize the opening of Bank Accounts of Drawing and Disbursing Officers and Personal Bank Accounts of Pensioners for disbursement of salaries and allowances to Government employees.....,202312011538196605,01-12-2023,145,https://gr.maharashtra.gov.in/Site/Upload/Government%20Resolutions/English/202312011538196605.pdf,3,148436,GR_DATASET\pdfs\Finance Department\202312011538196605.pdf,Downloaded,2026-07-27 21:11:41
Finance Department,"Administrative approval to rapairing of underground R.C.C. water tank at GST Bhavan, Mazgaon",202311301619324105,30-11-2023,320,https://gr.maharashtra.gov.in/Site/Upload/Government%20Resolutions/English/202311301619324105.pdf,3,327573,GR_DATASET\pdfs\Finance Department\202311301619324105.pdf,Downloaded,2026-07-27 21:11:42
Finance Department,Regarding the implementation of the new service system... regarding the extension of time for the withdrawal and disbursement officer to update the available data in the service system in the new service system.,202311301728010805,30-11-2023,392,https://gr.maharashtra.gov.in/Site/Upload/Government%20Resolutions/English/202311301728010805.pdf,4,401084,GR_DATASET\pdfs\Finance Department\202311301728010805.pdf,Downloaded,2026-07-27 21:11:43
Finance Department,List of Lottery Schemes Sponsored by Maharashtra Govt.,202311241055108805,24-11-2023,502,https://gr.maharashtra.gov.in/Site/Upload/Government%20Resolutions/English/202311241055108805.pdf,4,513548,GR_DATASET\pdfs\Finance Department\202311241055108805.pdf,Downloaded,2026-07-27 21:11:44
Finance Department,"Regarding revision in the rate of Dearness Allowance admissible to State Government and other eligible employees with effect from 1st July, 2023",202311231633161705,23-11-2023,1943,https://gr.maharashtra.gov.in/Site/Upload/Government%20Resolutions/English/202311231633161705.pdf,3,1989758,GR_DATASET\pdfs\Finance Department\202311231633161705.pdf,Downloaded,2026-07-27 21:11:47
Finance Department,"Revision of rate of dearness allowance admissible to State Government and other eligible employees drawing salary in unrevised pay structure (as per 6th Pay Commission) w.e.f. 1st July, 2023",202311231634143805,23-11-2023,1844,https://gr.maharashtra.gov.in/Site/Upload/Government%20Resolutions/English/202311231634143805.pdf,3,1888721,GR_DATASET\pdfs\Finance Department\202311231634143805.pdf,Downloaded,2026-07-27 21:11:48
Finance Department,"Revision of rate of dearness allowance admissible to State Government and other eligible employees drawing salary in unrevised pay structure (as per 5th Pay Commission) w.e.f. 1st July, 2023",202311231634385105,23-11-2023,1889,https://gr.maharashtra.gov.in/Site/Upload/Government%20Resolutions/English/202311231634385105.pdf,3,1934510,GR_DATASET\pdfs\Finance Department\202311231634385105.pdf,Downloaded,2026-07-27 21:11:49
Finance Department,Reimbursement of rent of rest house in Central/State local bodies other activities for officers during winter session at Nagpur and grant of special daily allowance to office staff,202311231705256005,23-11-2023,612,https://gr.maharashtra.gov.in/Site/Upload/Government%20Resolutions/English/202311231705256005.pdf,4,627158,GR_DATASET\pdfs\Finance Department\202311231705256005.pdf,Downloaded,2026-07-27 21:11:50
Finance Department,Dearness Relief Increase to 230 for the pension / family pension being drawn in the pre-revised scale (sixth pay commission) w.e.f. 1st July 2023.,202311231730080605,23-11-2023,307,https://gr.maharashtra.gov.in/Site/Upload/Government%20Resolutions/English/202311231730080605.pdf,5,314098,GR_DATASET\pdfs\Finance Department\202311231730080605.pdf,Downloaded,2026-07-27 21:11:51
Finance Department,Dearness Relief Increase to 427 for the pension / family pension being drawn in the pre-revised scale (Fifth Pay Commission) w.e.f. 1st July 2023.,202311231735040105,23-11-2023,306,https://gr.maharashtra.gov.in/Site/Upload/Government%20Resolutions/English/202311231735040105.pdf,5,313585,GR_DATASET\pdfs\Finance Department\202311231735040105.pdf,Downloaded,2026-07-27 21:11:51
Finance Department,"Dearness Relief Increase to 46 on Pension/Family Pension w.e.f. 1st July, 2023.",202311231738516405,23-11-2023,405,https://gr.maharashtra.gov.in/Site/Upload/Government%20Resolutions/English/202311231738516405.pdf,4,414720,GR_DATASET\pdfs\Finance Department\202311231738516405.pdf,Downloaded,2026-07-27 21:11:52
Finance Department,"Private Banks (Scheduled Commercial Banks) with cash value above Rs.16,000/- crore along with nationalized banks and Maharashtra State Cooperative Bank, Mumbai if cash value is above Rs.4,000/- crore for banking transactions of Government offices and Regarding approval to qualify for investment of additional funds from Public Enterprises / Corporations....",202311221842456105..,22-11-2023,360,https://gr.maharashtra.gov.in/Site/Upload/Government%20Resolutions/English/202311221842456105...pdf,5,369411,GR_DATASET\pdfs\Finance Department\202311221842456105...pdf,Downloaded,2026-07-27 21:11:53
Finance Department,Regarding approval of IDBI Bank for opening bank accounts under Fund Distribution and Appropriation Management (PFMS) of Centrally Sponsored Schemes....,202311221852301505,22-11-2023,494,https://gr.maharashtra.gov.in/Site/Upload/Government%20Resolutions/English/202311221852301505.pdf,3,506005,GR_DATASET\pdfs\Finance Department\202311221852301505.pdf,Downloaded,2026-07-27 21:11:54
Finance Department,"Maharashtra Finance and Accounts Service, temporary promotion and posting of officers in the cadre of Deputy Director to the post of Joint Director.",202311211749393405,21-11-2023,138,https://gr.maharashtra.gov.in/Site/Upload/Government%20Resolutions/English/202311211749393405.pdf,2,141769,GR_DATASET\pdfs\Finance Department\202311211749393405.pdf,Downloaded,2026-07-27 21:11:55
Finance Department,Procedure for granting family pension / In valid pension and death gratuity / retirement gratuity to the employees covered under DCPS / NPS.,202311201639222405,20-11-2023,146,https://gr.maharashtra.gov.in/Site/Upload/Government%20Resolutions/English/202311201639222405.pdf,3,149419,GR_DATASET\pdfs\Finance Department\202311201639222405.pdf,Downloaded,2026-07-27 21:11:56
Finance Department,List of Maharashtra State Government Sponsored Lottery schemes Period dt.20/11/2023. to dt.26/11/2023.,202311171130035605,17-11-2023,472,https://gr.maharashtra.gov.in/Site/Upload/Government%20Resolutions/English/202311171130035605.pdf,4,483570,GR_DATASET\pdfs\Finance Department\202311171130035605.pdf,Downloaded,2026-07-27 21:11:56
Finance Department,List of Maharashtra State Government Sponsored Lottery schemes Period dt.13/11/2023. to dt.19/11/2023.,202311101101183605,10-11-2023,473,https://gr.maharashtra.gov.in/Site/Upload/Government%20Resolutions/English/202311101101183605.pdf,4,484413,GR_DATASET\pdfs\Finance Department\202311101101183605.pdf,Downloaded,2026-07-27 21:11:58
Finance Department,Prepare and Print Performance Budget for year 2024-20252024,202311091146355905,09-11-2023,164,https://gr.maharashtra.gov.in/Site/Upload/Government%20Resolutions/English/202311091146355905.pdf,5,168349,GR_DATASET\pdfs\Finance Department\202311091146355905.pdf,Downloaded,2026-07-27 21:11:58
Finance Department,"Regarding advances to be sanctioned to Government employees for purchase of motor cycles, scooters, mopeds, bicycles and automatic or man-powered tricycles for disabled State Government employees.",202311091750465605,09-11-2023,169,https://gr.maharashtra.gov.in/Site/Upload/Government%20Resolutions/English/202311091750465605.pdf,5,173006,GR_DATASET\pdfs\Finance Department\202311091750465605.pdf,Downloaded,2026-07-27 21:11:59
Finance Department,Dissolution of the committee constituted for the study of floating TDR,202311071234576605,07-11-2023,442,https://gr.maharashtra.gov.in/Site/Upload/Government%20Resolutions/English/202311071234576605.pdf,2,452413,GR_DATASET\pdfs\Finance Department\202311071234576605.pdf,Downloaded,2026-07-27 21:12:00
Finance Department,List of Maharashtra State Government Sponsored Lottery schemes Period dt.06/11/2023. to dt.12/11/2023.,202311031128551105...,03-11-2023,472,https://gr.maharashtra.gov.in/Site/Upload/Government%20Resolutions/English/202311031128551105....pdf,4,484076,GR_DATASET\pdfs\Finance Department\202311031128551105....pdf,Downloaded,2026-07-27 21:12:01
Finance Department,"Allotment of Recommended Candidates from waiting list, for the post of Technical Assistant in the Directorate of Insurance, from Maharashtra Group-C Main Examination -2021.",202311031615492405,03-11-2023,279,https://gr.maharashtra.gov.in/Site/Upload/Government%20Resolutions/English/202311031615492405.pdf,12,285293,GR_DATASET\pdfs\Finance Department\202311031615492405.pdf,Downloaded,2026-07-27 21:12:02
Finance Department,Regarding revision of the list of District Central Co-operative Banks for authorizing to open the bank account of the Drawing and Disbursement Officer as well as the personal bank account of the pensioner to provide salaries and allowances to the government employees .....,202311031741562305,03-11-2023,145,https://gr.maharashtra.gov.in/Site/Upload/Government%20Resolutions/English/202311031741562305.pdf,3,148645,GR_DATASET\pdfs\Finance Department\202311031741562305.pdf,Downloaded,2026-07-27 21:12:02
Finance Department,List of Lottery Schemes Sponsored by Maharashtra Govt,202310271049555805,27-10-2023,502,https://gr.maharashtra.gov.in/Site/Upload/Government%20Resolutions/English/202310271049555805.pdf,4,513761,GR_DATASET\pdfs\Finance Department\202310271049555805.pdf,Downloaded,2026-07-27 21:12:03
Finance Department,"Regarding giving administrative approval to the proposal for internal drainage and pipe line repair works at Goods and Services Bhavan, Mazgaon.",202310271245044205,27-10-2023,145,https://gr.maharashtra.gov.in/Site/Upload/Government%20Resolutions/English/202310271245044205.pdf,2,148853,GR_DATASET\pdfs\Finance Department\202310271245044205.pdf,Downloaded,2026-07-27 21:12:04
Finance Department,"Supplementary demands for expenditure in the year 2023-2024 Third (Winter) session of December, 2023.",202310251456065605,25-10-2023,205,https://gr.maharashtra.gov.in/Site/Upload/Government%20Resolutions/English/202310251456065605.pdf,11,209652,GR_DATASET\pdfs\Finance Department\202310251456065605.pdf,Downloaded,2026-07-27 21:12:05
Finance Department,List of Lottery Schemes Sponsored by Maharashtra Govt.,202310201127188905,20-10-2023,502,https://gr.maharashtra.gov.in/Site/Upload/Government%20Resolutions/English/202310201127188905.pdf,4,513822,GR_DATASET\pdfs\Finance Department\202310201127188905.pdf,Downloaded,2026-07-27 21:12:06
Finance Department,Regarding implementation of New Sevaarth System Instructions to all Drawing and Disbursing Officers to update the Current Data available in the Sevaarth Application to New Sevaarth Application ...,202310171058338305,17-10-2023,170,https://gr.maharashtra.gov.in/Site/Upload/Government%20Resolutions/English/202310171058338305.pdf,5,173830,GR_DATASET\pdfs\Finance Department\202310171058338305.pdf,Downloaded,2026-07-27 21:12:06
Finance Department,Regarding revision of the list of District Central Co-operative Banks for authorizing to open the bank account of the Drawing and Disbursement Officer as well as the personal bank account of the pensioner to provide salaries and allowances to the government employees .....,202310171116584805,17-10-2023,149,https://gr.maharashtra.gov.in/Site/Upload/Government%20Resolutions/English/202310171116584805.pdf,3,153014,GR_DATASET\pdfs\Finance Department\202310171116584805.pdf,Downloaded,2026-07-27 21:12:07
Finance Department,Regarding sanction of advances for purchase of motor cars to Gazetted State Government Officers,202310171234430905,17-10-2023,163,https://gr.maharashtra.gov.in/Site/Upload/Government%20Resolutions/English/202310171234430905.pdf,5,166766,GR_DATASET\pdfs\Finance Department\202310171234430905.pdf,Downloaded,2026-07-27 21:12:08
Finance Department,Procedure regarding expenditure of unspent balance.,202310161835003205,16-10-2023,140,https://gr.maharashtra.gov.in/Site/Upload/Government%20Resolutions/English/202310161835003205.pdf,2,143745,GR_DATASET\pdfs\Finance Department\202310161835003205.pdf,Downloaded,2026-07-27 21:12:09
Finance Department,List of Maharashtra State Government Sponsored Lottery schemes Period dt.16/10/2023. to dt.22/10/2023.,202310131415227205,13-10-2023,474,https://gr.maharashtra.gov.in/Site/Upload/Government%20Resolutions/English/202310131415227205.pdf,4,484875,GR_DATASET\pdfs\Finance Department\202310131415227205.pdf,Downloaded,2026-07-27 21:12:09
Finance Department,"Regarding giving administrative approval to the work proposal for providing and fixing Doors Ventilators to Electric Room at GST Bhavan Bldg, Mazgaon, Mumbai.",202310121634469005,12-10-2023,146,https://gr.maharashtra.gov.in/Site/Upload/Government%20Resolutions/English/202310121634469005.pdf,2,149170,GR_DATASET\pdfs\Finance Department\202310121634469005.pdf,Downloaded,2026-07-27 21:12:10
Finance Department,approval for furniture and electrical works of Goods and Services Tax Bhavan building at Amravati,202310111209077605,11-10-2023,317,https://gr.maharashtra.gov.in/Site/Upload/Government%20Resolutions/English/202310111209077605.pdf,2,325001,GR_DATASET\pdfs\Finance Department\202310111209077605.pdf,Downloaded,2026-07-27 21:12:11
Finance Department,Budget Estimates 2024-25 and Revised Estimates 2023-24,202310111812522805,11-10-2023,346,https://gr.maharashtra.gov.in/Site/Upload/Government%20Resolutions/English/202310111812522805.pdf,15,354710,GR_DATASET\pdfs\Finance Department\202310111812522805.pdf,Downloaded,2026-07-27 21:12:12
Finance Department,Directorate of Insurance Vehicle Review And regarding permitting the vehicle.,202310061706380205,06-10-2023,139,https://gr.maharashtra.gov.in/Site/Upload/Government%20Resolutions/English/202310061706380205.pdf,2,142761,GR_DATASET\pdfs\Finance Department\202310061706380205.pdf,Downloaded,2026-07-27 21:12:12
Finance Department,"Allotment of Recommended Candidates from waiting list, for the posts of Technical Assistant in the Directorate of Insurance, from Maharashtra Group-C Main Examination -2021.",202310061711470905,06-10-2023,288,https://gr.maharashtra.gov.in/Site/Upload/Government%20Resolutions/English/202310061711470905.pdf,12,294400,GR_DATASET\pdfs\Finance Department\202310061711470905.pdf,Downloaded,2026-07-27 21:12:13
Finance Department,List of Maharashtra State Government Sponsored Lottery schemes Period dt.09/10/2023. to dt.15/10/2023.,202310091123462005,06-10-2023,472,https://gr.maharashtra.gov.in/Site/Upload/Government%20Resolutions/English/202310091123462005.pdf,4,483582,GR_DATASET\pdfs\Finance Department\202310091123462005.pdf,Downloaded,2026-07-27 21:12:14
Finance Department,"Regarding sanctioning of vehicles as approved by the State Level Vehicle Review Committee for the Directorate, Accounts and Treasury and Subordinate Offices under the Finance Department",202310031706597505,03-10-2023,159,https://gr.maharashtra.gov.in/Site/Upload/Government%20Resolutions/English/202310031706597505.pdf,5,162701,GR_DATASET\pdfs\Finance Department\202310031706597505.pdf,Downloaded,2026-07-27 21:12:15
Finance Department,List of Maharashtra State Government Sponsored Lottery schemes Period dt.03/10/2023. to dt.08/10/2023.,202310041107455905,03-10-2023,468,https://gr.maharashtra.gov.in/Site/Upload/Government%20Resolutions/English/202310041107455905.pdf,4,479531,GR_DATASET\pdfs\Finance Department\202310041107455905.pdf,Downloaded,2026-07-27 21:12:15
Finance Department,"With regard to strict implementation of the guidelines issued by the Comptroller and Auditor General of India regarding the opening, management, reconciliation and disclosure of bank accounts by Drawing and Disbursing Officers, Heads of Offices, Boards, Corporations, Authorities, Autonomous Institutions, Universities, etc.",202310031525466005,03-10-2023,531,https://gr.maharashtra.gov.in/Site/Upload/Government%20Resolutions/English/202310031525466005.pdf,10,544249,GR_DATASET\pdfs\Finance Department\202310031525466005.pdf,Downloaded,2026-07-27 21:12:16
Finance Department,Maharashtra State Lottery- Prize Structure and Procedure of Maharashtra Diwali Bumper Draw.,202310031654505805,27-09-2023,584,https://gr.maharashtra.gov.in/Site/Upload/Government%20Resolutions/English/202310031654505805.pdf,7,598027,GR_DATASET\pdfs\Finance Department\202310031654505805.pdf,Downloaded,2026-07-27 21:12:17
Finance Department,Maharashtra State Lottery Maharashtra Ganeshlaxmi Diwali Special monthly draw prize structure and procedure,202309271144242205,26-09-2023,254,https://gr.maharashtra.gov.in/Site/Upload/Government%20Resolutions/English/202309271144242205.pdf,2,260283,GR_DATASET\pdfs\Finance Department\202309271144242205.pdf,Downloaded,2026-07-27 21:12:18
Finance Department,List of Maharashtra State Government Sponsored Lottery schemes Period dt.25/09/2023. to dt.01/10/2023.,202309261202097805,22-09-2023,472,https://gr.maharashtra.gov.in/Site/Upload/Government%20Resolutions/English/202309261202097805.pdf,4,483773,GR_DATASET\pdfs\Finance Department\202309261202097805.pdf,Downloaded,2026-07-27 21:12:19
Finance Department,Continuation to 1704 temporary posts of main cadre and 585 temporary posts of other cadre at GST,202309151146077905,15-09-2023,870,https://gr.maharashtra.gov.in/Site/Upload/Government%20Resolutions/English/202309151146077905.pdf,2,891220,GR_DATASET\pdfs\Finance Department\202309151146077905.pdf,Downloaded,2026-07-27 21:12:20
Finance Department,Continuation to 13 temporary posts of Maharashtra sales tax tribunal.,202309151153249205,15-09-2023,681,https://gr.maharashtra.gov.in/Site/Upload/Government%20Resolutions/English/202309151153249205.pdf,3,697421,GR_DATASET\pdfs\Finance Department\202309151153249205.pdf,Downloaded,2026-07-27 21:12:20
Finance Department,Continuation to 264 temporary posts created for sales tax act under GST,202309151159246605,15-09-2023,808,https://gr.maharashtra.gov.in/Site/Upload/Government%20Resolutions/English/202309151159246605.pdf,2,827122,GR_DATASET\pdfs\Finance Department\202309151159246605.pdf,Downloaded,2026-07-27 21:12:22
Finance Department,"Temporary posts on establishment of Finance Department (Self) and Directorate of State Lotteries dt. 01 September, 2023 to dt. Regarding extension till February 29, 2024.",202309151226554105,15-09-2023,160,https://gr.maharashtra.gov.in/Site/Upload/Government%20Resolutions/English/202309151226554105.pdf,3,163971,GR_DATASET\pdfs\Finance Department\202309151226554105.pdf,Downloaded,2026-07-27 21:12:23
Finance Department,List of Lottery Schemes Sponsored by Maharashtra Govt.,202309181108440505,15-09-2023,502,https://gr.maharashtra.gov.in/Site/Upload/Government%20Resolutions/English/202309181108440505.pdf,4,513887,GR_DATASET\pdfs\Finance Department\202309181108440505.pdf,Downloaded,2026-07-27 21:12:24
Finance Department,"Promotion to the post of Junior Technical Officer (Group-B) (Gazetted) in Directorate of Insurance, State of Maharashtra, Mumbai Office.... Selection List 2022-23",202309141244255205,14-09-2023,141,https://gr.maharashtra.gov.in/Site/Upload/Government%20Resolutions/English/202309141244255205.pdf,2,144597,GR_DATASET\pdfs\Finance Department\202309141244255205.pdf,Downloaded,2026-07-27 21:12:24
Finance Department,Release of grant for the construction of GST Wadala,202309131719141305,13-09-2023,309,https://gr.maharashtra.gov.in/Site/Upload/Government%20Resolutions/English/202309131719141305.pdf,2,316824,GR_DATASET\pdfs\Finance Department\202309131719141305.pdf,Downloaded,2026-07-27 21:12:25
Finance Department,List of Maharashtra State Government Sponsored Lottery schemes Period dt.11/09/2023. to dt.17/09/2023.,202309111232295605,08-09-2023,472,https://gr.maharashtra.gov.in/Site/Upload/Government%20Resolutions/English/202309111232295605.pdf,4,483663,GR_DATASET\pdfs\Finance Department\202309111232295605.pdf,Downloaded,2026-07-27 21:12:26
Finance Department,Ragarding the Government Gaurantee for the loan to be taken / taken from the State Bank of India for the Bridge Loan amounting Rs 1000.00 crore for the Mumbai Metro Rail Project -3 being implemented through the Mumbai Metro Rail Corporation,202309111413137605,08-09-2023,345,https://gr.maharashtra.gov.in/Site/Upload/Government%20Resolutions/English/202309111413137605.pdf,6,353740,GR_DATASET\pdfs\Finance Department\202309111413137605.pdf,Downloaded,2026-07-27 21:12:27
Finance Department,About Maharashtra State Lottery Maharashtra Dussehra Grand Draw Prize Structure and Procedure.,202309061453553605,06-09-2023,734,https://gr.maharashtra.gov.in/Site/Upload/Government%20Resolutions/English/202309061453553605.pdf,7,752090,GR_DATASET\pdfs\Finance Department\202309061453553605.pdf,Downloaded,2026-07-27 21:12:28
Finance Department,Government Guarantee for the amount of loan and interest raised by Maharashtra State Electricity Distribution Company Limited (MSEDCL) from various Financial Institutions to cover the financial loss incurred during lockdown period due to the outbreak of Covid-19.,202309061532428905,06-09-2023,230,https://gr.maharashtra.gov.in/Site/Upload/Government%20Resolutions/English/202309061532428905.pdf,5,235165,GR_DATASET\pdfs\Finance Department\202309061532428905.pdf,Downloaded,2026-07-27 21:12:29
Finance Department,Delegation of powers to the administrative departments for extending continuation to the temporary posts,202309081425227905,06-09-2023,1408,https://gr.maharashtra.gov.in/Site/Upload/Government%20Resolutions/English/202309081425227905.pdf,2,1441547,GR_DATASET\pdfs\Finance Department\202309081425227905.pdf,Downloaded,2026-07-27 21:12:31
Finance Department,Regarding strict adherence to fiscal discipline while carrying out work related to Personal Deposit Accounts (P. D. A.)...,202309051622471005,05-09-2023,386,https://gr.maharashtra.gov.in/Site/Upload/Government%20Resolutions/English/202309051622471005.pdf,7,395249,GR_DATASET\pdfs\Finance Department\202309051622471005.pdf,Downloaded,2026-07-27 21:12:32
Finance Department,List of Maharashtra State Government Sponsored Lottery schemes Period dt.04/09/2023. to dt.10/09/2023.,202309041445265105,01-09-2023,896,https://gr.maharashtra.gov.in/Site/Upload/Government%20Resolutions/English/202309041445265105.pdf,4,917690,GR_DATASET\pdfs\Finance Department\202309041445265105.pdf,Downloaded,2026-07-27 21:12:34
Finance Department,Delegation of powers to the administrative departments for extending continuation to the temporary posts,202309081425050005,31-08-2023,1756,https://gr.maharashtra.gov.in/Site/Upload/Government%20Resolutions/English/202309081425050005.pdf,3,1797950,GR_DATASET\pdfs\Finance Department\202309081425050005.pdf,Downloaded,2026-07-27 21:12:35
Finance Department,Maharashtra State Lotteries Prize structure and procedure of Maharashtra Sahyadri Dhanlaxmi (Monday) to Maharashtra Mohini (Sunday) Weekly Draws.,202308311523053005,31-08-2023,1245,https://gr.maharashtra.gov.in/Site/Upload/Government%20Resolutions/English/202308311523053005.pdf,6,1275157,GR_DATASET\pdfs\Finance Department\202308311523053005.pdf,Downloaded,2026-07-27 21:12:36
Finance Department,Prize structure and procedure of Tejaswini Monthly Draw.,202308311530196305,31-08-2023,1430,https://gr.maharashtra.gov.in/Site/Upload/Government%20Resolutions/English/202308311530196305.pdf,7,1464559,GR_DATASET\pdfs\Finance Department\202308311530196305.pdf,Downloaded,2026-07-27 21:12:37
Finance Department,"Prize structure and procedure of Maharashtra gajalaxmi som, mangal, budh, guru, shrukra, shani, ravi weekly draw.",202308311535531005,31-08-2023,1219,https://gr.maharashtra.gov.in/Site/Upload/Government%20Resolutions/English/202308311535531005.pdf,6,1247891,GR_DATASET\pdfs\Finance Department\202308311535531005.pdf,Downloaded,2026-07-27 21:12:38
Finance Department,"Maharashtra State Lottery - Prize Structure and Procedure of Maharashtra Ganeshlaxmi Bhagyashali, Maharashtra Ganeshlaxmi Shubh , Maharashtra Ganeshlaxmi Vijayee , Maharashtra Ganeshlaxmi Gaurav, Maharashtra Ganeshlaxmi Dhan, Maharashtra Ganeshlaxmi Samrudhi Maharashtra Ganeshlaxmi Vaibhav.",202308311538144305,31-08-2023,1254,https://gr.maharashtra.gov.in/Site/Upload/Government%20Resolutions/English/202308311538144305.pdf,7,1284241,GR_DATASET\pdfs\Finance Department\202308311538144305.pdf,Downloaded,2026-07-27 21:12:39
Finance Department,"To Implement projects for creating infrastructure for micro, small and medium enterprises (MSMEs) under SIDBI Cluster Development Fund (SCDF) scheme. and To constitute high-level committee under the chairmanship of Chief Secretary to monitor the scheme.",202308301617318305‍......,30-08-2023,303,https://gr.maharashtra.gov.in/Site/Upload/Government%20Resolutions/English/202308301617318305%E2%80%8D.......pdf,0,0,GR_DATASET\pdfs\Finance Department\202308301617318305‍.......pdf,404 Client Error: Not Found for url: https://gr.maharashtra.gov.in/Site/Upload/Government%20Resolutions/English/202308301617318305%E2%80%8D.......pdf,2026-07-27 21:12:40
Finance Department,About Maharashtra State Lottery Maharashtra Ganapati Grand Draw Prize Structure and Procedure.,202308281516402005,28-08-2023,846,https://gr.maharashtra.gov.in/Site/Upload/Government%20Resolutions/English/202308281516402005.pdf,2,866436,GR_DATASET\pdfs\Finance Department\202308281516402005.pdf,Downloaded,2026-07-27 21:12:41
Finance Department,List of Maharashtra State Government Sponsored Lottery schemes Period dt.28/08/2023. to dt.03/09/2023.,202308281123502005,25-08-2023,907,https://gr.maharashtra.gov.in/Site/Upload/Government%20Resolutions/English/202308281123502005.pdf,4,928973,GR_DATASET\pdfs\Finance Department\202308281123502005.pdf,Downloaded,2026-07-27 21:12:42
Finance Department,"To undertake measures for augmentation of overall efficiency and effectivity of audit by bringing in uniformity, coordination and unanimity in working of Directorate of Local Fund Audit and its subordinate field offices.",202308241040291605,24-08-2023,424,https://gr.maharashtra.gov.in/Site/Upload/Government%20Resolutions/English/202308241040291605.pdf,30,434105,GR_DATASET\pdfs\Finance Department\202308241040291605.pdf,Downloaded,2026-07-27 21:12:42
Finance Department,Procedure for granting family pension / In valid pension and death gratuity / retirement gratuity to the employees covered under DCPS / NPS.,202308241658242305,24-08-2023,779,https://gr.maharashtra.gov.in/Site/Upload/Government%20Resolutions/English/202308241658242305.pdf,34,798124,GR_DATASET\pdfs\Finance Department\202308241658242305.pdf,Downloaded,2026-07-27 21:12:43
Finance Department,"Implementation of ePPO,eGPO,eCPO in Pay Account office, Mumbai and is District Traesuries under Accounting circle of A.G(A.E.)-1, Maharashtra, Mumbai",202308241809569305.....,24-08-2023,429,https://gr.maharashtra.gov.in/Site/Upload/Government%20Resolutions/English/202308241809569305......pdf,11,440151,GR_DATASET\pdfs\Finance Department\202308241809569305......pdf,Downloaded,2026-07-27 21:12:44
Finance Department,"Maharashtra Finance and Accounts Service, Posting of officers in the rank of Assistant Director to the post of Deputy Director.",202308221646314805,22-08-2023,759,https://gr.maharashtra.gov.in/Site/Upload/Government%20Resolutions/English/202308221646314805.pdf,2,777211,GR_DATASET\pdfs\Finance Department\202308221646314805.pdf,Downloaded,2026-07-27 21:12:45
Finance Department,"Maharashtra Finance and Accounts Service, temporary promotion and posting of officers in the rank of Joint Director to the post of Director.",202308211420244705,21-08-2023,648,https://gr.maharashtra.gov.in/Site/Upload/Government%20Resolutions/English/202308211420244705.pdf,2,663433,GR_DATASET\pdfs\Finance Department\202308211420244705.pdf,Downloaded,2026-07-27 21:12:46
Finance Department,Regarding prize structure and procedure of monthly draw of Maharashtra State Lottery Maharashtra Ganesh Lakshmi Dussehra Special.,202308211718409005,21-08-2023,229,https://gr.maharashtra.gov.in/Site/Upload/Government%20Resolutions/English/202308211718409005.pdf,2,234582,GR_DATASET\pdfs\Finance Department\202308211718409005.pdf,Downloaded,2026-07-27 21:12:47
Finance Department,List of Maharashtra State Government Sponsored Lottery schemes Period dt. 21/08/2023. to dt.27/08/2023.,202308181158182605,18-08-2023,901,https://gr.maharashtra.gov.in/Site/Upload/Government%20Resolutions/English/202308181158182605.pdf,4,922712,GR_DATASET\pdfs\Finance Department\202308181158182605.pdf,Downloaded,2026-07-27 21:12:48
Finance Department,Regarding Recovery of excess payment from government employee,202308171510373505,17-08-2023,430,https://gr.maharashtra.gov.in/Site/Upload/Government%20Resolutions/English/202308171510373505.pdf,4,440587,GR_DATASET\pdfs\Finance Department\202308171510373505.pdf,Downloaded,2026-07-27 21:12:49
Finance Department,Creation of Virtual PLA on BEAMS Portal in order to control grants distribution in the Corporations under Irrigation Department.,202308141314397805,14-08-2023,779,https://gr.maharashtra.gov.in/Site/Upload/Government%20Resolutions/English/202308141314397805.pdf,3,797859,GR_DATASET\pdfs\Finance Department\202308141314397805.pdf,Downloaded,2026-07-27 21:12:49
Finance Department,List of Maharashtra State Government Sponsored Lottery schemes Period dt. 14/08/2023. to dt.20/08/2023.,202308141103299605,11-08-2023,1017,https://gr.maharashtra.gov.in/Site/Upload/Government%20Resolutions/English/202308141103299605.pdf,4,1041045,GR_DATASET\pdfs\Finance Department\202308141103299605.pdf,Downloaded,2026-07-27 21:12:50
Finance Department,"Maharashtra Finance and Accounts Service, temporary promotion and posting of officers in the cadre of Assistant Director to the post of Deputy Director.",202308111549585005,11-08-2023,340,https://gr.maharashtra.gov.in/Site/Upload/Government%20Resolutions/English/202308111549585005.pdf,5,347987,GR_DATASET\pdfs\Finance Department\202308111549585005.pdf,Downloaded,2026-07-27 21:12:51
Finance Department,Officers in the cadre of Joint Director of Maharashtra Finance and Accounts Service. Final seniority list showing status as on 1st January 2022.,202308091443085805,09-08-2023,295,https://gr.maharashtra.gov.in/Site/Upload/Government%20Resolutions/English/202308091443085805.pdf,4,301648,GR_DATASET\pdfs\Finance Department\202308091443085805.pdf,Downloaded,2026-07-27 21:12:52
Finance Department,Increase in overtime allowance to government vehicle drivers.,202308071444047805,07-08-2023,791,https://gr.maharashtra.gov.in/Site/Upload/Government%20Resolutions/English/202308071444047805.pdf,3,810307,GR_DATASET\pdfs\Finance Department\202308071444047805.pdf,Downloaded,2026-07-27 21:12:53
Finance Department,"According to the Rights of Persons with Disabilities Act, 2016, regarding ensuring posts in the Government Service for persons with disabilities for posts in Group-A, B, C and D cadres in the Directorate, Directorate of Accounts and Treasury and Directorate of Local Fund Audit and subordinate offices.",202308071646519105,07-08-2023,136,https://gr.maharashtra.gov.in/Site/Upload/Government%20Resolutions/English/202308071646519105.pdf,2,139515,GR_DATASET\pdfs\Finance Department\202308071646519105.pdf,Downloaded,2026-07-27 21:12:54
Finance Department,"Maharashtra group-C services main exam-2021 recommended by maharashtra public service commission, Regarding cancellation of allotment of waitlisted candidates to the post of Technical Assistant, Group-C in Directorate of Insurance.",202308041253567705,04-08-2023,339,https://gr.maharashtra.gov.in/Site/Upload/Government%20Resolutions/English/202308041253567705.pdf,2,347297,GR_DATASET\pdfs\Finance Department\202308041253567705.pdf,Downloaded,2026-07-27 21:12:54
Finance Department,Administrative approval to new GST building at Kalyan.,202308041624311905.....,04-08-2023,1130,https://gr.maharashtra.gov.in/Site/Upload/Government%20Resolutions/English/202308041624311905......pdf,4,1157654,GR_DATASET\pdfs\Finance Department\202308041624311905......pdf,Downloaded,2026-07-27 21:12:55
Finance Department,List of Maharashtra State Government Sponsored Lottery schemes Period dt. 07/08/2023. to dt.13/08/2023.,202308071140261005,04-08-2023,798,https://gr.maharashtra.gov.in/Site/Upload/Government%20Resolutions/English/202308071140261005.pdf,4,816727,GR_DATASET\pdfs\Finance Department\202308071140261005.pdf,Downloaded,2026-07-27 21:12:56
Finance Department,Guidelines in respect of an alternative fund flow mechanism named SNA-SPARSH for just-in-time release of Centrally Sponsored Schems (CSS) funds through e-kuber platform of Reserve Bank of India (RBI).,202308031027130605,03-08-2023,1507,https://gr.maharashtra.gov.in/Site/Upload/Government%20Resolutions/English/202308031027130605.pdf,6,1543628,GR_DATASET\pdfs\Finance Department\202308031027130605.pdf,Downloaded,2026-07-27 21:12:57
Finance Department,"Supplementary Statement of Expenditure for the year 2023-2024 (July, 2023 Session)",202307281705553705,28-07-2023,163,https://gr.maharashtra.gov.in/Site/Upload/Government%20Resolutions/English/202307281705553705.pdf,2,167367,GR_DATASET\pdfs\Finance Department\202307281705553705.pdf,Downloaded,2026-07-27 21:12:58
Finance Department,List of Maharashtra State Government Sponsored Lottery schemes Period dt. 31/07/2023. to dt.06/08/2023.,202307311058139205,28-07-2023,902,https://gr.maharashtra.gov.in/Site/Upload/Government%20Resolutions/English/202307311058139205.pdf,4,923879,GR_DATASET\pdfs\Finance Department\202307311058139205.pdf,Downloaded,2026-07-27 21:12:59
Finance Department,Regarding the extension to the committee appointed to conduct a comparative study of the National Pension System and old Pension System.,202307271529420105,27-07-2023,166,https://gr.maharashtra.gov.in/Site/Upload/Government%20Resolutions/English/202307271529420105.pdf,2,169885,GR_DATASET\pdfs\Finance Department\202307271529420105.pdf,Downloaded,2026-07-27 21:12:59
Finance Department,Renewal of Medical Reimbursement of Group Insurance Scheme for State Working/ Retired Employees and All India Services Officers.,202307241818333105,24-07-2023,318,https://gr.maharashtra.gov.in/Site/Upload/Government%20Resolutions/English/202307241818333105.pdf,9,325325,GR_DATASET\pdfs\Finance Department\202307241818333105.pdf,Downloaded,2026-07-27 21:13:00
Finance Department,List of Maharashtra State Government Sponsored Lottery schemes Period dt. 24/07/2023. to dt.30/07/2023.,202307241100140805,21-07-2023,902,https://gr.maharashtra.gov.in/Site/Upload/Government%20Resolutions/English/202307241100140805.pdf,4,923883,GR_DATASET\pdfs\Finance Department\202307241100140805.pdf,Downloaded,2026-07-27 21:13:01
Finance Department,Regarding fixation of rate of interest for the financial year 2022-23 in line with capital expenditure on irrigation projects.,202307201307150705,20-07-2023,318,https://gr.maharashtra.gov.in/Site/Upload/Government%20Resolutions/English/202307201307150705.pdf,3,325556,GR_DATASET\pdfs\Finance Department\202307201307150705.pdf,Downloaded,2026-07-27 21:13:02
Finance Department,Maharashtra State Lottery Maharashtra Ganesh Lakshmi Ganapati Special Monthly Draw Prize Structure and Procedure.,202307171718299705,17-07-2023,897,https://gr.maharashtra.gov.in/Site/Upload/Government%20Resolutions/English/202307171718299705.pdf,2,918401,GR_DATASET\pdfs\Finance Department\202307171718299705.pdf,Downloaded,2026-07-27 21:13:02
Finance Department,About Maharashtra State Lottery Maharashtra Ganapati Grand Draw Prize Structure and Procedure.,202307181611436605,17-07-2023,537,https://gr.maharashtra.gov.in/Site/Upload/Government%20Resolutions/English/202307181611436605.pdf,7,550394,GR_DATASET\pdfs\Finance Department\202307181611436605.pdf,Downloaded,2026-07-27 21:13:03
Finance Department,Release of grant for the construction of GST Wadala.,202307141555437905,14-07-2023,911,https://gr.maharashtra.gov.in/Site/Upload/Government%20Resolutions/English/202307141555437905.pdf,2,932361,GR_DATASET\pdfs\Finance Department\202307141555437905.pdf,Downloaded,2026-07-27 21:13:04
Finance Department,List of Maharashtra State Government Sponsored Lottery schemes Period dt. 17/07/2023. to dt.23/07/2023.,202307171151418405,14-07-2023,913,https://gr.maharashtra.gov.in/Site/Upload/Government%20Resolutions/English/202307171151418405.pdf,4,934455,GR_DATASET\pdfs\Finance Department\202307171151418405.pdf,Downloaded,2026-07-27 21:13:05
Finance Department,"Regarding high power committee to be formed under the chairmanship of honourable chief secretary , state of Maharashtra to take decision regarding filing of appeal in honourable supremehigh court.",202307131238086405....,13-07-2023,143,https://gr.maharashtra.gov.in/Site/Upload/Government%20Resolutions/English/202307131238086405.....pdf,0,0,GR_DATASET\pdfs\Finance Department\202307131238086405.....pdf,404 Client Error: Not Found for url: https://gr.maharashtra.gov.in/Site/Upload/Government%20Resolutions/English/202307131238086405.....pdf,2026-07-27 21:13:05
Finance Department,Regarding the formation of a committee for raising Green Bonds.,202307121749447505.........,12-07-2023,145,https://gr.maharashtra.gov.in/Site/Upload/Government%20Resolutions/English/202307121749447505..........pdf,2,149498,GR_DATASET\pdfs\Finance Department\202307121749447505..........pdf,Downloaded,2026-07-27 21:13:06
Finance Department,List of Maharashtra State Government Sponsored Lottery schemes Period dt. 10/07/2023 to dt.16/07/2023.,202307101146247605,07-07-2023,811,https://gr.maharashtra.gov.in/Site/Upload/Government%20Resolutions/English/202307101146247605.pdf,4,830237,GR_DATASET\pdfs\Finance Department\202307101146247605.pdf,Downloaded,2026-07-27 21:13:07
Finance Department,"Regarding constitution of Internal Grievance Redressal Committee as per provisions of Sexual Harassment of Women at Workplace (Prevention, Prohibition and Redressal) Act-2013.",202307061531202605,06-07-2023,216,https://gr.maharashtra.gov.in/Site/Upload/Government%20Resolutions/English/202307061531202605.pdf,3,221136,GR_DATASET\pdfs\Finance Department\202307061531202605.pdf,Downloaded,2026-07-27 21:13:08
Finance Department,"Dearness Relief Increase to 221 for the pension / family pension being drawn in the pre-revised scale (sixth pay commission) w.e.f. 1st January, 2023.",202307051836386405,05-07-2023,368,https://gr.maharashtra.gov.in/Site/Upload/Government%20Resolutions/English/202307051836386405.pdf,6,377110,GR_DATASET\pdfs\Finance Department\202307051836386405.pdf,Downloaded,2026-07-27 21:13:08
Finance Department,"Dearness Relief Increase to 42 on Pension/Family Pension w.e.f. 1st January, 2023.",202307051901348105,05-07-2023,389,https://gr.maharashtra.gov.in/Site/Upload/Government%20Resolutions/English/202307051901348105.pdf,4,398062,GR_DATASET\pdfs\Finance Department\202307051901348105.pdf,Downloaded,2026-07-27 21:13:09
Finance Department,Dearness Relief Increase to 412 for the pension / family pension being drawn in the pre-revised scale (Fifth pay Commission) w.e.f. 1st January 2023.,202307051910288805,05-07-2023,289,https://gr.maharashtra.gov.in/Site/Upload/Government%20Resolutions/English/202307051910288805.pdf,5,295444,GR_DATASET\pdfs\Finance Department\202307051910288805.pdf,Downloaded,2026-07-27 21:13:11
Finance Department,"Regarding revision in the rate of dearness allowance admissible to State Government and other eligible employees with effect from 1st January, 2023",202306301832142205,30-06-2023,942,https://gr.maharashtra.gov.in/Site/Upload/Government%20Resolutions/English/202306301832142205.pdf,3,964887,GR_DATASET\pdfs\Finance Department\202306301832142205.pdf,Downloaded,2026-07-27 21:13:12
Finance Department,"Revision of rate of dearness allowance admissible to State Government and other eligible employees drawing wages in unrevised pay structure (as per 6th Pay Commission) w.e.f. 1st January, 2023",202306301838125605,30-06-2023,942,https://gr.maharashtra.gov.in/Site/Upload/Government%20Resolutions/English/202306301838125605.pdf,3,965112,GR_DATASET\pdfs\Finance Department\202306301838125605.pdf,Downloaded,2026-07-27 21:13:13
Finance Department,"Revision of rate of dearness allowance admissible to State Government and other eligible employees drawing wages in unrevised pay structure (as per 5th Pay Commission) w.e.f. January 1, 2023",202306301845443105,30-06-2023,943,https://gr.maharashtra.gov.in/Site/Upload/Government%20Resolutions/English/202306301845443105.pdf,3,965145,GR_DATASET\pdfs\Finance Department\202306301845443105.pdf,Downloaded,2026-07-27 21:13:14
Finance Department,List of Maharashtra State Government Sponsored Lottery schemes Period dt. 03/07/2023. to dt.09/07/2023.,202307031212105605,30-06-2023,896,https://gr.maharashtra.gov.in/Site/Upload/Government%20Resolutions/English/202307031212105605.pdf,4,917923,GR_DATASET\pdfs\Finance Department\202307031212105605.pdf,Downloaded,2026-07-27 21:13:15
Finance Department,Grant of benefit of one notional increment (as due on 1st july) for the pensionary benefits to those employees who had retires on 30 th june before drawing the same,202306281613358905..............,28-06-2023,1060,https://gr.maharashtra.gov.in/Site/Upload/Government%20Resolutions/English/202306281613358905...............pdf,0,0,GR_DATASET\pdfs\Finance Department\202306281613358905...............pdf,404 Client Error: Not Found for url: https://gr.maharashtra.gov.in/Site/Upload/Government%20Resolutions/English/202306281613358905...............pdf,2026-07-27 21:13:15
Finance Department,"Allotment of Recommended Candidates from waiting list, for the posts of Technical Assistant in the Directorate of Insurance, from Maharashtra Group-C Main Examination -2021.",202306271750540705,27-06-2023,282,https://gr.maharashtra.gov.in/Site/Upload/Government%20Resolutions/English/202306271750540705.pdf,11,289050,GR_DATASET\pdfs\Finance Department\202306271750540705.pdf,Downloaded,2026-07-27 21:13:16
Finance Department,List of Maharashtra State Government Sponsored Lottery schemes Period dt. 26/06/2023 to dt.02/07/2023.,202306261207425905,23-06-2023,811,https://gr.maharashtra.gov.in/Site/Upload/Government%20Resolutions/English/202306261207425905.pdf,0,0,GR_DATASET\pdfs\Finance Department\202306261207425905.pdf,404 Client Error: Not Found for url: https://gr.maharashtra.gov.in/Site/Upload/Government%20Resolutions/English/202306261207425905.pdf,2026-07-27 21:13:16
Finance Department,Maharashtra State Lottery Maharashtra Ganeshlaxmi Raksha Bandhan monthly draw and prize structure.,202306231730514105,22-06-2023,1035,https://gr.maharashtra.gov.in/Site/Upload/Government%20Resolutions/English/202306231730514105.pdf,2,1059923,GR_DATASET\pdfs\Finance Department\202306231730514105.pdf,Downloaded,2026-07-27 21:13:17
Finance Department,About implementation of Vitthal Rakhumai Warkari Bima Chhatra Yojana for Warkars coming for Wari in Srikshetra Pandharpur....,202306211741298005,21-06-2023,146,https://gr.maharashtra.gov.in/Site/Upload/Government%20Resolutions/English/202306211741298005.pdf,4,149549,GR_DATASET\pdfs\Finance Department\202306211741298005.pdf,Downloaded,2026-07-27 21:13:18
Finance Department,"Deduction of 2 percent TDS from payment made to the suppliers on taxable goods/services or both from 1st October, 2018.",202306201457549305,20-06-2023,261,https://gr.maharashtra.gov.in/Site/Upload/Government%20Resolutions/English/202306201457549305.pdf,4,266837,GR_DATASET\pdfs\Finance Department\202306201457549305.pdf,Downloaded,2026-07-27 21:13:19
Finance Department,To extend the benefit of revised Commutation of pension as per Seventh Pay Commission to the pensioners who retired from service between 01/01/2016 to 31/12/2018.,202306191522184405,19-06-2023,144,https://gr.maharashtra.gov.in/Site/Upload/Government%20Resolutions/English/202306191522184405.pdf,0,0,GR_DATASET\pdfs\Finance Department\202306191522184405.pdf,404 Client Error: Not Found for url: https://gr.maharashtra.gov.in/Site/Upload/Government%20Resolutions/English/202306191522184405.pdf,2026-07-27 21:13:19
Finance Department,"To exempt the Personal Ledger Account of Sub Division Officer and Special Land Acquisition Officer in the Revenue and Forest Department from the provision stipulated vide Rule 495 of the Maharashtra Treasury Rules, 1968.",202306201155266705,19-06-2023,649,https://gr.maharashtra.gov.in/Site/Upload/Government%20Resolutions/English/202306201155266705.pdf,3,664213,GR_DATASET\pdfs\Finance Department\202306201155266705.pdf,Downloaded,2026-07-27 21:13:20
Finance Department,"Supplementary Demands 2023-24 July, 2023.",202306161813019505,16-06-2023,246,https://gr.maharashtra.gov.in/Site/Upload/Government%20Resolutions/English/202306161813019505.pdf,0,0,GR_DATASET\pdfs\Finance Department\202306161813019505.pdf,404 Client Error: Not Found for url: https://gr.maharashtra.gov.in/Site/Upload/Government%20Resolutions/English/202306161813019505.pdf,2026-07-27 21:13:20
Finance Department,List of Maharashtra State Government Sponsored Lottery schemes Period dt. 19/06/2023 to dt.25/06/2023.,202306191150295205,16-06-2023,751,https://gr.maharashtra.gov.in/Site/Upload/Government%20Resolutions/English/202306191150295205.pdf,4,769150,GR_DATASET\pdfs\Finance Department\202306191150295205.pdf,Downloaded,2026-07-27 21:13:21
Finance Department,List of Maharashtra State Government Sponsored Lottery schemes Period dt. 12/06/2023 to dt. 18/06/2023.,202306121118412805,09-06-2023,738,https://gr.maharashtra.gov.in/Site/Upload/Government%20Resolutions/English/202306121118412805.pdf,4,756092,GR_DATASET\pdfs\Finance Department\202306121118412805.pdf,Downloaded,2026-07-27 21:13:22
Finance Department,Regarding inclusion of interest rate provision in the draft Tender/Agreement Document in case of Late Award Payment/Award to be made as per Court Order/ Arbitrators Order under Work/Service Contracts.,202306061627330305,06-06-2023,139,https://gr.maharashtra.gov.in/Site/Upload/Government%20Resolutions/English/202306061627330305.pdf,2,142628,GR_DATASET\pdfs\Finance Department\202306061627330305.pdf,Downloaded,2026-07-27 21:13:23
Finance Department,List of Maharashtra State Government Sponsored Lottery schemes Period dt. 05/06/2023. to dt.11/06/2023.,202306051108165705...,02-06-2023,894,https://gr.maharashtra.gov.in/Site/Upload/Government%20Resolutions/English/202306051108165705....pdf,0,0,GR_DATASET\pdfs\Finance Department\202306051108165705....pdf,404 Client Error: Not Found for url: https://gr.maharashtra.gov.in/Site/Upload/Government%20Resolutions/English/202306051108165705....pdf,2026-07-27 21:13:23
Finance Department,List of Maharashtra State Government Sponsored Lottery schemes Period dt. 29/05/2023. to dt.04/06/2023.,202305261114358005,26-05-2023,905,https://gr.maharashtra.gov.in/Site/Upload/Government%20Resolutions/English/202305261114358005.pdf,4,926633,GR_DATASET\pdfs\Finance Department\202305261114358005.pdf,Downloaded,2026-07-27 21:13:24
Finance Department,Regarding the goverment guaranteeing the amount of loan and interest raised from various financial institutions by Maharashtra state electricity distribution company limited for repayment of arrears of mahagenco and mahatransco companies.,202305251744004805,25-05-2023,1189,https://gr.maharashtra.gov.in/Site/Upload/Government%20Resolutions/English/202305251744004805.pdf,0,0,GR_DATASET\pdfs\Finance Department\202305251744004805.pdf,404 Client Error: Not Found for url: https://gr.maharashtra.gov.in/Site/Upload/Government%20Resolutions/English/202305251744004805.pdf,2026-07-27 21:13:24
Finance Department,Payment of 4rd Installment arrears of 7th Pay Commission.,202305241327537305,24-05-2023,1067,https://gr.maharashtra.gov.in/Site/Upload/Government%20Resolutions/English/202305241327537305.pdf,0,0,GR_DATASET\pdfs\Finance Department\202305241327537305.pdf,404 Client Error: Not Found for url: https://gr.maharashtra.gov.in/Site/Upload/Government%20Resolutions/English/202305241327537305.pdf,2026-07-27 21:13:25
Finance Department,"Maharashtra State Lotteries, Maharashtra Ganesh Laxmi Ashadhi Special monthly draw prize structure and procedure.",202305231451288305,22-05-2023,1161,https://gr.maharashtra.gov.in/Site/Upload/Government%20Resolutions/English/202305231451288305.pdf,2,1188862,GR_DATASET\pdfs\Finance Department\202305231451288305.pdf,Downloaded,2026-07-27 21:13:26
Finance Department,List of Maharashtra State Government Sponsored Lottery schemes Period dt. 22/05/2023. to dt.28/05/2023.,202305191155008705.....,19-05-2023,816,https://gr.maharashtra.gov.in/Site/Upload/Government%20Resolutions/English/202305191155008705......pdf,0,0,GR_DATASET\pdfs\Finance Department\202305191155008705......pdf,404 Client Error: Not Found for url: https://gr.maharashtra.gov.in/Site/Upload/Government%20Resolutions/English/202305191155008705......pdf,2026-07-27 21:13:27
Finance Department,List of Maharashtra State Government Sponsored Lottery schemes Period dt. 15/05/2023 to dt. 21/05/2023.,202305121148132105,12-05-2023,809,https://gr.maharashtra.gov.in/Site/Upload/Government%20Resolutions/English/202305121148132105.pdf,4,828299,GR_DATASET\pdfs\Finance Department\202305121148132105.pdf,Downloaded,2026-07-27 21:13:28
Finance Department,"Maharashtra Group-C Services Main Exam - 2021 Regarding the cancellation of allotment of candidates on the waiting list for the post of Technical Assistant, Group-C in the Insurance Directorate as recommended by the Maharashtra Public Service Commission.",202305111244325905,11-05-2023,214,https://gr.maharashtra.gov.in/Site/Upload/Government%20Resolutions/English/202305111244325905.pdf,2,219623,GR_DATASET\pdfs\Finance Department\202305111244325905.pdf,Downloaded,2026-07-27 21:13:29
Finance Department,"Administrative approval for amount of Rs.2,12,13,657/- for renovation of Conference Hall (Electric) at GST Bhavan, Mazgaon.",202305101536569105,10-05-2023,1285,https://gr.maharashtra.gov.in/Site/Upload/Government%20Resolutions/English/202305101536569105.pdf,0,0,GR_DATASET\pdfs\Finance Department\202305101536569105.pdf,404 Client Error: Not Found for url: https://gr.maharashtra.gov.in/Site/Upload/Government%20Resolutions/English/202305101536569105.pdf,2026-07-27 21:13:30
Finance Department,Administrative Approval for renovation of J C cabin at GST Bhavan Vadala,202305101632471205,10-05-2023,1285,https://gr.maharashtra.gov.in/Site/Upload/Government%20Resolutions/English/202305101632471205.pdf,2,1315390,GR_DATASET\pdfs\Finance Department\202305101632471205.pdf,Downloaded,2026-07-27 21:13:30
Finance Department,List of Maharashtra State Government Sponsored Lottery schemes Period dt. 08/05/2023 to dt. 14/05/2023.,202305081249041405,04-05-2023,806,https://gr.maharashtra.gov.in/Site/Upload/Government%20Resolutions/English/202305081249041405.pdf,4,825847,GR_DATASET\pdfs\Finance Department\202305081249041405.pdf,Downloaded,2026-07-27 21:13:31
Finance Department,List of Maharashtra State Government Sponsored Lottery schemes Period dt. 01/05/2023 to dt.07/05/2023.,202305021120396705,28-04-2023,835,https://gr.maharashtra.gov.in/Site/Upload/Government%20Resolutions/English/202305021120396705.pdf,0,0,GR_DATASET\pdfs\Finance Department\202305021120396705.pdf,404 Client Error: Not Found for url: https://gr.maharashtra.gov.in/Site/Upload/Government%20Resolutions/English/202305021120396705.pdf,2026-07-27 21:13:32
Finance Department,Assistant Director Final Seniority as on 1.1.2022.,202304281208590405,27-04-2023,2032,https://gr.maharashtra.gov.in/Site/Upload/Government%20Resolutions/English/202304281208590405.pdf,62,2080948,GR_DATASET\pdfs\Finance Department\202304281208590405.pdf,Downloaded,2026-07-27 21:13:33
Finance Department,Revival of 214 teaching posts in the Private Aided Higher Secondary Schools in the State.,202304251825399005,25-04-2023,1586,https://gr.maharashtra.gov.in/Site/Upload/Government%20Resolutions/English/202304251825399005.pdf,2,1624539,GR_DATASET\pdfs\Finance Department\202304251825399005.pdf,Downloaded,2026-07-27 21:13:34
Finance Department,List of Maharashtra State Government Sponsored Lottery schemes Period dt. 24/04/2023 to dt. 30/04/2023.,202304241354174805,21-04-2023,934,https://gr.maharashtra.gov.in/Site/Upload/Government%20Resolutions/English/202304241354174805.pdf,4,956373,GR_DATASET\pdfs\Finance Department\202304241354174805.pdf,Downloaded,2026-07-27 21:13:35
Finance Department,To grant Family Pension/Invalid Pension of Death Gratuity/Retirement Gratuity to the employees covered under DCPS/NPS.,202304201602114305,20-04-2023,1599,https://gr.maharashtra.gov.in/Site/Upload/Government%20Resolutions/English/202304201602114305.pdf,3,1636868,GR_DATASET\pdfs\Finance Department\202304201602114305.pdf,Downloaded,2026-07-27 21:13:36
Finance Department,Maharashtra State Lottery- Maharashtra Ganesh Lakshmi Monsoon regarding prize structure and procedure of monthly draw.,202304201808056105,20-04-2023,1135,https://gr.maharashtra.gov.in/Site/Upload/Government%20Resolutions/English/202304201808056105.pdf,0,0,GR_DATASET\pdfs\Finance Department\202304201808056105.pdf,404 Client Error: Not Found for url: https://gr.maharashtra.gov.in/Site/Upload/Government%20Resolutions/English/202304201808056105.pdf,2026-07-27 21:13:37
Finance Department,List of Maharashtra State Government Sponsored Lottery schemes Period dt. 17/04/2023 to dt. 23/04/2023.,202304171235083805,13-04-2023,805,https://gr.maharashtra.gov.in/Site/Upload/Government%20Resolutions/English/202304171235083805.pdf,0,0,GR_DATASET\pdfs\Finance Department\202304171235083805.pdf,404 Client Error: Not Found for url: https://gr.maharashtra.gov.in/Site/Upload/Government%20Resolutions/English/202304171235083805.pdf,2026-07-27 21:13:37
Finance Department,Maharashtra Appropriation act 2023 fund Distrubation.,202304121456100605,12-04-2023,185,https://gr.maharashtra.gov.in/Site/Upload/Government%20Resolutions/English/202304121456100605.pdf,7,189870,GR_DATASET\pdfs\Finance Department\202304121456100605.pdf,Downloaded,2026-07-27 21:13:38
Finance Department,"Continuation to the temporary posts of GST Tribunal, Mumbai",202304121624305005,12-04-2023,1237,https://gr.maharashtra.gov.in/Site/Upload/Government%20Resolutions/English/202304121624305005.pdf,3,1266833,GR_DATASET\pdfs\Finance Department\202304121624305005.pdf,Downloaded,2026-07-27 21:13:39
Finance Department,"Cancellation of allotment of recommended candidates from waiting list for the posts of Technical Assistant in the Directorate of Insurance, from Maharashtra Group-C Main Examination -2021.",202304111700171505,11-04-2023,315,https://gr.maharashtra.gov.in/Site/Upload/Government%20Resolutions/English/202304111700171505.pdf,2,322733,GR_DATASET\pdfs\Finance Department\202304111700171505.pdf,Downloaded,2026-07-27 21:13:39
Finance Department,To re-constitute a committee for the study of comparison between NPS and Old Pension Scheme.,202304101531147405,10-04-2023,1097,https://gr.maharashtra.gov.in/Site/Upload/Government%20Resolutions/English/202304101531147405.pdf,2,1123014,GR_DATASET\pdfs\Finance Department\202304101531147405.pdf,Downloaded,2026-07-27 21:13:40
Finance Department,List of Maharashtra State Government Sponsored Lottery schemes Period dt. 10/04/2023 to dt. 16/04/2023.,202304101340374005,06-04-2023,923,https://gr.maharashtra.gov.in/Site/Upload/Government%20Resolutions/English/202304101340374005.pdf,4,944966,GR_DATASET\pdfs\Finance Department\202304101340374005.pdf,Downloaded,2026-07-27 21:13:41
Finance Department,Guidelines regarding court cases related to pension cases.,202304031544205305,03-04-2023,1115,https://gr.maharashtra.gov.in/Site/Upload/Government%20Resolutions/English/202304031544205305.pdf,3,1141554,GR_DATASET\pdfs\Finance Department\202304031544205305.pdf,Downloaded,2026-07-27 21:13:42
Finance Department,List of Maharashtra State Government Sponsored Lottery schemes Period dt. 03/04/2023 to dt. 09/04/2023.,202304031150466805,31-03-2023,930,https://gr.maharashtra.gov.in/Site/Upload/Government%20Resolutions/English/202304031150466805.pdf,4,952213,GR_DATASET\pdfs\Finance Department\202304031150466805.pdf,Downloaded,2026-07-27 21:13:43
Finance Department,Regarding sanctioned loan of Rs.525.5068 crores from National Agriculture and Rural Development Bank for 292 projects (39 roads and 253 bridges) of Public Works Department under RIDF-28.,202304031210039005,31-03-2023,1358,https://gr.maharashtra.gov.in/Site/Upload/Government%20Resolutions/English/202304031210039005.pdf,3,1390091,GR_DATASET\pdfs\Finance Department\202304031210039005.pdf,Downloaded,2026-07-27 21:13:45
Finance Department,Regarding sanctioned loan of Rs.298.9029 crores from National Agriculture and Rural Development Bank for 93 projects (29 roads and 64 bridges) of Public Works Department under RIDF-28.,202304031216459305,31-03-2023,1313,https://gr.maharashtra.gov.in/Site/Upload/Government%20Resolutions/English/202304031216459305.pdf,0,0,GR_DATASET\pdfs\Finance Department\202304031216459305.pdf,404 Client Error: Not Found for url: https://gr.maharashtra.gov.in/Site/Upload/Government%20Resolutions/English/202304031216459305.pdf,2026-07-27 21:13:45
Finance Department,Regarding loan sanction of Rs.185.3871 Crores for 61 road projects under Mukhyamantri Gram Sadak Yojana of Rural Development Department under RIDF-28 from National Agriculture and Rural Development Bank.,202304031223493405,31-03-2023,1127,https://gr.maharashtra.gov.in/Site/Upload/Government%20Resolutions/English/202304031223493405.pdf,0,0,GR_DATASET\pdfs\Finance Department\202304031223493405.pdf,404 Client Error: Not Found for url: https://gr.maharashtra.gov.in/Site/Upload/Government%20Resolutions/English/202304031223493405.pdf,2026-07-27 21:13:46
Finance Department,Maharashtra State Lottery - Maharashtra Din Bumper Lottery Prize Structure and Procedure.,202304031242508805,31-03-2023,1799,https://gr.maharashtra.gov.in/Site/Upload/Government%20Resolutions/English/202304031242508805.pdf,6,1841980,GR_DATASET\pdfs\Finance Department\202304031242508805.pdf,Downloaded,2026-07-27 21:13:47
Finance Department,To grant family pension/Invalid pension and death gratuity/Retirement gratuity to the employees Covered under DCPS/NPS,202304031333330705,31-03-2023,1174,https://gr.maharashtra.gov.in/Site/Upload/Government%20Resolutions/English/202304031333330705.pdf,8,1201921,GR_DATASET\pdfs\Finance Department\202304031333330705.pdf,Downloaded,2026-07-27 21:13:48
Finance Department,"Sanction of loan of Rs.39.70 Crores from NABARD for construction of 17 Godowns of Food, Civil Supplies and Consumer Protection Department under RIDF-XXVIII.",202303311136178205,31-03-2023,1627,https://gr.maharashtra.gov.in/Site/Upload/Government%20Resolutions/English/202303311136178205.pdf,2,1666334,GR_DATASET\pdfs\Finance Department\202303311136178205.pdf,Downloaded,2026-07-27 21:13:49
Finance Department,Regarding extension of temporary posts on establishment of Finance Department (own) and Directorate of State Lotteries In the period dt.01 March 2023 to 31 August 2023.,202303291624476205,29-03-2023,159,https://gr.maharashtra.gov.in/Site/Upload/Government%20Resolutions/English/202303291624476205.pdf,0,0,GR_DATASET\pdfs\Finance Department\202303291624476205.pdf,404 Client Error: Not Found for url: https://gr.maharashtra.gov.in/Site/Upload/Government%20Resolutions/English/202303291624476205.pdf,2026-07-27 21:13:50
Finance Department,Temporary promotion and posting on the post of Joint Director from Deputy Director in the cadre of Maharashtra Finance and Accounts Service.,202303291218429805,29-03-2023,1147,https://gr.maharashtra.gov.in/Site/Upload/Government%20Resolutions/English/202303291218429805.pdf,4,1174142,GR_DATASET\pdfs\Finance Department\202303291218429805.pdf,Downloaded,2026-07-27 21:13:51
Finance Department,Grant Release for Construction of Building at Wadala,202303291815229305,29-03-2023,1124,https://gr.maharashtra.gov.in/Site/Upload/Government%20Resolutions/English/202303291815229305.pdf,2,1151306,GR_DATASET\pdfs\Finance Department\202303291815229305.pdf,Downloaded,2026-07-27 21:13:52
Finance Department,Regarding approval of Memorandum of Understanding (MoU) between State Government and International Finance Corporation (IFC).,202303311143336105,28-03-2023,3383,https://gr.maharashtra.gov.in/Site/Upload/Government%20Resolutions/English/202303311143336105.pdf,11,3464440,GR_DATASET\pdfs\Finance Department\202303311143336105.pdf,Downloaded,2026-07-27 21:13:54
Finance Department,Sanction of loan of Rs.664.0758 Crores from NABARD for construction of 2 projects of Water Resources Department under RIDF-XXVIII.,202303291228228605,28-03-2023,1890,https://gr.maharashtra.gov.in/Site/Upload/Government%20Resolutions/English/202303291228228605.pdf,5,1935258,GR_DATASET\pdfs\Finance Department\202303291228228605.pdf,Downloaded,2026-07-27 21:13:55
Finance Department,List of Maharashtra State Government Sponsored Lottery schemes Period dt. 27/03/2023. to dt. 02/04/2023.,202303271202410105,24-03-2023,888,https://gr.maharashtra.gov.in/Site/Upload/Government%20Resolutions/English/202303271202410105.pdf,4,908935,GR_DATASET\pdfs\Finance Department\202303271202410105.pdf,Downloaded,2026-07-27 21:13:56
Finance Department,"Sanction of loan of Rs.39.70 Crores from NABARD for construction of 17 Godowns of Food, Civil Supplies and Consumer Protection Department under RIDF-XXVIII.",202303271224028405,24-03-2023,2309,https://gr.maharashtra.gov.in/Site/Upload/Government%20Resolutions/English/202303271224028405.pdf,5,2364505,GR_DATASET\pdfs\Finance Department\202303271224028405.pdf,Downloaded,2026-07-27 21:13:57
Finance Department,Maharashtra State Lottery- Price Structure and Procedure for Maharashtra Ganeshlaxmi Akshya Tritiya.,202303201615311605,20-03-2023,1186,https://gr.maharashtra.gov.in/Site/Upload/Government%20Resolutions/English/202303201615311605.pdf,2,1214284,GR_DATASET\pdfs\Finance Department\202303201615311605.pdf,Downloaded,2026-07-27 21:13:58
Finance Department,"Administrative approval for amount of Rs.95,68,945/- for renovation of Conference Hall at GST Bhavan, Mazgaon.",202303201648487605,20-03-2023,1173,https://gr.maharashtra.gov.in/Site/Upload/Government%20Resolutions/English/202303201648487605.pdf,3,1201025,GR_DATASET\pdfs\Finance Department\202303201648487605.pdf,Downloaded,2026-07-27 21:13:59
Finance Department,Action to be taken on proposals regarding purchase at the end of Financial year.,202303201709052005,20-03-2023,677,https://gr.maharashtra.gov.in/Site/Upload/Government%20Resolutions/English/202303201709052005.pdf,2,692769,GR_DATASET\pdfs\Finance Department\202303201709052005.pdf,Downloaded,2026-07-27 21:14:00
Finance Department,List of Maharashtra State Government Sponsored Lottery schemes Period dt. 20/03/2023 to dt. 26/03/2023.,202303211155061405,17-03-2023,897,https://gr.maharashtra.gov.in/Site/Upload/Government%20Resolutions/English/202303211155061405.pdf,4,918770,GR_DATASET\pdfs\Finance Department\202303211155061405.pdf,Downloaded,2026-07-27 21:14:01
Finance Department,Supplementary Statement of Expenditure for the year 2022-23 as well as disbursement of funds for the year 2022-23.,202303161239577105,16-03-2023,154,https://gr.maharashtra.gov.in/Site/Upload/Government%20Resolutions/English/202303161239577105.pdf,3,157315,GR_DATASET\pdfs\Finance Department\202303161239577105.pdf,Downloaded,2026-07-27 21:14:01
Finance Department,"To accord sanction to guarantee to the loan to be raised from HUDCO by MSRDC for Rs, 3500.00 crore for land acquisition of Pune Ring Road (West Segment) project and for Rs. 2140.00 crore for Jalna to Nanded Expressway Connector.",202303161458313105,16-03-2023,1221,https://gr.maharashtra.gov.in/Site/Upload/Government%20Resolutions/English/202303161458313105.pdf,0,0,GR_DATASET\pdfs\Finance Department\202303161458313105.pdf,404 Client Error: Not Found for url: https://gr.maharashtra.gov.in/Site/Upload/Government%20Resolutions/English/202303161458313105.pdf,2026-07-27 21:14:02
Finance Department,Finance Department (Proper) and State Lottery Directorate Regarding conversion of posts into permanent posts as per the revised Staffing Pattern.,202303151724406205,15-03-2023,171,https://gr.maharashtra.gov.in/Site/Upload/Government%20Resolutions/English/202303151724406205.pdf,4,175198,GR_DATASET\pdfs\Finance Department\202303151724406205.pdf,Downloaded,2026-07-27 21:14:02
Finance Department,Procedure of Work to be fallow by All Administrative Department P.A.O. Treasury/Sub Treasury for the end of financial year 2022-23 ( i.e. March End).,202303151907457405,15-03-2023,366,https://gr.maharashtra.gov.in/Site/Upload/Government%20Resolutions/English/202303151907457405.pdf,5,375288,GR_DATASET\pdfs\Finance Department\202303151907457405.pdf,Downloaded,2026-07-27 21:14:03
Finance Department,To constitute a committee for the study of comparison between NPS and Old Pension Scheme.,202303142003136805,14-03-2023,1154,https://gr.maharashtra.gov.in/Site/Upload/Government%20Resolutions/English/202303142003136805.pdf,2,1181590,GR_DATASET\pdfs\Finance Department\202303142003136805.pdf,Downloaded,2026-07-27 21:14:04
Finance Department,List of Maharashtra State Government Sponsored Lottery schemes Period dt. 13/03/2023 to dt. 19/03/2023.,202303131215230105,10-03-2023,1026,https://gr.maharashtra.gov.in/Site/Upload/Government%20Resolutions/English/202303131215230105.pdf,4,1050410,GR_DATASET\pdfs\Finance Department\202303131215230105.pdf,Downloaded,2026-07-27 21:14:06
Finance Department,Special Child Care Leave to State Government Employee having Disabled Child,202303091421503505,09-03-2023,1198,https://gr.maharashtra.gov.in/Site/Upload/Government%20Resolutions/English/202303091421503505.pdf,3,1226542,GR_DATASET\pdfs\Finance Department\202303091421503505.pdf,Downloaded,2026-07-27 21:14:06
Finance Department,"Guarantee to loan to be availed from HUDCO of Rs.3500 crore required for land acquisition of Pune Ring Road (Western Zone) project and Rs.2,140 crore for land acquisition of Jalna to Nanded Expressway project amounting to total of Rs. 5640.00 crore to be implemented by Maharashtra State Road Development Corporation.",202303081210016605,08-03-2023,1195,https://gr.maharashtra.gov.in/Site/Upload/Government%20Resolutions/English/202303081210016605.pdf,0,0,GR_DATASET\pdfs\Finance Department\202303081210016605.pdf,404 Client Error: Not Found for url: https://gr.maharashtra.gov.in/Site/Upload/Government%20Resolutions/English/202303081210016605.pdf,2026-07-27 21:14:07
Finance Department,"Cancellation of allotment of recommended candidates for the posts of Technical Assistant in the Directorate of Insurance, from Maharashtra Group-C Main Examination -2021.",202303081702534205,08-03-2023,380,https://gr.maharashtra.gov.in/Site/Upload/Government%20Resolutions/English/202303081702534205.pdf,2,389032,GR_DATASET\pdfs\Finance Department\202303081702534205.pdf,Downloaded,2026-07-27 21:14:08
Finance Department,"Allotment of Recommended Candidates from waiting list, for the posts of Technical Assistant in the Directorate of Insurance, from Maharashtra Group-C Main Examination -2021.",202303031155459105,03-03-2023,284,https://gr.maharashtra.gov.in/Site/Upload/Government%20Resolutions/English/202303031155459105.pdf,11,290567,GR_DATASET\pdfs\Finance Department\202303031155459105.pdf,Downloaded,2026-07-27 21:14:08
Finance Department,Extension for 264 posts created under restructuring of Sales Tax Department for Mumbai Sales Tax Act.,202303031632551805,03-03-2023,1355,https://gr.maharashtra.gov.in/Site/Upload/Government%20Resolutions/English/202303031632551805.pdf,0,0,GR_DATASET\pdfs\Finance Department\202303031632551805.pdf,404 Client Error: Not Found for url: https://gr.maharashtra.gov.in/Site/Upload/Government%20Resolutions/English/202303031632551805.pdf,2026-07-27 21:14:09
Finance Department,List of Maharashtra State Government Sponsored Lottery schemes Period dt. 06/03/2023 to dt. 12/03/2023.,202303061139119405,03-03-2023,1026,https://gr.maharashtra.gov.in/Site/Upload/Government%20Resolutions/English/202303061139119405.pdf,0,0,GR_DATASET\pdfs\Finance Department\202303061139119405.pdf,404 Client Error: Not Found for url: https://gr.maharashtra.gov.in/Site/Upload/Government%20Resolutions/English/202303061139119405.pdf,2026-07-27 21:14:09
Finance Department,Regarding removal of posts of Information Technology Experts from the purview of Maharashtra Public Service Commission.,202303011157168705,01-03-2023,138,https://gr.maharashtra.gov.in/Site/Upload/Government%20Resolutions/English/202303011157168705.pdf,2,140806,GR_DATASET\pdfs\Finance Department\202303011157168705.pdf,Downloaded,2026-07-27 21:14:10
Finance Department,"Declaring the Commissioner, State Lotteries as Head of the Department.",202303031141288705,01-03-2023,138,https://gr.maharashtra.gov.in/Site/Upload/Government%20Resolutions/English/202303031141288705.pdf,2,140919,GR_DATASET\pdfs\Finance Department\202303031141288705.pdf,Downloaded,2026-07-27 21:14:11
Finance Department,Extension for 1704 posts and other cadre for 585 temporary posts of Goods and Services Tax (previous Sales Tax Department) Department.,202303031629245005,28-02-2023,1211,https://gr.maharashtra.gov.in/Site/Upload/Government%20Resolutions/English/202303031629245005.pdf,0,0,GR_DATASET\pdfs\Finance Department\202303031629245005.pdf,404 Client Error: Not Found for url: https://gr.maharashtra.gov.in/Site/Upload/Government%20Resolutions/English/202303031629245005.pdf,2026-07-27 21:14:11
Finance Department,List of Maharashtra State Government Sponsored Lottery schemes Period dt. 27/02/2023. to dt. 05/03/2023.,202302271115169205,24-02-2023,888,https://gr.maharashtra.gov.in/Site/Upload/Government%20Resolutions/English/202302271115169205.pdf,0,0,GR_DATASET\pdfs\Finance Department\202302271115169205.pdf,404 Client Error: Not Found for url: https://gr.maharashtra.gov.in/Site/Upload/Government%20Resolutions/English/202302271115169205.pdf,2026-07-27 21:14:12
Finance Department,"Regarding payment of Rs.20,42,652/- to M/s. Venkatesh Enterprises, Vashi for four months from September, 2022 to December, 2022.",202303061658251405,23-02-2023,143,https://gr.maharashtra.gov.in/Site/Upload/Government%20Resolutions/English/202303061658251405.pdf,0,0,GR_DATASET\pdfs\Finance Department\202303061658251405.pdf,404 Client Error: Not Found for url: https://gr.maharashtra.gov.in/Site/Upload/Government%20Resolutions/English/202303061658251405.pdf,2026-07-27 21:14:13
Finance Department,Maharashtra State Lottery- Maharashtra Ganesh Lakshmi Anniversary Special Monthly Draw Prize Structure and Procedure.,202302231715477105,23-02-2023,186,https://gr.maharashtra.gov.in/Site/Upload/Government%20Resolutions/English/202302231715477105.pdf,2,190785,GR_DATASET\pdfs\Finance Department\202302231715477105.pdf,Downloaded,2026-07-27 21:14:14
Finance Department,List of Maharashtra State Government Sponsored Lottery schemes Period dt. 20/02/2023 to dt. 26/02/2023.,202302201123502105,17-02-2023,914,https://gr.maharashtra.gov.in/Site/Upload/Government%20Resolutions/English/202302201123502105.pdf,4,935597,GR_DATASET\pdfs\Finance Department\202302201123502105.pdf,Downloaded,2026-07-27 21:14:15
Finance Department,Government Guarantee to MMRDA to avail loan of Rs.12000 crore from Rural Electrification Corporation Ltd. for implementation of Infrastructure Development Projects.,202302161208284305,15-02-2023,1237,https://gr.maharashtra.gov.in/Site/Upload/Government%20Resolutions/English/202302161208284305.pdf,2,1267152,GR_DATASET\pdfs\Finance Department\202302161208284305.pdf,Downloaded,2026-07-27 21:14:16
Finance Department,"Regarding acceptance of pay scales and ancillary recommendations contained in the State Pay Revision Committee, Report Volume-II, 2017.",202302131213394705,13-02-2023,1993,https://gr.maharashtra.gov.in/Site/Upload/Government%20Resolutions/English/202302131213394705.pdf,14,2040991,GR_DATASET\pdfs\Finance Department\202302131213394705.pdf,Downloaded,2026-07-27 21:14:18
Finance Department,List of Maharashtra State Government Sponsored Lottery schemes Period dt. 13/02/2023 to dt. 19/02/2023.,202302131139577805,10-02-2023,924,https://gr.maharashtra.gov.in/Site/Upload/Government%20Resolutions/English/202302131139577805.pdf,4,946009,GR_DATASET\pdfs\Finance Department\202302131139577805.pdf,Downloaded,2026-07-27 21:14:19
Finance Department,"Cancellation of allotment of recommended candidates for the posts of Technical Assistant in the Directorate of Insurance, from Maharashtra Group-C Main Examination -2021.",202302091304203805,09-02-2023,363,https://gr.maharashtra.gov.in/Site/Upload/Government%20Resolutions/English/202302091304203805.pdf,2,371247,GR_DATASET\pdfs\Finance Department\202302091304203805.pdf,Downloaded,2026-07-27 21:14:20
Finance Department,Action to be taken on proposals regarding purchase at the end of Financial year.,202302091743026605,09-02-2023,171,https://gr.maharashtra.gov.in/Site/Upload/Government%20Resolutions/English/202302091743026605.pdf,3,175508,GR_DATASET\pdfs\Finance Department\202302091743026605.pdf,Downloaded,2026-07-27 21:14:20
Finance Department,Delegation of powers to the Administrative Departments for extending continuation to the temporary posts.,202302081822174705,08-02-2023,1736,https://gr.maharashtra.gov.in/Site/Upload/Government%20Resolutions/English/202302081822174705.pdf,3,1777593,GR_DATASET\pdfs\Finance Department\202302081822174705.pdf,Downloaded,2026-07-27 21:14:22
Finance Department,Fund Distribution in 2022-23.,202302081903148705,08-02-2023,167,https://gr.maharashtra.gov.in/Site/Upload/Government%20Resolutions/English/202302081903148705.pdf,3,171010,GR_DATASET\pdfs\Finance Department\202302081903148705.pdf,Downloaded,2026-07-27 21:14:22
Finance Department,"Guarantee to loan to be availed from HUDCO of Rs.3500 crore required for land acquisition of Pune Ring Road (Western Zone) project and Rs.2,140 crore for land acquisition of Jalna to Nanded Expressway project amounting to total of Rs. 5640.00 crore to be implemented by Maharashtra State Road Development Corporation.",202302071207358005,07-02-2023,1361,https://gr.maharashtra.gov.in/Site/Upload/Government%20Resolutions/English/202302071207358005.pdf,0,0,GR_DATASET\pdfs\Finance Department\202302071207358005.pdf,404 Client Error: Not Found for url: https://gr.maharashtra.gov.in/Site/Upload/Government%20Resolutions/English/202302071207358005.pdf,2026-07-27 21:14:23
Finance Department,List of Maharashtra State Government Sponsored Lottery schemes Period dt. 06/02/2023 to dt. 12/02/2023.,202302031609107305,03-02-2023,924,https://gr.maharashtra.gov.in/Site/Upload/Government%20Resolutions/English/202302031609107305.pdf,4,946508,GR_DATASET\pdfs\Finance Department\202302031609107305.pdf,Downloaded,2026-07-27 21:14:24
Finance Department,"Supplementary Demands 2022-23 (March, 2023).",202302021116359905,02-02-2023,203,https://gr.maharashtra.gov.in/Site/Upload/Government%20Resolutions/English/202302021116359905.pdf,11,207997,GR_DATASET\pdfs\Finance Department\202302021116359905.pdf,Downloaded,2026-07-27 21:14:24
Finance Department,Maharashtra State Lottery Prize Structure and Procedure for Maharashtra Gudhipadwa Bumper Draw - 2023.,202302011525257605,01-02-2023,482,https://gr.maharashtra.gov.in/Site/Upload/Government%20Resolutions/English/202302011525257605.pdf,0,0,GR_DATASET\pdfs\Finance Department\202302011525257605.pdf,404 Client Error: Not Found for url: https://gr.maharashtra.gov.in/Site/Upload/Government%20Resolutions/English/202302011525257605.pdf,2026-07-27 21:14:25
Finance Department,"Promotion on the post of Deputy Derector of Insurance (Group-A), in the office of Directorate of Insurance, Maharashtra State, Mumbai.... Select List 2022-23",202301301507013705,30-01-2023,164,https://gr.maharashtra.gov.in/Site/Upload/Government%20Resolutions/English/202301301507013705.pdf,2,168200,GR_DATASET\pdfs\Finance Department\202301301507013705.pdf,Downloaded,2026-07-27 21:14:26
Finance Department,"Promotion on the post of Assistant Derector of Insurance (Group-A), in the office of Directorate of Insurance, Maharashtra State, Mumbai.... Select List 2022-23",202301301511391105,30-01-2023,164,https://gr.maharashtra.gov.in/Site/Upload/Government%20Resolutions/English/202301301511391105.pdf,2,167966,GR_DATASET\pdfs\Finance Department\202301301511391105.pdf,Downloaded,2026-07-27 21:14:26
Finance Department,Officers in the cadre of Joint Director of Maharashtra Finance and Accounts Service. Provisional Seniority List showing status as on 1st January 2022,202301271754542705,27-01-2023,1384,https://gr.maharashtra.gov.in/Site/Upload/Government%20Resolutions/English/202301271754542705.pdf,6,1417256,GR_DATASET\pdfs\Finance Department\202301271754542705.pdf,Downloaded,2026-07-27 21:14:27
Finance Department,"Final seniority list of Maharashtra Finance and Accounts Service, Deputy Director Group-A (Senior) Cadre Officers as on dated 01.01.2002 to 01.01.2022.",202301271753166405,27-01-2023,3812,https://gr.maharashtra.gov.in/Site/Upload/Government%20Resolutions/English/202301271753166405.pdf,403,3903961,GR_DATASET\pdfs\Finance Department\202301271753166405.pdf,Downloaded,2026-07-27 21:14:30
Finance Department,List of Maharashtra State Government Sponsored Lottery schemes Period dt. 30/01/2023. to dt. 05/02/2023.,202301301130268505,27-01-2023,888,https://gr.maharashtra.gov.in/Site/Upload/Government%20Resolutions/English/202301301130268505.pdf,0,0,GR_DATASET\pdfs\Finance Department\202301301130268505.pdf,404 Client Error: Not Found for url: https://gr.maharashtra.gov.in/Site/Upload/Government%20Resolutions/English/202301301130268505.pdf,2026-07-27 21:14:31
Finance Department,Changes in State Government Employees Group Personal Accidental Insurance Policy.,202301241145330205....,24-01-2023,164,https://gr.maharashtra.gov.in/Site/Upload/Government%20Resolutions/English/202301241145330205.....pdf,0,0,GR_DATASET\pdfs\Finance Department\202301241145330205.....pdf,404 Client Error: Not Found for url: https://gr.maharashtra.gov.in/Site/Upload/Government%20Resolutions/English/202301241145330205.....pdf,2026-07-27 21:14:31
Finance Department,"State Government Employees Group Insurance Scheme, 1982.. Calculated charts of benefits from Savings Fund, for the period of 1st January, 2023 to 31st December, 2023.",202301231656422205,23-01-2023,308,https://gr.maharashtra.gov.in/Site/Upload/Government%20Resolutions/English/202301231656422205.pdf,5,315393,GR_DATASET\pdfs\Finance Department\202301231656422205.pdf,Downloaded,2026-07-27 21:14:33
Finance Department,List of Maharashtra State Government Sponsored Lottery schemes Period dt. 23/01/2023. to dt. 29/01/2023.,202301131640150605,20-01-2023,896,https://gr.maharashtra.gov.in/Site/Upload/Government%20Resolutions/English/202301131640150605.pdf,4,917679,GR_DATASET\pdfs\Finance Department\202301131640150605.pdf,Downloaded,2026-07-27 21:14:34
Finance Department,Recovery of License Fee for Government Residences at place of Duty.,202301191149009805,19-01-2023,1271,https://gr.maharashtra.gov.in/Site/Upload/Government%20Resolutions/English/202301191149009805.pdf,0,0,GR_DATASET\pdfs\Finance Department\202301191149009805.pdf,404 Client Error: Not Found for url: https://gr.maharashtra.gov.in/Site/Upload/Government%20Resolutions/English/202301191149009805.pdf,2026-07-27 21:14:34
Finance Department,"Administrative approval for purchase of new vehicle for Director of Insurance, and for expenditure thereon",202301191752083105,19-01-2023,142,https://gr.maharashtra.gov.in/Site/Upload/Government%20Resolutions/English/202301191752083105.pdf,2,145284,GR_DATASET\pdfs\Finance Department\202301191752083105.pdf,Downloaded,2026-07-27 21:14:35
Finance Department,List of Maharashtra State Government Sponsored Lottery schemes Period dt. 16/01/2023. to dt. 22/01/2023.,202301301123197505...,13-01-2023,981,https://gr.maharashtra.gov.in/Site/Upload/Government%20Resolutions/English/202301301123197505....pdf,0,0,GR_DATASET\pdfs\Finance Department\202301301123197505....pdf,404 Client Error: Not Found for url: https://gr.maharashtra.gov.in/Site/Upload/Government%20Resolutions/English/202301301123197505....pdf,2026-07-27 21:14:35
Finance Department,Regarding grant of administrative approval purchase of Bags for distribution to Member of the Legislature for the Budget Session of the year 2023-24.,202301131658364705,13-01-2023,136,https://gr.maharashtra.gov.in/Site/Upload/Government%20Resolutions/English/202301131658364705.pdf,2,139620,GR_DATASET\pdfs\Finance Department\202301131658364705.pdf,Downloaded,2026-07-27 21:14:36
Finance Department,Maharashtra State Lottery-Maharashtra Ganeshlaxmi Holi Monthly Prize Structure and Procedure.,202301131705368805,13-01-2023,1322,https://gr.maharashtra.gov.in/Site/Upload/Government%20Resolutions/English/202301131705368805.pdf,2,1353430,GR_DATASET\pdfs\Finance Department\202301131705368805.pdf,Downloaded,2026-07-27 21:14:37
Finance Department,Prescribing bill format for Conditional and Unconditional Utilization Certificates for Grant-in-Aid,202301121734383305,12-01-2023,2091,https://gr.maharashtra.gov.in/Site/Upload/Government%20Resolutions/English/202301121734383305.pdf,0,0,GR_DATASET\pdfs\Finance Department\202301121734383305.pdf,404 Client Error: Not Found for url: https://gr.maharashtra.gov.in/Site/Upload/Government%20Resolutions/English/202301121734383305.pdf,2026-07-27 21:14:37
Finance Department,Dearness Relief Increase to 212 percent for the pension / family pension being drawn in the pre-revised scale (sixth pay commission) w.e.f. 1st July 2022.,202301111512291305,11-01-2023,258,https://gr.maharashtra.gov.in/Site/Upload/Government%20Resolutions/English/202301111512291305.pdf,0,0,GR_DATASET\pdfs\Finance Department\202301111512291305.pdf,404 Client Error: Not Found for url: https://gr.maharashtra.gov.in/Site/Upload/Government%20Resolutions/English/202301111512291305.pdf,2026-07-27 21:14:38
Finance Department,"Dearness Relief Increase to 38 on Pension/Family Pension w.e.f. 1st July, 2022.",202301111509219605,11-01-2023,375,https://gr.maharashtra.gov.in/Site/Upload/Government%20Resolutions/English/202301111509219605.pdf,4,384088,GR_DATASET\pdfs\Finance Department\202301111509219605.pdf,Downloaded,2026-07-27 21:14:38
Finance Department,Dearness Relief Increase to 396 percent for the pension / family pension being drawn in the pre-revised scale (Fifth pay Commission) w.e.f. 1st July 2022.,202301111529124705,11-01-2023,347,https://gr.maharashtra.gov.in/Site/Upload/Government%20Resolutions/English/202301111529124705.pdf,0,0,GR_DATASET\pdfs\Finance Department\202301111529124705.pdf,404 Client Error: Not Found for url: https://gr.maharashtra.gov.in/Site/Upload/Government%20Resolutions/English/202301111529124705.pdf,2026-07-27 21:14:39
Finance Department,"D.A. w.e.f. 01 July, 2022 (7th Pay).",202301101843336205,10-01-2023,1277,https://gr.maharashtra.gov.in/Site/Upload/Government%20Resolutions/English/202301101843336205.pdf,0,0,GR_DATASET\pdfs\Finance Department\202301101843336205.pdf,404 Client Error: Not Found for url: https://gr.maharashtra.gov.in/Site/Upload/Government%20Resolutions/English/202301101843336205.pdf,2026-07-27 21:14:39
Finance Department,"D.A. w.e.f. 01 July, 2022 (6th Pay).",202301101850020205,10-01-2023,1278,https://gr.maharashtra.gov.in/Site/Upload/Government%20Resolutions/English/202301101850020205.pdf,3,1308309,GR_DATASET\pdfs\Finance Department\202301101850020205.pdf,Downloaded,2026-07-27 21:14:40
Finance Department,"D.A. w.e.f. 01 July, 2022 (5th Pay).",202301101854070205,10-01-2023,1278,https://gr.maharashtra.gov.in/Site/Upload/Government%20Resolutions/English/202301101854070205.pdf,3,1308289,GR_DATASET\pdfs\Finance Department\202301101854070205.pdf,Downloaded,2026-07-27 21:14:41
Finance Department,Income Tax Circular.,202301091455132105,09-01-2023,1402,https://gr.maharashtra.gov.in/Site/Upload/Government%20Resolutions/English/202301091455132105.pdf,2,1436092,GR_DATASET\pdfs\Finance Department\202301091455132105.pdf,Downloaded,2026-07-27 21:14:42
Finance Department,"Approval to disburse grant for construction of New GST Bhavan, Wadala.",202301061144203805,06-01-2023,1284,https://gr.maharashtra.gov.in/Site/Upload/Government%20Resolutions/English/202301061144203805.pdf,2,1314674,GR_DATASET\pdfs\Finance Department\202301061144203805.pdf,Downloaded,2026-07-27 21:14:43
Finance Department,List of Maharashtra State Government Sponsored Lottery schemes Period dt. 09/01/2023 to dt. 15/01/2023.,202301091113482305,06-01-2023,987,https://gr.maharashtra.gov.in/Site/Upload/Government%20Resolutions/English/202301091113482305.pdf,4,1010930,GR_DATASET\pdfs\Finance Department\202301091113482305.pdf,Downloaded,2026-07-27 21:14:44
Finance Department,"To Extend Posts of Mumbai, Pune and Nagpur benches of Maharashtra Sales Tax Tribunal till 31.03.2024.",202301031619047905,03-01-2023,1299,https://gr.maharashtra.gov.in/Site/Upload/Government%20Resolutions/English/202301031619047905.pdf,3,1330602,GR_DATASET\pdfs\Finance Department\202301031619047905.pdf,Downloaded,2026-07-27 21:14:45
Finance Department,List of Maharashtra State Government Sponsored Lottery schemes Period dt. 02/01/2023 to dt. 08/01/2023.,202301021115083205,30-12-2022,1016,https://gr.maharashtra.gov.in/Site/Upload/Government%20Resolutions/English/202301021115083205.pdf,4,1040547,GR_DATASET\pdfs\Finance Department\202301021115083205.pdf,Downloaded,2026-07-27 21:14:46
Finance Department,Maharashtra State Lottery Monthly Prize Structure and Procedure for Maharashtra Ganeshlaxmi Maghi Ganapati Vishesh.,202212291225551105,29-12-2022,1345,https://gr.maharashtra.gov.in/Site/Upload/Government%20Resolutions/English/202212291225551105.pdf,2,1377001,GR_DATASET\pdfs\Finance Department\202212291225551105.pdf,Downloaded,2026-07-27 21:14:47
Finance Department,Regarding fixing the figure of posts for Finance Department (self) and Directorate of State Lotteries.,202212291639084705,29-12-2022,181,https://gr.maharashtra.gov.in/Site/Upload/Government%20Resolutions/English/202212291639084705.pdf,7,185581,GR_DATASET\pdfs\Finance Department\202212291639084705.pdf,Downloaded,2026-07-27 21:14:48
Finance Department,Approval of new budget-head for payment of Goods and Services Tax received with insurance premium to Directorate of Insurance.,202212281724166905,28-12-2022,390,https://gr.maharashtra.gov.in/Site/Upload/Government%20Resolutions/English/202212281724166905.pdf,2,399707,GR_DATASET\pdfs\Finance Department\202212281724166905.pdf,Downloaded,2026-07-27 21:14:49
Finance Department,"Allotment of Recommended Candidates for the posts of Technical Assistant in the Directorate of Insurance, from Maharashtra Group-C Main Examination -2021.",202212271518484905,27-12-2022,434,https://gr.maharashtra.gov.in/Site/Upload/Government%20Resolutions/English/202212271518484905.pdf,11,444899,GR_DATASET\pdfs\Finance Department\202212271518484905.pdf,Downloaded,2026-07-27 21:14:50
Finance Department,"Supplementary statement of expenditure for the year 2022-23, presented to the December, 2022 Session of the Legislature.",202212231534436205,23-12-2022,129,https://gr.maharashtra.gov.in/Site/Upload/Government%20Resolutions/English/202212231534436205.pdf,1,131940,GR_DATASET\pdfs\Finance Department\202212231534436205.pdf,Downloaded,2026-07-27 21:14:50
Finance Department,List of Maharashtra State Government Sponsored Lottery schemes Period dt. 26/12/2022 to dt. 01/01/2023.,202212231541124605,23-12-2022,1003,https://gr.maharashtra.gov.in/Site/Upload/Government%20Resolutions/English/202212231541124605.pdf,4,1026923,GR_DATASET\pdfs\Finance Department\202212231541124605.pdf,Downloaded,2026-07-27 21:14:51
Finance Department,Recoupment of Contingency Fund ( December 2022 ).,202212231656266805,23-12-2022,129,https://gr.maharashtra.gov.in/Site/Upload/Government%20Resolutions/English/202212231656266805.pdf,3,132594,GR_DATASET\pdfs\Finance Department\202212231656266805.pdf,Downloaded,2026-07-27 21:14:52
Finance Department,Regarding delegation of transfer powers of officers/employees of Goods and Services Tax Office under Finance Department.,202212191753411005...,19-12-2022,166,https://gr.maharashtra.gov.in/Site/Upload/Government%20Resolutions/English/202212191753411005....pdf,0,0,GR_DATASET\pdfs\Finance Department\202212191753411005....pdf,404 Client Error: Not Found for url: https://gr.maharashtra.gov.in/Site/Upload/Government%20Resolutions/English/202212191753411005....pdf,2026-07-27 21:14:52
Finance Department,List of Maharashtra State Government Sponsored Lottery schemes Period dt. 19/12/2022 to dt. 25/12/2022.,202212161439148205,16-12-2022,818,https://gr.maharashtra.gov.in/Site/Upload/Government%20Resolutions/English/202212161439148205.pdf,4,837457,GR_DATASET\pdfs\Finance Department\202212161439148205.pdf,Downloaded,2026-07-27 21:14:53
Finance Department,Permission of facility of air travel to State Government Officer.,202212161547572605,16-12-2022,1318,https://gr.maharashtra.gov.in/Site/Upload/Government%20Resolutions/English/202212161547572605.pdf,3,1349124,GR_DATASET\pdfs\Finance Department\202212161547572605.pdf,Downloaded,2026-07-27 21:14:54
Finance Department,Recovery of Licence fee for Government Residences at the place of duty.,202212151314205105,15-12-2022,1309,https://gr.maharashtra.gov.in/Site/Upload/Government%20Resolutions/English/202212151314205105.pdf,2,1340596,GR_DATASET\pdfs\Finance Department\202212151314205105.pdf,Downloaded,2026-07-27 21:14:55
Finance Department,"Regarding changing the designation of posts in the Group-C cadre of Account Clerk and Audit Clerk to Clerk-Typist in the Directorate, Directorate of Accounts and Treasury and Local Fund Audit respectively.",202212151651593805,15-12-2022,1331,https://gr.maharashtra.gov.in/Site/Upload/Government%20Resolutions/English/202212151651593805.pdf,0,0,GR_DATASET\pdfs\Finance Department\202212151651593805.pdf,404 Client Error: Not Found for url: https://gr.maharashtra.gov.in/Site/Upload/Government%20Resolutions/English/202212151651593805.pdf,2026-07-27 21:14:56
Finance Department,Provisional seniority list showing the position of officers in the cadre of Deputy Director of Finance and Accounts Service Maharashtra from 01.01.2002 to 01.01.2022,202212131754319305...,13-12-2022,4874,https://gr.maharashtra.gov.in/Site/Upload/Government%20Resolutions/English/202212131754319305....pdf,0,0,GR_DATASET\pdfs\Finance Department\202212131754319305....pdf,404 Client Error: Not Found for url: https://gr.maharashtra.gov.in/Site/Upload/Government%20Resolutions/English/202212131754319305....pdf,2026-07-27 21:14:56
Finance Department,List of Maharashtra State Government Sponsored Lottery schemes Period dt. 12/12/2022 to dt. 18/12/2022.,202212091509166805,09-12-2022,888,https://gr.maharashtra.gov.in/Site/Upload/Government%20Resolutions/English/202212091509166805.pdf,0,0,GR_DATASET\pdfs\Finance Department\202212091509166805.pdf,404 Client Error: Not Found for url: https://gr.maharashtra.gov.in/Site/Upload/Government%20Resolutions/English/202212091509166805.pdf,2026-07-27 21:14:57
Finance Department,"Giving government guarantee of Rs.12,000 crore to Mumbai Metropolitan Region Development Authority (MMRDA) for infrastructure development projects to avail loan from REC.",202212091551086505,09-12-2022,1340,https://gr.maharashtra.gov.in/Site/Upload/Government%20Resolutions/English/202212091551086505.pdf,2,1371885,GR_DATASET\pdfs\Finance Department\202212091551086505.pdf,Downloaded,2026-07-27 21:14:58
Finance Department,Maharashtra State Lottery Maharashtra Gajaraj Monthly Praise Structure and Procedure.,202212091601413305,09-12-2022,1609,https://gr.maharashtra.gov.in/Site/Upload/Government%20Resolutions/English/202212091601413305.pdf,6,1647662,GR_DATASET\pdfs\Finance Department\202212091601413305.pdf,Downloaded,2026-07-27 21:15:00
Finance Department,"Regarding the reassignment of transfer powers to State Tax Inspectors, Group-B (Non-Gazetted) in the Goods and Services Tax Office under the Finance Department.",202212081134098405,08-12-2022,269,https://gr.maharashtra.gov.in/Site/Upload/Government%20Resolutions/English/202212081134098405.pdf,2,275715,GR_DATASET\pdfs\Finance Department\202212081134098405.pdf,Downloaded,2026-07-27 21:15:01
Finance Department,Government Banking permission to Private Banks.,202212071256128905,07-12-2022,1316,https://gr.maharashtra.gov.in/Site/Upload/Government%20Resolutions/English/202212071256128905.pdf,3,1347670,GR_DATASET\pdfs\Finance Department\202212071256128905.pdf,Downloaded,2026-07-27 21:15:02
Finance Department,Comprehensive Policy for Recruitment of Officers in Maharashtra Finance and Accounts Service in various Departments of Govt.,202212021508363905,02-12-2022,1838,https://gr.maharashtra.gov.in/Site/Upload/Government%20Resolutions/English/202212021508363905.pdf,3,1882618,GR_DATASET\pdfs\Finance Department\202212021508363905.pdf,Downloaded,2026-07-27 21:15:03
Finance Department,List of Maharashtra State Government Sponsored Lottery schemes Period dt. 05/12/2022 to dt. 11/12/2022.,202212021542009505,02-12-2022,1013,https://gr.maharashtra.gov.in/Site/Upload/Government%20Resolutions/English/202212021542009505.pdf,4,1036836,GR_DATASET\pdfs\Finance Department\202212021542009505.pdf,Downloaded,2026-07-27 21:15:04
Finance Department,List of Maharashtra State Government Sponsored Lottery schemes Period dt. 28/11/2022. to dt. 04/12/2022.,202211251126191305,25-11-2022,970,https://gr.maharashtra.gov.in/Site/Upload/Government%20Resolutions/English/202211251126191305.pdf,4,992781,GR_DATASET\pdfs\Finance Department\202211251126191305.pdf,Downloaded,2026-07-27 21:15:05
Finance Department,Dearness Relief Increase for the pension / family pension being drawn in the pre-revised scale (Fifth Pay) for the period from 1st July 2018 to 1st January 2022.,202211231507256905,23-11-2022,262,https://gr.maharashtra.gov.in/Site/Upload/Government%20Resolutions/English/202211231507256905.pdf,5,268719,GR_DATASET\pdfs\Finance Department\202211231507256905.pdf,Downloaded,2026-07-27 21:15:06
Finance Department,Maharashtra State Lottery Maharashtra Ganeshlaxmi New Year Special Monthly Praise Structure and Procedure.,202211231535127705,23-11-2022,1417,https://gr.maharashtra.gov.in/Site/Upload/Government%20Resolutions/English/202211231535127705.pdf,2,1450754,GR_DATASET\pdfs\Finance Department\202211231535127705.pdf,Downloaded,2026-07-27 21:15:07
Finance Department,Notification for National Pension Endorsement.,202211211726484505,21-11-2022,398,https://gr.maharashtra.gov.in/Site/Upload/Government%20Resolutions/English/202211211726484505.pdf,4,407101,GR_DATASET\pdfs\Finance Department\202211211726484505.pdf,Downloaded,2026-07-27 21:15:08
Finance Department,List of Maharashtra State Government Sponsored Lottery schemes Period dt. 21/11/2022 to dt. 27/11/2022.,202211181115334405,18-11-2022,1118,https://gr.maharashtra.gov.in/Site/Upload/Government%20Resolutions/English/202211181115334405.pdf,4,1145063,GR_DATASET\pdfs\Finance Department\202211181115334405.pdf,Downloaded,2026-07-27 21:15:09
Finance Department,"Regarding approval of dearness allowance increase for the period from 1st July, 2018 to 1st January, 2022 to the State Government and other eligible employees drawing salary in the approved pay scale as per 5th Pay Commission.",202211181515131505,18-11-2022,151,https://gr.maharashtra.gov.in/Site/Upload/Government%20Resolutions/English/202211181515131505.pdf,4,155025,GR_DATASET\pdfs\Finance Department\202211181515131505.pdf,Downloaded,2026-07-27 21:15:10
Finance Department,Government Guarantee to MMRDA to avail loan of Rs.12000 crore from Rural Electrification Corporation Ltd. for implementation of Infrastructure Development Projects.,202211181558481505,18-11-2022,256,https://gr.maharashtra.gov.in/Site/Upload/Government%20Resolutions/English/202211181558481505.pdf,6,262602,GR_DATASET\pdfs\Finance Department\202211181558481505.pdf,Downloaded,2026-07-27 21:15:10
Finance Department,Regarding revision of selection list for promotion of officers in Maharashtra Finance and Accounts Service Deputy Director cadre from 2001-02 to 2015-16.,202211151729449305,15-11-2022,1666,https://gr.maharashtra.gov.in/Site/Upload/Government%20Resolutions/English/202211151729449305.pdf,0,0,GR_DATASET\pdfs\Finance Department\202211151729449305.pdf,404 Client Error: Not Found for url: https://gr.maharashtra.gov.in/Site/Upload/Government%20Resolutions/English/202211151729449305.pdf,2026-07-27 21:15:11
Finance Department,Extension to the 5th Bench of Maharashtra Sales Tax Tribunal in order to dispose of the admitted and awaited cases immediately.,202211141235456505,14-11-2022,1327,https://gr.maharashtra.gov.in/Site/Upload/Government%20Resolutions/English/202211141235456505.pdf,0,0,GR_DATASET\pdfs\Finance Department\202211141235456505.pdf,404 Client Error: Not Found for url: https://gr.maharashtra.gov.in/Site/Upload/Government%20Resolutions/English/202211141235456505.pdf,2026-07-27 21:15:11
Finance Department,"Maharashtra State Lottery - Maharshtra Nathal New Year Bumpur, Monthly Praise Structure and Procudure.",202211141600208105,14-11-2022,1794,https://gr.maharashtra.gov.in/Site/Upload/Government%20Resolutions/English/202211141600208105.pdf,6,1837191,GR_DATASET\pdfs\Finance Department\202211141600208105.pdf,Downloaded,2026-07-27 21:15:13
Finance Department,List of Maharashtra State Government Sponsored Lottery schemes Period dt. 14/11/2022. to dt. 20/11/2022.,202211111556030605,11-11-2022,883,https://gr.maharashtra.gov.in/Site/Upload/Government%20Resolutions/English/202211111556030605.pdf,4,904002,GR_DATASET\pdfs\Finance Department\202211111556030605.pdf,Downloaded,2026-07-27 21:15:15
Finance Department,"Maharashtra State Lottery - Prize Structure and Procedure of Maharashtra Ganeshlaxmi Bhagyashali, Maharashtra Ganeshlaxmi Shubh , Maharashtra Ganeshlaxmi Vijayee , Maharashtra Ganeshlaxmi Gaurav, Maharashtra Ganeshlaxmi Dhan, Maharashtra Ganeshlaxmi Samrudhi and Maharashtra Ganeshlaxmi Vaibhav.",202211101227244905,10-11-2022,1849,https://gr.maharashtra.gov.in/Site/Upload/Government%20Resolutions/English/202211101227244905.pdf,6,1893160,GR_DATASET\pdfs\Finance Department\202211101227244905.pdf,Downloaded,2026-07-27 21:15:17
Finance Department,Maharashtra State Lottery Maharashtra Ganeshlakshmi Natal Special Monthly Prize Structure and Procedure.,202211071241168305,07-11-2022,1698,https://gr.maharashtra.gov.in/Site/Upload/Government%20Resolutions/English/202211071241168305.pdf,6,1739191,GR_DATASET\pdfs\Finance Department\202211071241168305.pdf,Downloaded,2026-07-27 21:15:18
Finance Department,To extend the benefit of revised Commutation of pension as per Seventh Pay Commission to the pensioners who retired from service between. 01/01/2016 to 31/12/2018,202211071737029405,07-11-2022,1347,https://gr.maharashtra.gov.in/Site/Upload/Government%20Resolutions/English/202211071737029405.pdf,3,1379157,GR_DATASET\pdfs\Finance Department\202211071737029405.pdf,Downloaded,2026-07-27 21:15:19
Finance Department,To disburse Rs.200 cr. from contingency fund for additional share capital of MAHA ARC LIMITED.,202211041206467505,04-11-2022,1334,https://gr.maharashtra.gov.in/Site/Upload/Government%20Resolutions/English/202211041206467505.pdf,0,0,GR_DATASET\pdfs\Finance Department\202211041206467505.pdf,404 Client Error: Not Found for url: https://gr.maharashtra.gov.in/Site/Upload/Government%20Resolutions/English/202211041206467505.pdf,2026-07-27 21:15:20
Finance Department,List of Maharashtra State Government Sponsored Lottery schemes Period dt. 07/11/2022 to dt. 13/11/2022.,202211041236403605,04-11-2022,901,https://gr.maharashtra.gov.in/Site/Upload/Government%20Resolutions/English/202211041236403605.pdf,4,922380,GR_DATASET\pdfs\Finance Department\202211041236403605.pdf,Downloaded,2026-07-27 21:15:20
Finance Department,"Supplementary Demands 2022-23, December, 2022.",202211011634426705,01-11-2022,204,https://gr.maharashtra.gov.in/Site/Upload/Government%20Resolutions/English/202211011634426705.pdf,11,208707,GR_DATASET\pdfs\Finance Department\202211011634426705.pdf,Downloaded,2026-07-27 21:15:21
Finance Department,Regarding Relaxation of Restrictions on filling of vacant posts.,202210311539498505,31-10-2022,368,https://gr.maharashtra.gov.in/Site/Upload/Government%20Resolutions/English/202210311539498505.pdf,4,377241,GR_DATASET\pdfs\Finance Department\202210311539498505.pdf,Downloaded,2026-07-27 21:15:22
Finance Department,List of Maharashtra State Government Sponsored Lottery schemes Period dt. 31/10/2022 to dt. 06/11/2022.,202210311516263405,28-10-2022,912,https://gr.maharashtra.gov.in/Site/Upload/Government%20Resolutions/English/202210311516263405.pdf,4,934298,GR_DATASET\pdfs\Finance Department\202210311516263405.pdf,Downloaded,2026-07-27 21:15:23
Finance Department,List of Maharashtra State Government Sponsored Lottery schemes Period dt. 24/10/2022. to dt. 30/10/2022.,202210201609498505,21-10-2022,894,https://gr.maharashtra.gov.in/Site/Upload/Government%20Resolutions/English/202210201609498505.pdf,4,915300,GR_DATASET\pdfs\Finance Department\202210201609498505.pdf,Downloaded,2026-07-27 21:15:24
Finance Department,"Revised Administrative approval for Replacement and Installation of Lift No.10,11,12,13,14,15,16, and 17 at GST, Mazgaon.",202210191620318805,19-10-2022,1525,https://gr.maharashtra.gov.in/Site/Upload/Government%20Resolutions/English/202210191620318805.pdf,3,1561391,GR_DATASET\pdfs\Finance Department\202210191620318805.pdf,Downloaded,2026-07-27 21:15:25
Finance Department,Expenditure Priorities Committee- Proposals requiring the approval of.,202210191722144205,19-10-2022,138,https://gr.maharashtra.gov.in/Site/Upload/Government%20Resolutions/English/202210191722144205.pdf,0,0,GR_DATASET\pdfs\Finance Department\202210191722144205.pdf,404 Client Error: Not Found for url: https://gr.maharashtra.gov.in/Site/Upload/Government%20Resolutions/English/202210191722144205.pdf,2026-07-27 21:15:25
Finance Department,Salary/Pension Payment of October 2022.,202210181359284005,18-10-2022,1355,https://gr.maharashtra.gov.in/Site/Upload/Government%20Resolutions/English/202210181359284005.pdf,3,1387614,GR_DATASET\pdfs\Finance Department\202210181359284005.pdf,Downloaded,2026-07-27 21:15:26
Finance Department,Order regarding appointment of Member (Technical) of Maharashtra Sales Tax Tribunal.,202210181801365305,18-10-2022,142,https://gr.maharashtra.gov.in/Site/Upload/Government%20Resolutions/English/202210181801365305.pdf,0,0,GR_DATASET\pdfs\Finance Department\202210181801365305.pdf,404 Client Error: Not Found for url: https://gr.maharashtra.gov.in/Site/Upload/Government%20Resolutions/English/202210181801365305.pdf,2026-07-27 21:15:27
Finance Department,Final seniority list showing status of Maharashtra Finance and Accounts Service Group-B (Gazetted) Accounts Officer Cadre as on 1.1.2022.,202210171747296405...,17-10-2022,2672,https://gr.maharashtra.gov.in/Site/Upload/Government%20Resolutions/English/202210171747296405....pdf,0,0,GR_DATASET\pdfs\Finance Department\202210171747296405....pdf,404 Client Error: Not Found for url: https://gr.maharashtra.gov.in/Site/Upload/Government%20Resolutions/English/202210171747296405....pdf,2026-07-27 21:15:27
Finance Department,List of Maharashtra State Government Sponsored Lottery schemes Period dt. 17/10/2022 to dt. 23/10/2022.,202210141133171905,14-10-2022,756,https://gr.maharashtra.gov.in/Site/Upload/Government%20Resolutions/English/202210141133171905.pdf,4,774087,GR_DATASET\pdfs\Finance Department\202210141133171905.pdf,Downloaded,2026-07-27 21:15:28
Finance Department,Maharashtra State Lottery (Maharashtra Tejasvini) Monthly Price Structure and Procedure.,202210121732199405....,12-10-2022,1969,https://gr.maharashtra.gov.in/Site/Upload/Government%20Resolutions/English/202210121732199405.....pdf,0,0,GR_DATASET\pdfs\Finance Department\202210121732199405.....pdf,404 Client Error: Not Found for url: https://gr.maharashtra.gov.in/Site/Upload/Government%20Resolutions/English/202210121732199405.....pdf,2026-07-27 21:15:29
Finance Department,Maharashtra State Lottery (Maharashtra Sahyadri) Monthly Price Structure and Procedure.,202210121740484905,12-10-2022,1399,https://gr.maharashtra.gov.in/Site/Upload/Government%20Resolutions/English/202210121740484905.pdf,7,1432524,GR_DATASET\pdfs\Finance Department\202210121740484905.pdf,Downloaded,2026-07-27 21:15:30
Finance Department,Grant disbursement for Furniture Pune GST.,202210101714551305,10-10-2022,1347,https://gr.maharashtra.gov.in/Site/Upload/Government%20Resolutions/English/202210101714551305.pdf,1,1379684,GR_DATASET\pdfs\Finance Department\202210101714551305.pdf,Downloaded,2026-07-27 21:15:31
Finance Department,Grant disbursement for extension of Pune GST Building.,202210101731415005,10-10-2022,1347,https://gr.maharashtra.gov.in/Site/Upload/Government%20Resolutions/English/202210101731415005.pdf,1,1379519,GR_DATASET\pdfs\Finance Department\202210101731415005.pdf,Downloaded,2026-07-27 21:15:32
Finance Department,Regarding revision of rates of daily allowance payable to State Government Officers/Employees for hotel accommodation on Official Tour.,202210071153156605,07-10-2022,1380,https://gr.maharashtra.gov.in/Site/Upload/Government%20Resolutions/English/202210071153156605.pdf,4,1413385,GR_DATASET\pdfs\Finance Department\202210071153156605.pdf,Downloaded,2026-07-27 21:15:33
Finance Department,Maharashtra State Lottery Maharashtra Ganeshlakshmi Diwali Special Monthly price Structure and Procedure.,202210071206246305,07-10-2022,1480,https://gr.maharashtra.gov.in/Site/Upload/Government%20Resolutions/English/202210071206246305.pdf,2,1515817,GR_DATASET\pdfs\Finance Department\202210071206246305.pdf,Downloaded,2026-07-27 21:15:34
Finance Department,"Admissibility of Three Benefit Modified Assured Career Progression Scheme, during the period of 7th Pay Commission.",202210071309459205,07-10-2022,1375,https://gr.maharashtra.gov.in/Site/Upload/Government%20Resolutions/English/202210071309459205.pdf,4,1407832,GR_DATASET\pdfs\Finance Department\202210071309459205.pdf,Downloaded,2026-07-27 21:15:35
Finance Department,Regarding recovery of excess payment to a government employee,202210071318492505,07-10-2022,1395,https://gr.maharashtra.gov.in/Site/Upload/Government%20Resolutions/English/202210071318492505.pdf,4,1428308,GR_DATASET\pdfs\Finance Department\202210071318492505.pdf,Downloaded,2026-07-27 21:15:36
Finance Department,List of Maharashtra State Government Sponsored Lottery schemes Period dt. 10/10/2022. to dt. 16/10/2022.,202210071525130205,07-10-2022,743,https://gr.maharashtra.gov.in/Site/Upload/Government%20Resolutions/English/202210071525130205.pdf,4,761195,GR_DATASET\pdfs\Finance Department\202210071525130205.pdf,Downloaded,2026-07-27 21:15:37
Finance Department,List of Maharashtra State Government Sponsored Lottery schemes Period dt. 03/10/2022. to dt. 09/10/2022.,202210071507298405,06-10-2022,932,https://gr.maharashtra.gov.in/Site/Upload/Government%20Resolutions/English/202210071507298405.pdf,2,954284,GR_DATASET\pdfs\Finance Department\202210071507298405.pdf,Downloaded,2026-07-27 21:15:38
Finance Department,Maharashtra Zilla Parishad Finance and Accounts Service Class-3 employees for promotion to the post of Accounts Officer Group-B to take the Maharashtra Finance and Accounts Service Examination through the Finance Department.,202210061807116605,06-10-2022,1772,https://gr.maharashtra.gov.in/Site/Upload/Government%20Resolutions/English/202210061807116605.pdf,2,1814987,GR_DATASET\pdfs\Finance Department\202210061807116605.pdf,Downloaded,2026-07-27 21:15:39
Finance Department,Extension for 13 temporary posts of Maharashtra Sales Tax Tribunal Mumbai.,202210031613465005,03-10-2022,1365,https://gr.maharashtra.gov.in/Site/Upload/Government%20Resolutions/English/202210031613465005.pdf,3,1397865,GR_DATASET\pdfs\Finance Department\202210031613465005.pdf,Downloaded,2026-07-27 21:15:41
Finance Department,Not to mention audit para in the demand notices issued by the officer under the administrative control of the Departments /State Public sector Undertakings / Autonomous Bodies.,202210031701283505,03-10-2022,1368,https://gr.maharashtra.gov.in/Site/Upload/Government%20Resolutions/English/202210031701283505.pdf,3,1400909,GR_DATASET\pdfs\Finance Department\202210031701283505.pdf,Downloaded,2026-07-27 21:15:41
Finance Department,Choice of Pension funds and Investment pattern in Tier I of NPS for Government Subscribers employed with State Government,202210031842449205.....,30-09-2022,1492,https://gr.maharashtra.gov.in/Site/Upload/Government%20Resolutions/English/202210031842449205......pdf,0,0,GR_DATASET\pdfs\Finance Department\202210031842449205......pdf,404 Client Error: Not Found for url: https://gr.maharashtra.gov.in/Site/Upload/Government%20Resolutions/English/202210031842449205......pdf,2026-07-27 21:15:42
Finance Department,List of Maharashtra State Government Sponsored Lottery schemes Period dt. 03/10/2022 to dt. 09/10/2022.,202209291605339705,30-09-2022,762,https://gr.maharashtra.gov.in/Site/Upload/Government%20Resolutions/English/202209291605339705.pdf,4,780468,GR_DATASET\pdfs\Finance Department\202209291605339705.pdf,Downloaded,2026-07-27 21:15:43
Finance Department,Budget Estimates 2023-24 and Revised Estimates 2022-23.,202209301445033205,30-09-2022,145,https://gr.maharashtra.gov.in/Site/Upload/Government%20Resolutions/English/202209301445033205.pdf,2,148960,GR_DATASET\pdfs\Finance Department\202209301445033205.pdf,Downloaded,2026-07-27 21:15:43
Finance Department,To prepare and print Performance Budget 2023-24.,202209301447524705,30-09-2022,177,https://gr.maharashtra.gov.in/Site/Upload/Government%20Resolutions/English/202209301447524705.pdf,5,181625,GR_DATASET\pdfs\Finance Department\202209301447524705.pdf,Downloaded,2026-07-27 21:15:44
Finance Department,Instructions regarding feeling of vacant posts.,202210031103191705,30-09-2022,1372,https://gr.maharashtra.gov.in/Site/Upload/Government%20Resolutions/English/202210031103191705.pdf,0,0,GR_DATASET\pdfs\Finance Department\202210031103191705.pdf,404 Client Error: Not Found for url: https://gr.maharashtra.gov.in/Site/Upload/Government%20Resolutions/English/202210031103191705.pdf,2026-07-27 21:15:45
Finance Department,Maharashtra State Lottery Prize Structure and procedure for Maharashtra Gajraj laxmi Pujan Vishesh monthly draw,202209291205500405,29-09-2022,1667,https://gr.maharashtra.gov.in/Site/Upload/Government%20Resolutions/English/202209291205500405.pdf,6,1706561,GR_DATASET\pdfs\Finance Department\202209291205500405.pdf,Downloaded,2026-07-27 21:15:46
Finance Department,About to establish MAHA ARC LIMITED.,202209271154585305,27-09-2022,142,https://gr.maharashtra.gov.in/Site/Upload/Government%20Resolutions/English/202209271154585305.pdf,3,145172,GR_DATASET\pdfs\Finance Department\202209271154585305.pdf,Downloaded,2026-07-27 21:15:47
Finance Department,Regarding the change in the term of authorization of grant in CMP (Cash Management Project) system.....,202209271542367905,27-09-2022,814,https://gr.maharashtra.gov.in/Site/Upload/Government%20Resolutions/English/202209271542367905.pdf,4,833680,GR_DATASET\pdfs\Finance Department\202209271542367905.pdf,Downloaded,2026-07-27 21:15:47
Finance Department,Sanctioning Major Head for MAHA ARC LIMITED.,202209271656201605,27-09-2022,139,https://gr.maharashtra.gov.in/Site/Upload/Government%20Resolutions/English/202209271656201605.pdf,2,142747,GR_DATASET\pdfs\Finance Department\202209271656201605.pdf,Downloaded,2026-07-27 21:15:48
Finance Department,Contingency fund for MAHA ARC LIMITED.,202209271824092705,27-09-2022,137,https://gr.maharashtra.gov.in/Site/Upload/Government%20Resolutions/English/202209271824092705.pdf,2,140672,GR_DATASET\pdfs\Finance Department\202209271824092705.pdf,Downloaded,2026-07-27 21:15:49
Finance Department,List of Maharashtra State Government Sponsored Lottery schemes Period dt. 26/09/2022. to dt. 01/10/2022.,202209231039320805,23-09-2022,632,https://gr.maharashtra.gov.in/Site/Upload/Government%20Resolutions/English/202209231039320805.pdf,4,647016,GR_DATASET\pdfs\Finance Department\202209231039320805.pdf,Downloaded,2026-07-27 21:15:50
Finance Department,"Continuation to Mumbai, Pune and Nagpur benches of Maharashtra Sales Tax Tribunal",202209231706321505,23-09-2022,1369,https://gr.maharashtra.gov.in/Site/Upload/Government%20Resolutions/English/202209231706321505.pdf,0,0,GR_DATASET\pdfs\Finance Department\202209231706321505.pdf,404 Client Error: Not Found for url: https://gr.maharashtra.gov.in/Site/Upload/Government%20Resolutions/English/202209231706321505.pdf,2026-07-27 21:15:50
Finance Department,Regarding the payment of arrears with interest of Tier II of the sixth pay commission to the employees of DCPS/NPS who are on deputation.,202209221153112105,22-09-2022,1565,https://gr.maharashtra.gov.in/Site/Upload/Government%20Resolutions/English/202209221153112105.pdf,17,1602278,GR_DATASET\pdfs\Finance Department\202209221153112105.pdf,Downloaded,2026-07-27 21:15:52
Finance Department,"Notification regarding Maharashtra Civil Services (Revised Pay) (Twenty-first Amendment) Rules, 2022",202209221727344105..,22-09-2022,134,https://gr.maharashtra.gov.in/Site/Upload/Government%20Resolutions/English/202209221727344105...pdf,0,0,GR_DATASET\pdfs\Finance Department\202209221727344105...pdf,404 Client Error: Not Found for url: https://gr.maharashtra.gov.in/Site/Upload/Government%20Resolutions/English/202209221727344105...pdf,2026-07-27 21:15:52
Finance Department,Regarding consideration of uninterrupted service for sanction of non-functional pay scale to be granted after four years of regular service to Section Officer cadre.,202209221727214505,22-09-2022,1969,https://gr.maharashtra.gov.in/Site/Upload/Government%20Resolutions/English/202209221727214505.pdf,5,2015985,GR_DATASET\pdfs\Finance Department\202209221727214505.pdf,Downloaded,2026-07-27 21:15:53
Finance Department,"Maharashtra Finance and Accounts Service, regarding temporary promotion and posting of officers in the cadre of Joint Director, Maharashtra Finance and Accounts Service to the post of Director.",202209221610260405,22-09-2022,146,https://gr.maharashtra.gov.in/Site/Upload/Government%20Resolutions/English/202209221610260405.pdf,3,149478,GR_DATASET\pdfs\Finance Department\202209221610260405.pdf,Downloaded,2026-07-27 21:15:54
Finance Department,Budget Estimates 2023-24 and Revised Estimates 2022-23.,202209201119052805,20-09-2022,346,https://gr.maharashtra.gov.in/Site/Upload/Government%20Resolutions/English/202209201119052805.pdf,15,353968,GR_DATASET\pdfs\Finance Department\202209201119052805.pdf,Downloaded,2026-07-27 21:15:55
Finance Department,Maharashtra State Lottery Maharashtra Diwali Bumper draw 2022 Prize Structure and Procedure.,202209201605562205...,20-09-2022,402,https://gr.maharashtra.gov.in/Site/Upload/Government%20Resolutions/English/202209201605562205....pdf,0,0,GR_DATASET\pdfs\Finance Department\202209201605562205....pdf,404 Client Error: Not Found for url: https://gr.maharashtra.gov.in/Site/Upload/Government%20Resolutions/English/202209201605562205....pdf,2026-07-27 21:15:55
Finance Department,List of Maharashtra State Government Sponsored Lottery schemes Period dt. 19/09/2022. to dt. 25/09/2022.,202209161143143005,16-09-2022,702,https://gr.maharashtra.gov.in/Site/Upload/Government%20Resolutions/English/202209161143143005.pdf,0,0,GR_DATASET\pdfs\Finance Department\202209161143143005.pdf,404 Client Error: Not Found for url: https://gr.maharashtra.gov.in/Site/Upload/Government%20Resolutions/English/202209161143143005.pdf,2026-07-27 21:15:56
Finance Department,Extension for 264 posts created under restructuring of Sales Tax Department for Mumbai Sales Tax Act.,202209131548288305,13-09-2022,216,https://gr.maharashtra.gov.in/Site/Upload/Government%20Resolutions/English/202209131548288305.pdf,2,220816,GR_DATASET\pdfs\Finance Department\202209131548288305.pdf,Downloaded,2026-07-27 21:15:56
Finance Department,Extension for 1704 posts and other cadre for 585 temporary posts of Goods and Services Tax (previous Sales Tax Department) Department.,202209131554115805,13-09-2022,217,https://gr.maharashtra.gov.in/Site/Upload/Government%20Resolutions/English/202209131554115805.pdf,3,222705,GR_DATASET\pdfs\Finance Department\202209131554115805.pdf,Downloaded,2026-07-27 21:15:57
Finance Department,List of Maharashtra State Government Sponsored Lottery schemes Period dt. 12/09/2022. to dt. 18/09/2022.,202209121650252805,08-09-2022,711,https://gr.maharashtra.gov.in/Site/Upload/Government%20Resolutions/English/202209121650252805.pdf,4,727847,GR_DATASET\pdfs\Finance Department\202209121650252805.pdf,Downloaded,2026-07-27 21:15:58
Finance Department,List of Maharashtra State Government Sponsored Lottery schemes Period dt. 05/09/2022. to dt. 11/09/2022.,202209021308599805,02-09-2022,603,https://gr.maharashtra.gov.in/Site/Upload/Government%20Resolutions/English/202209021308599805.pdf,4,617209,GR_DATASET\pdfs\Finance Department\202209021308599805.pdf,Downloaded,2026-07-27 21:15:59
Finance Department,Maharashtra State Lottery- Prize Structure and procedure of Maharashtra Dasara Bumper Draw.,202209021530298905,02-09-2022,531,https://gr.maharashtra.gov.in/Site/Upload/Government%20Resolutions/English/202209021530298905.pdf,7,543502,GR_DATASET\pdfs\Finance Department\202209021530298905.pdf,Downloaded,2026-07-27 21:16:00
Finance Department,Maharashtra State Lottery - Price Structure and procedure of Maharashtra Ganeshlaxmi Dasara Special Monthly Draw.,202209021535592105,02-09-2022,299,https://gr.maharashtra.gov.in/Site/Upload/Government%20Resolutions/English/202209021535592105.pdf,2,305801,GR_DATASET\pdfs\Finance Department\202209021535592105.pdf,Downloaded,2026-07-27 21:16:01
Finance Department,Regarding extension of temporary posts in the Finance Department. In the period 01 September 2022 to 28 February 2023,202208301247099205,30-08-2022,1410,https://gr.maharashtra.gov.in/Site/Upload/Government%20Resolutions/English/202208301247099205.pdf,0,0,GR_DATASET\pdfs\Finance Department\202208301247099205.pdf,404 Client Error: Not Found for url: https://gr.maharashtra.gov.in/Site/Upload/Government%20Resolutions/English/202208301247099205.pdf,2026-07-27 21:16:01
Finance Department,Year 2022-23 Supplementary Demand Release.,202208291719118505,29-08-2022,500,https://gr.maharashtra.gov.in/Site/Upload/Government%20Resolutions/English/202208291719118505.pdf,1,511747,GR_DATASET\pdfs\Finance Department\202208291719118505.pdf,Downloaded,2026-07-27 21:16:02
Finance Department,List of Maharashtra State Government Sponsored Lottery schemes Period dt. 29/08/2022 to dt. 04/09/2022.,202208251640113505,26-08-2022,382,https://gr.maharashtra.gov.in/Site/Upload/Government%20Resolutions/English/202208251640113505.pdf,4,391333,GR_DATASET\pdfs\Finance Department\202208251640113505.pdf,Downloaded,2026-07-27 21:16:03
Finance Department,"Disbursement of Salary/ Pension for the month of August, 2022 before Ganpati Festival.",202208241232320305....,24-08-2022,141,https://gr.maharashtra.gov.in/Site/Upload/Government%20Resolutions/English/202208241232320305.....pdf,0,0,GR_DATASET\pdfs\Finance Department\202208241232320305.....pdf,404 Client Error: Not Found for url: https://gr.maharashtra.gov.in/Site/Upload/Government%20Resolutions/English/202208241232320305.....pdf,2026-07-27 21:16:03
Finance Department,List of Maharashtra State Government Sponsored Lottery schemes Period dt. 22/08/2022. to dt. 28/08/2022.,202208181612141405,18-08-2022,362,https://gr.maharashtra.gov.in/Site/Upload/Government%20Resolutions/English/202208181612141405.pdf,4,370821,GR_DATASET\pdfs\Finance Department\202208181612141405.pdf,Downloaded,2026-07-27 21:16:04
Finance Department,Delegation of powers to the administrative departments for extending continuation to the temporary posts,202208181047471605,18-08-2022,143,https://gr.maharashtra.gov.in/Site/Upload/Government%20Resolutions/English/202208181047471605.pdf,3,146149,GR_DATASET\pdfs\Finance Department\202208181047471605.pdf,Downloaded,2026-07-27 21:16:05
Finance Department,Maharashtra State Lottery Maharashtra Ganeshlaxmi Ganpati Special monthly prize structure and procedure.,202208181245140405,18-08-2022,256,https://gr.maharashtra.gov.in/Site/Upload/Government%20Resolutions/English/202208181245140405.pdf,2,261967,GR_DATASET\pdfs\Finance Department\202208181245140405.pdf,Downloaded,2026-07-27 21:16:06
Finance Department,"Revision in the rate of Dearness Allowance admissible to State Government and other eligible employees with effect from 1st January, 2022.",202208171444300405,17-08-2022,565,https://gr.maharashtra.gov.in/Site/Upload/Government%20Resolutions/English/202208171444300405.pdf,3,578694,GR_DATASET\pdfs\Finance Department\202208171444300405.pdf,Downloaded,2026-07-27 21:16:06
Finance Department,"Revision in the rate of Dearness Allowance admissible to State Government and other eligible employees drawing wages in unrevised pay structure (as per 6th Pay Commission) w.e.f. 1st January, 2022.",202208171453304905,17-08-2022,565,https://gr.maharashtra.gov.in/Site/Upload/Government%20Resolutions/English/202208171453304905.pdf,3,579015,GR_DATASET\pdfs\Finance Department\202208171453304905.pdf,Downloaded,2026-07-27 21:16:07
Finance Department,"Dearness Relief Increase to 34 percent on Pension/Family Pension w.e.f. 1st January, 2022.",202208171612481205,17-08-2022,249,https://gr.maharashtra.gov.in/Site/Upload/Government%20Resolutions/English/202208171612481205.pdf,4,255123,GR_DATASET\pdfs\Finance Department\202208171612481205.pdf,Downloaded,2026-07-27 21:16:08
Finance Department,Dearness Relief Increase to 203 percent for the pension / family pension being drawn in the pre-revised scale (sixth pay) w.e.f. 1st January 2022.,202208171627547705,17-08-2022,248,https://gr.maharashtra.gov.in/Site/Upload/Government%20Resolutions/English/202208171627547705.pdf,5,254301,GR_DATASET\pdfs\Finance Department\202208171627547705.pdf,Downloaded,2026-07-27 21:16:09
Finance Department,List of Maharashtra State Government Sponsored Lottery schemes Period dt. 16/08/2022. to dt. 21/08/2022.,202208111528201405,12-08-2022,358,https://gr.maharashtra.gov.in/Site/Upload/Government%20Resolutions/English/202208111528201405.pdf,4,366621,GR_DATASET\pdfs\Finance Department\202208111528201405.pdf,Downloaded,2026-07-27 21:16:10
Finance Department,"Maharashtra State Lottery- To change in price structure and procedure of Maharashtra Gajlaxmi Som, Maharashtra Gajlaxmi Mangal, Maharashtra Gajlaxmi Budh, Maharashtra Gajlaxmi Guru, Maharashtra Gajlaxmi Shukra, Maharashtra Gajlaxmi Shani and Maharashtra Gajlaxmi Ravi.",202208081353520705,08-08-2022,745,https://gr.maharashtra.gov.in/Site/Upload/Government%20Resolutions/English/202208081353520705.pdf,6,762805,GR_DATASET\pdfs\Finance Department\202208081353520705.pdf,Downloaded,2026-07-27 21:16:11
Finance Department,List of Maharashtra State Government Sponsored Lottery schemes Period dt. 08/08/2022. to dt. 14/08/2022.,202208051436201105,05-08-2022,253,https://gr.maharashtra.gov.in/Site/Upload/Government%20Resolutions/English/202208051436201105.pdf,4,258631,GR_DATASET\pdfs\Finance Department\202208051436201105.pdf,Downloaded,2026-07-27 21:16:12
Finance Department,List of Maharashtra State Government Sponsored Lottery schemes Period dt. 01/08/2022. to dt. 07/08/2022.,202207291104327405,29-07-2022,252,https://gr.maharashtra.gov.in/Site/Upload/Government%20Resolutions/English/202207291104327405.pdf,4,257675,GR_DATASET\pdfs\Finance Department\202207291104327405.pdf,Downloaded,2026-07-27 21:16:13
Finance Department,List of Maharashtra State Government Sponsored Lottery schemes Period dt. 25/07/2022. to dt. 31/07/2022.,202207221117354605,22-07-2022,255,https://gr.maharashtra.gov.in/Site/Upload/Government%20Resolutions/English/202207221117354605.pdf,4,261244,GR_DATASET\pdfs\Finance Department\202207221117354605.pdf,Downloaded,2026-07-27 21:16:14
Finance Department,Renewal of Medical Reimbursement of Group Insurance Scheme for State Working/ Retired Employees and All India Services Officers.,202207211331045605,21-07-2022,809,https://gr.maharashtra.gov.in/Site/Upload/Government%20Resolutions/English/202207211331045605.pdf,9,828201,GR_DATASET\pdfs\Finance Department\202207211331045605.pdf,Downloaded,2026-07-27 21:16:16
Finance Department,Maharashtra State Lottery - Maharashtra Ganeshlaxmi Raksha Bandhan Special monthly draw prize structure and procedure.,202207211516424505,21-07-2022,686,https://gr.maharashtra.gov.in/Site/Upload/Government%20Resolutions/English/202207211516424505.pdf,6,702077,GR_DATASET\pdfs\Finance Department\202207211516424505.pdf,Downloaded,2026-07-27 21:16:18
Finance Department,All India Service Pensioner in State cadre receiving Pension in Joint Account- To Family Pensioner on death a Pensioner regarding exemption from identity check.,202207191928369205...,19-07-2022,1040,https://gr.maharashtra.gov.in/Site/Upload/Government%20Resolutions/English/202207191928369205....pdf,0,0,GR_DATASET\pdfs\Finance Department\202207191928369205....pdf,404 Client Error: Not Found for url: https://gr.maharashtra.gov.in/Site/Upload/Government%20Resolutions/English/202207191928369205....pdf,2026-07-27 21:16:18
Finance Department,Corrigendum in the GR dated 11.02.2013.,202207181521010205,18-07-2022,337,https://gr.maharashtra.gov.in/Site/Upload/Government%20Resolutions/English/202207181521010205.pdf,2,345445,GR_DATASET\pdfs\Finance Department\202207181521010205.pdf,Downloaded,2026-07-27 21:16:19
Finance Department,Maharashtra State Lottery - Prize Structure and Procedure of Maharashtra Ganpati Bumper Draw.,202207191159387205,18-07-2022,661,https://gr.maharashtra.gov.in/Site/Upload/Government%20Resolutions/English/202207191159387205.pdf,0,0,GR_DATASET\pdfs\Finance Department\202207191159387205.pdf,404 Client Error: Not Found for url: https://gr.maharashtra.gov.in/Site/Upload/Government%20Resolutions/English/202207191159387205.pdf,2026-07-27 21:16:19
Finance Department,List of Maharashtra State Government Sponsored Lottery schemes Period dt. 18/07/2022. to dt. 24/07/2022.,202207151452438105,15-07-2022,255,https://gr.maharashtra.gov.in/Site/Upload/Government%20Resolutions/English/202207151452438105.pdf,4,261397,GR_DATASET\pdfs\Finance Department\202207151452438105.pdf,Downloaded,2026-07-27 21:16:20
Finance Department,"Procedure of insurance for contract works given by Government/semi-Government departments , Boards , Public undertakings/Units , Local Bodies and insurance for workmen appointed for that work.",202207131543231505,13-07-2022,182,https://gr.maharashtra.gov.in/Site/Upload/Government%20Resolutions/English/202207131543231505.pdf,8,185865,GR_DATASET\pdfs\Finance Department\202207131543231505.pdf,Downloaded,2026-07-27 21:16:21
Finance Department,List of Maharashtra State Government Sponsored Lottery schemes Period dt. 11/07/2022. to dt. 17/07/2022.,202207111037000605,08-07-2022,250,https://gr.maharashtra.gov.in/Site/Upload/Government%20Resolutions/English/202207111037000605.pdf,0,0,GR_DATASET\pdfs\Finance Department\202207111037000605.pdf,404 Client Error: Not Found for url: https://gr.maharashtra.gov.in/Site/Upload/Government%20Resolutions/English/202207111037000605.pdf,2026-07-27 21:16:22
Finance Department,List of Maharashtra State Government Sponsored Lottery schemes Period dt. 04/07/2022. to dt. 10/07/2022.,202207011057511105,30-06-2022,452,https://gr.maharashtra.gov.in/Site/Upload/Government%20Resolutions/English/202207011057511105.pdf,4,462376,GR_DATASET\pdfs\Finance Department\202207011057511105.pdf,Downloaded,2026-07-27 21:16:22
Finance Department,List of Maharashtra State Government Sponsored Lottery schemes Period dt. 27/06/2022 to dt. 03/07/2022.,202206241138355905,24-06-2022,427,https://gr.maharashtra.gov.in/Site/Upload/Government%20Resolutions/English/202206241138355905.pdf,0,0,GR_DATASET\pdfs\Finance Department\202206241138355905.pdf,404 Client Error: Not Found for url: https://gr.maharashtra.gov.in/Site/Upload/Government%20Resolutions/English/202206241138355905.pdf,2026-07-27 21:16:23
Finance Department,Regarding increase in honorarium of Maharashtra State Lottery.,202206201747537405,20-06-2022,312,https://gr.maharashtra.gov.in/Site/Upload/Government%20Resolutions/English/202206201747537405.pdf,2,319760,GR_DATASET\pdfs\Finance Department\202206201747537405.pdf,Downloaded,2026-07-27 21:16:24
Finance Department,List of Maharashtra State Government Sponsored Lottery schemes Period dt. 20/06/2022 to dt. 26/06/2022.,202206161616478005,17-06-2022,431,https://gr.maharashtra.gov.in/Site/Upload/Government%20Resolutions/English/202206161616478005.pdf,4,441684,GR_DATASET\pdfs\Finance Department\202206161616478005.pdf,Downloaded,2026-07-27 21:16:24
Finance Department,List of Maharashtra State Government Sponsored Lottery schemes Period dt. 13/06/2022 to dt. 19/06/2022.,202206101155021105,10-06-2022,426,https://gr.maharashtra.gov.in/Site/Upload/Government%20Resolutions/English/202206101155021105.pdf,4,436504,GR_DATASET\pdfs\Finance Department\202206101155021105.pdf,Downloaded,2026-07-27 21:16:26
Finance Department,Measures to be taken to reach out to eligible beneficiaries for personal benefit schemes.,202206081538326405,08-06-2022,276,https://gr.maharashtra.gov.in/Site/Upload/Government%20Resolutions/English/202206081538326405.pdf,5,282930,GR_DATASET\pdfs\Finance Department\202206081538326405.pdf,Downloaded,2026-07-27 21:16:26
Finance Department,Maharashtra State Lottery- Maharashtra Ganeshlaxmi Ashadhi Special monthly price structure and procedure.,202206101320212205,06-06-2022,639,https://gr.maharashtra.gov.in/Site/Upload/Government%20Resolutions/English/202206101320212205.pdf,6,654111,GR_DATASET\pdfs\Finance Department\202206101320212205.pdf,Downloaded,2026-07-27 21:16:27
Finance Department,Delegation of Financial Powers to Officers in Directorate of Insurance..... Manual of Financial Powers 1978 Part 2,202206031233578405,03-06-2022,153,https://gr.maharashtra.gov.in/Site/Upload/Government%20Resolutions/English/202206031233578405.pdf,3,156196,GR_DATASET\pdfs\Finance Department\202206031233578405.pdf,Downloaded,2026-07-27 21:16:28
Finance Department,List of Maharashtra State Government Sponsored Lottery schemes Period dt. 06/06/2022. to dt. 12/06/2022.,202206021457463105,03-06-2022,406,https://gr.maharashtra.gov.in/Site/Upload/Government%20Resolutions/English/202206021457463105.pdf,4,416033,GR_DATASET\pdfs\Finance Department\202206021457463105.pdf,Downloaded,2026-07-27 21:16:29
Finance Department,Regarding compliance of prescribed rules / regulations by State Public Enterprises / Corporations.,202206011612524605,01-06-2022,143,https://gr.maharashtra.gov.in/Site/Upload/Government%20Resolutions/English/202206011612524605.pdf,3,146845,GR_DATASET\pdfs\Finance Department\202206011612524605.pdf,Downloaded,2026-07-27 21:16:29
Finance Department,"Year 2022-23 Supplementary Demands July, 2022.",202205301509175105,30-05-2022,202,https://gr.maharashtra.gov.in/Site/Upload/Government%20Resolutions/English/202205301509175105.pdf,11,206909,GR_DATASET\pdfs\Finance Department\202205301509175105.pdf,Downloaded,2026-07-27 21:16:30
Finance Department,List of Maharashtra State Government Sponsored Lottery schemes Period dt. 30/05/2022 to dt. 05/06/2022.,202205271440534705,27-05-2022,427,https://gr.maharashtra.gov.in/Site/Upload/Government%20Resolutions/English/202205271440534705.pdf,4,436877,GR_DATASET\pdfs\Finance Department\202205271440534705.pdf,Downloaded,2026-07-27 21:16:31
Finance Department,"Approval to disburse grant for construction of New GST Bhavan, Wadala.",202205261448055405,26-05-2022,134,https://gr.maharashtra.gov.in/Site/Upload/Government%20Resolutions/English/202205261448055405.pdf,2,137453,GR_DATASET\pdfs\Finance Department\202205261448055405.pdf,Downloaded,2026-07-27 21:16:32
Finance Department,List of Maharashtra State Government Sponsored Lottery schemes Period dt. 23/05/2022. to dt. 29/05/2022.,202205191527447505,20-05-2022,357,https://gr.maharashtra.gov.in/Site/Upload/Government%20Resolutions/English/202205191527447505.pdf,4,366053,GR_DATASET\pdfs\Finance Department\202205191527447505.pdf,Downloaded,2026-07-27 21:16:33
Finance Department,Temporary promotions and postings in Maharashtra Finance and Accounting Services Group-B (RAP) Accounts Officer cadre.,202205181531263205,18-05-2022,317,https://gr.maharashtra.gov.in/Site/Upload/Government%20Resolutions/English/202205181531263205.pdf,22,324458,GR_DATASET\pdfs\Finance Department\202205181531263205.pdf,Downloaded,2026-07-27 21:16:33
Finance Department,List of Maharashtra State Government Sponsored Lottery schemes Period dt. 16/05/2022. to dt. 22/05/2022.,202205191537313605,13-05-2022,358,https://gr.maharashtra.gov.in/Site/Upload/Government%20Resolutions/English/202205191537313605.pdf,4,366242,GR_DATASET\pdfs\Finance Department\202205191537313605.pdf,Downloaded,2026-07-27 21:16:35
Finance Department,"Withdrawal of resignation of State Government Employees appointed after 01 November, 2005.",202205091452196905,09-05-2022,160,https://gr.maharashtra.gov.in/Site/Upload/Government%20Resolutions/English/202205091452196905.pdf,4,163941,GR_DATASET\pdfs\Finance Department\202205091452196905.pdf,Downloaded,2026-07-27 21:16:35
Finance Department,Payment of 3rd Installment arrears of 7th Pay Commission.,202205091501017605,09-05-2022,157,https://gr.maharashtra.gov.in/Site/Upload/Government%20Resolutions/English/202205091501017605.pdf,5,160981,GR_DATASET\pdfs\Finance Department\202205091501017605.pdf,Downloaded,2026-07-27 21:16:36
Finance Department,List of Maharashtra State Government Sponsored Lottery schemes Period dt. 09/05/2022. to dt. 15/05/2022.,202205061615255805,06-05-2022,552,https://gr.maharashtra.gov.in/Site/Upload/Government%20Resolutions/English/202205061615255805.pdf,4,564876,GR_DATASET\pdfs\Finance Department\202205061615255805.pdf,Downloaded,2026-07-27 21:16:37
Finance Department,"Regarding Liability limit of Government Insurance Fund upto Rs.500.00 Crore for the Properties under direct or indirect control of Government, and dividing remaining liability through Re-insurance / Co-insurance.",202205051654414905,05-05-2022,142,https://gr.maharashtra.gov.in/Site/Upload/Government%20Resolutions/English/202205051654414905.pdf,2,145077,GR_DATASET\pdfs\Finance Department\202205051654414905.pdf,Downloaded,2026-07-27 21:16:37
Finance Department,"Maharashtra State Lottery - Maharashtra Ganeshlaxmi Monsoon for the month June, 2022 monthly draw prize structure and procedure.",202205101216316905,29-04-2022,226,https://gr.maharashtra.gov.in/Site/Upload/Government%20Resolutions/English/202205101216316905.pdf,2,231848,GR_DATASET\pdfs\Finance Department\202205101216316905.pdf,Downloaded,2026-07-27 21:16:38
Finance Department,List of Maharashtra State Government Sponsored Lottery schemes Period dt. 02/05/2022 to dt. 08/05/2022.,202204291206399805,29-04-2022,267,https://gr.maharashtra.gov.in/Site/Upload/Government%20Resolutions/English/202204291206399805.pdf,4,273780,GR_DATASET\pdfs\Finance Department\202204291206399805.pdf,Downloaded,2026-07-27 21:16:39
Finance Department,Creation of supernumerary posts for Scheduled Tribe Employees.,202204291625421105,28-04-2022,146,https://gr.maharashtra.gov.in/Site/Upload/Government%20Resolutions/English/202204291625421105.pdf,3,150016,GR_DATASET\pdfs\Finance Department\202204291625421105.pdf,Downloaded,2026-07-27 21:16:40
Finance Department,"Regarding administrative approval- Bag purchase for Hon. Ministers, Hon. State Ministers and Hon. Chief Secretary.",202204271758387405,27-04-2022,155,https://gr.maharashtra.gov.in/Site/Upload/Government%20Resolutions/English/202204271758387405.pdf,2,158581,GR_DATASET\pdfs\Finance Department\202204271758387405.pdf,Downloaded,2026-07-27 21:16:41
Finance Department,Revised instructions regarding outsourcing,202204271807306405,27-04-2022,150,https://gr.maharashtra.gov.in/Site/Upload/Government%20Resolutions/English/202204271807306405.pdf,4,153574,GR_DATASET\pdfs\Finance Department\202204271807306405.pdf,Downloaded,2026-07-27 21:16:41
Finance Department,"To Grant Lump Sum Compensation to Joint Secretary Deputy Secretary, in the Departments of Mantralaya.",202204261605555105,26-04-2022,146,https://gr.maharashtra.gov.in/Site/Upload/Government%20Resolutions/English/202204261605555105.pdf,3,149016,GR_DATASET\pdfs\Finance Department\202204261605555105.pdf,Downloaded,2026-07-27 21:16:42
Finance Department,List of Maharashtra State Government Sponsored Lottery schemes Period dt. 25/04/2022. to dt. 01/05/2022.,202204271531571905,22-04-2022,268,https://gr.maharashtra.gov.in/Site/Upload/Government%20Resolutions/English/202204271531571905.pdf,4,274325,GR_DATASET\pdfs\Finance Department\202204271531571905.pdf,Downloaded,2026-07-27 21:16:43
Finance Department,Regarding regular appointment in the cadre of Assistant Director of Maharashtra Finance and Accounts Services.,202204221155128305,21-04-2022,654,https://gr.maharashtra.gov.in/Site/Upload/Government%20Resolutions/English/202204221155128305.pdf,2,669592,GR_DATASET\pdfs\Finance Department\202204221155128305.pdf,Downloaded,2026-07-27 21:16:44
Finance Department,Regarding revision in the present rate of Transport allowance admissible to State Government employees and other eligible employees,202204201255107205,20-04-2022,336,https://gr.maharashtra.gov.in/Site/Upload/Government%20Resolutions/English/202204201255107205.pdf,4,344176,GR_DATASET\pdfs\Finance Department\202204201255107205.pdf,Downloaded,2026-07-27 21:16:44
Finance Department,Regarding extension of contractual appointment of 4 more retired officers/employees for the Mumbai pay verification unit under the Directorate to verify the pay verification of the 7th Pay Commission for the officers/employees who retired during the period from 01.01.2016 to 31.12.2018.,202204201636069905,20-04-2022,138,https://gr.maharashtra.gov.in/Site/Upload/Government%20Resolutions/English/202204201636069905.pdf,2,141730,GR_DATASET\pdfs\Finance Department\202204201636069905.pdf,Downloaded,2026-07-27 21:16:45
Finance Department,"Temporary promotion and posting to the post of Deputy Director, Maharashtra Finance and Accounts Services Assistant Director.",202204201637046505,20-04-2022,174,https://gr.maharashtra.gov.in/Site/Upload/Government%20Resolutions/English/202204201637046505.pdf,6,178134,GR_DATASET\pdfs\Finance Department\202204201637046505.pdf,Downloaded,2026-07-27 21:16:46
Finance Department,List of Maharashtra State Government Sponsored Lottery schemes Period dt. 18/04/2022 to dt. 24/04/2022.,202204181128485705,13-04-2022,490,https://gr.maharashtra.gov.in/Site/Upload/Government%20Resolutions/English/202204181128485705.pdf,4,501721,GR_DATASET\pdfs\Finance Department\202204181128485705.pdf,Downloaded,2026-07-27 21:16:47
Finance Department,INSTRUCTIONS REGARDING FILLING OF VACANT POSTS,202204121800353105,12-04-2022,147,https://gr.maharashtra.gov.in/Site/Upload/Government%20Resolutions/English/202204121800353105.pdf,3,150581,GR_DATASET\pdfs\Finance Department\202204121800353105.pdf,Downloaded,2026-07-27 21:16:47
Finance Department,Maharashtra State Lotteries - Prize structure and procedure of Maharashtra Sahyadri Dhanlaxmi (Monday) to Maharashtra Mohini (Sunday) Weekly Draws.,202204111245037005,11-04-2022,586,https://gr.maharashtra.gov.in/Site/Upload/Government%20Resolutions/English/202204111245037005.pdf,7,600375,GR_DATASET\pdfs\Finance Department\202204111245037005.pdf,Downloaded,2026-07-27 21:16:48
Finance Department,"Maharashtra State lottery Maharashtra Ganeshlaxmi Akshaya Tritiya for the month of May, 2022 Prize structure and procedure.",202204111249089005,11-04-2022,296,https://gr.maharashtra.gov.in/Site/Upload/Government%20Resolutions/English/202204111249089005.pdf,2,303440,GR_DATASET\pdfs\Finance Department\202204111249089005.pdf,Downloaded,2026-07-27 21:16:49
Finance Department,List of Maharashtra State Government Sponsored Lottery schemes Period dt. 11/04/2022. to dt. 17/04/2022.,202204111115062305,08-04-2022,550,https://gr.maharashtra.gov.in/Site/Upload/Government%20Resolutions/English/202204111115062305.pdf,4,563120,GR_DATASET\pdfs\Finance Department\202204111115062305.pdf,Downloaded,2026-07-27 21:16:50
Finance Department,Maharashtra Sales Tax Tribunal Extension for Nagpur Branch.,202204071307443405,07-04-2022,138,https://gr.maharashtra.gov.in/Site/Upload/Government%20Resolutions/English/202204071307443405.pdf,2,140949,GR_DATASET\pdfs\Finance Department\202204071307443405.pdf,Downloaded,2026-07-27 21:16:51
Finance Department,"Maharashtra Civil Services (R.P.) Rules,2009-Amendment No.105",202204041511378305,04-04-2022,135,https://gr.maharashtra.gov.in/Site/Upload/Government%20Resolutions/English/202204041511378305.pdf,2,138072,GR_DATASET\pdfs\Finance Department\202204041511378305.pdf,Downloaded,2026-07-27 21:16:52
Finance Department,"Maharashtra Civil Services (R.P.) Rules, 2019-Amendment No.22.",202204041518143205,04-04-2022,133,https://gr.maharashtra.gov.in/Site/Upload/Government%20Resolutions/English/202204041518143205.pdf,1,136214,GR_DATASET\pdfs\Finance Department\202204041518143205.pdf,Downloaded,2026-07-27 21:16:52
Finance Department,"Maharashtra Appropriation Act, 2022- Fund distribution.",202204041559285705,04-04-2022,153,https://gr.maharashtra.gov.in/Site/Upload/Government%20Resolutions/English/202204041559285705.pdf,6,156176,GR_DATASET\pdfs\Finance Department\202204041559285705.pdf,Downloaded,2026-07-27 21:16:53
Finance Department,Recovery of Government Guarantee Fee,202204011251420705,01-04-2022,217,https://gr.maharashtra.gov.in/Site/Upload/Government%20Resolutions/English/202204011251420705.pdf,3,222142,GR_DATASET\pdfs\Finance Department\202204011251420705.pdf,Downloaded,2026-07-27 21:16:54
Finance Department,List of Maharashtra State Government Sponsored Lottery schemes Period dt. 28/03/2022. to dt. 03/04/2022.List of Maharashtra State Government Sponsored Lottery schemes Period dt. 04/04/2022. to dt. 10/04/2022.,202204111122065805,01-04-2022,553,https://gr.maharashtra.gov.in/Site/Upload/Government%20Resolutions/English/202204111122065805.pdf,4,566136,GR_DATASET\pdfs\Finance Department\202204111122065805.pdf,Downloaded,2026-07-27 21:16:55
Finance Department,Maharashtra State Lottery Prize Structure and procedure of Maharashtra Din.,202204011306141805,31-03-2022,632,https://gr.maharashtra.gov.in/Site/Upload/Government%20Resolutions/English/202204011306141805.pdf,6,647348,GR_DATASET\pdfs\Finance Department\202204011306141805.pdf,Downloaded,2026-07-27 21:16:56
Finance Department,"Dearness Relief Increase to 31 percent on Pension/Family Pension w.e.f. 1st July, 2021.",202203311440233305,31-03-2022,358,https://gr.maharashtra.gov.in/Site/Upload/Government%20Resolutions/English/202203311440233305.pdf,4,366485,GR_DATASET\pdfs\Finance Department\202203311440233305.pdf,Downloaded,2026-07-27 21:16:57
Finance Department,Dearness Relief Increase to 196 percent for the pension / family pension being drawn in the pre-revised scale (sixth pay) w.e.f. 1st July 2021.,202203311445245505,31-03-2022,258,https://gr.maharashtra.gov.in/Site/Upload/Government%20Resolutions/English/202203311445245505.pdf,5,264130,GR_DATASET\pdfs\Finance Department\202203311445245505.pdf,Downloaded,2026-07-27 21:16:57
Finance Department,To pay the arrears of Dearness Relief of the period from 1st July 2021 to 30th September 2021 to the pensioners / Family pensioners in the pre-revised scale.,202203311451580405,31-03-2022,381,https://gr.maharashtra.gov.in/Site/Upload/Government%20Resolutions/English/202203311451580405.pdf,6,390509,GR_DATASET\pdfs\Finance Department\202203311451580405.pdf,Downloaded,2026-07-27 21:16:58
Finance Department,To pay the arrears of Dearness Relief of the period from 1st July 2021 to 30th September 2021 to the pensioners / Family pensioners.,202203311504451105,31-03-2022,420,https://gr.maharashtra.gov.in/Site/Upload/Government%20Resolutions/English/202203311504451105.pdf,6,430203,GR_DATASET\pdfs\Finance Department\202203311504451105.pdf,Downloaded,2026-07-27 21:16:59
Finance Department,Dearness Allowance for Revised Pay wef 01 July 2021.,202203301441163905,30-03-2022,396,https://gr.maharashtra.gov.in/Site/Upload/Government%20Resolutions/English/202203301441163905.pdf,3,405537,GR_DATASET\pdfs\Finance Department\202203301441163905.pdf,Downloaded,2026-07-27 21:17:00
Finance Department,Dearness Allowance Pre-Revised Pay wef 01 July 2021.,202203301446372205,30-03-2022,462,https://gr.maharashtra.gov.in/Site/Upload/Government%20Resolutions/English/202203301446372205.pdf,3,473002,GR_DATASET\pdfs\Finance Department\202203301446372205.pdf,Downloaded,2026-07-27 21:17:01
Finance Department,DA Arrears for the period 01.07.2021 to 30.09.2021.,202203301451122805,30-03-2022,145,https://gr.maharashtra.gov.in/Site/Upload/Government%20Resolutions/English/202203301451122805.pdf,3,148414,GR_DATASET\pdfs\Finance Department\202203301451122805.pdf,Downloaded,2026-07-27 21:17:01
Finance Department,DA Arrears for the period 01.07.2021 to 30.09.2021 (6th Pay Commission).,202203301455490905,30-03-2022,146,https://gr.maharashtra.gov.in/Site/Upload/Government%20Resolutions/English/202203301455490905.pdf,3,149931,GR_DATASET\pdfs\Finance Department\202203301455490905.pdf,Downloaded,2026-07-27 21:17:02
Finance Department,Refund of excess/Double payment of taxes remitted to RBI by Various Banks.,202203291243545705,29-03-2022,144,https://gr.maharashtra.gov.in/Site/Upload/Government%20Resolutions/English/202203291243545705.pdf,3,147836,GR_DATASET\pdfs\Finance Department\202203291243545705.pdf,Downloaded,2026-07-27 21:17:03
Finance Department,List of Maharashtra State Government Sponsored Lottery schemes Period dt. 28/03/2022. to dt. 03/04/2022.,202203251443245005,25-03-2022,479,https://gr.maharashtra.gov.in/Site/Upload/Government%20Resolutions/English/202203251443245005.pdf,4,490486,GR_DATASET\pdfs\Finance Department\202203251443245005.pdf,Downloaded,2026-07-27 21:17:04
Finance Department,"Approval to disburse grant for construction of New GST Bhavan, Wadala.",202203251539210705,25-03-2022,132,https://gr.maharashtra.gov.in/Site/Upload/Government%20Resolutions/English/202203251539210705.pdf,1,135142,GR_DATASET\pdfs\Finance Department\202203251539210705.pdf,Downloaded,2026-07-27 21:17:04
Finance Department,"Regarding administrative approval- Bag purchase for Hon. Ministers, Hon. State Ministers and Hon. Chief Secretary.",202203241653073805,24-03-2022,142,https://gr.maharashtra.gov.in/Site/Upload/Government%20Resolutions/English/202203241653073805.pdf,2,145550,GR_DATASET\pdfs\Finance Department\202203241653073805.pdf,Downloaded,2026-07-27 21:17:05
Finance Department,Maharashtra State Lottery Maharashtra Gudipadva Bumper Prize Structure and procedure.,202203231442570205,23-03-2022,298,https://gr.maharashtra.gov.in/Site/Upload/Government%20Resolutions/English/202203231442570205.pdf,2,304709,GR_DATASET\pdfs\Finance Department\202203231442570205.pdf,Downloaded,2026-07-27 21:17:06
Finance Department,"Guidelines for giving the benefit of revised commutation of pension as per Seventh Pay Commission to the pensioners who retired from service from 1st January, 2016 to 31st December, 2018.",202203221539042305,22-03-2022,747,https://gr.maharashtra.gov.in/Site/Upload/Government%20Resolutions/English/202203221539042305.pdf,6,764724,GR_DATASET\pdfs\Finance Department\202203221539042305.pdf,Downloaded,2026-07-27 21:17:07
Finance Department,Income Tax Ciruclar.,202203221647504605,22-03-2022,257,https://gr.maharashtra.gov.in/Site/Upload/Government%20Resolutions/English/202203221647504605.pdf,2,263570,GR_DATASET\pdfs\Finance Department\202203221647504605.pdf,Downloaded,2026-07-27 21:17:07
Finance Department,List of Maharashtra State Government Sponsored Lottery schemes Period dt. 21/03/2022. to dt. 27/03/2022.,202203171037328705,17-03-2022,490,https://gr.maharashtra.gov.in/Site/Upload/Government%20Resolutions/English/202203171037328705.pdf,4,501504,GR_DATASET\pdfs\Finance Department\202203171037328705.pdf,Downloaded,2026-07-27 21:17:08
Finance Department,Procedure of Work to be fallow by All Administrative Department P.A.O. Treasury/Sub Treasury for the end of financial year 2020-21 ( i.e. March End).,202203171257316505,17-03-2022,162,https://gr.maharashtra.gov.in/Site/Upload/Government%20Resolutions/English/202203171257316505.pdf,4,166113,GR_DATASET\pdfs\Finance Department\202203171257316505.pdf,Downloaded,2026-07-27 21:17:09
Finance Department,Final Seniority List of officers of Maharashtra Finance and Accounts Services Joint Director (Group A) cadre dated 1.1.2021.,202203171457447805,17-03-2022,184,https://gr.maharashtra.gov.in/Site/Upload/Government%20Resolutions/English/202203171457447805.pdf,5,188762,GR_DATASET\pdfs\Finance Department\202203171457447805.pdf,Downloaded,2026-07-27 21:17:10
Finance Department,"Supplementary Demands 2021-22, Fund Distribution 2021-22 (March 2022)",202203171748171505,17-03-2022,96,https://gr.maharashtra.gov.in/Site/Upload/Government%20Resolutions/English/202203171748171505.pdf,3,97866,GR_DATASET\pdfs\Finance Department\202203171748171505.pdf,Downloaded,2026-07-27 21:17:10
Finance Department,"Regarding extension of temporary posts in the Finance Department. In the period 01 March, 2022 to 31 August, 2022",202203171258280005,16-03-2022,92,https://gr.maharashtra.gov.in/Site/Upload/Government%20Resolutions/English/202203171258280005.pdf,3,94672,GR_DATASET\pdfs\Finance Department\202203171258280005.pdf,Downloaded,2026-07-27 21:17:11
Finance Department,Expenditure sanction orders as well as grants along with payments copy ink signature of delivery order detailed instructions.,202203161504464605,16-03-2022,330,https://gr.maharashtra.gov.in/Site/Upload/Government%20Resolutions/English/202203161504464605.pdf,3,338260,GR_DATASET\pdfs\Finance Department\202203161504464605.pdf,Downloaded,2026-07-27 21:17:12
Finance Department,Acceptance of loan of Rs.626.5645 crore sanctioned by NABARD for 326 works (65 Roads and 261 Bridges) of Public Works Department under RIDF Tranche-27.,202203111452147705.....,11-03-2022,17414,https://gr.maharashtra.gov.in/Site/Upload/Government%20Resolutions/English/202203111452147705......pdf,23,17832204,GR_DATASET\pdfs\Finance Department\202203111452147705......pdf,Downloaded,2026-07-27 21:17:17
Finance Department,List of Maharashtra State Government Sponsored Lottery schemes Period dt. 14/03/2022. to dt. 20/03/2022.,202203101414298905,11-03-2022,490,https://gr.maharashtra.gov.in/Site/Upload/Government%20Resolutions/English/202203101414298905.pdf,4,501554,GR_DATASET\pdfs\Finance Department\202203101414298905.pdf,Downloaded,2026-07-27 21:17:18
Finance Department,To increase the limit from 25 percent to 50 percent of cadre posts for promotion in clerical cadre from Group-D.,202203101520307605,10-03-2022,126,https://gr.maharashtra.gov.in/Site/Upload/Government%20Resolutions/English/202203101520307605.pdf,1,129358,GR_DATASET\pdfs\Finance Department\202203101520307605.pdf,Downloaded,2026-07-27 21:17:19
Finance Department,"Maharashtra State Lottery - Maharashtra Ganeshlaxmi Vardhapan Din Vishesh for the Month of April, 2022 Prize Structure and Procedure.",202203091646506605,09-03-2022,226,https://gr.maharashtra.gov.in/Site/Upload/Government%20Resolutions/English/202203091646506605.pdf,2,231705,GR_DATASET\pdfs\Finance Department\202203091646506605.pdf,Downloaded,2026-07-27 21:17:19
Finance Department,"As per the Rights of persons with disabilities Act, 2016, to ensure posts of Group-A, B, C and D in the Directorate, Accounts and Treasury and Directorate, Local Fund Audit for the persons with disabilities.",202203081159446805,04-03-2022,1604,https://gr.maharashtra.gov.in/Site/Upload/Government%20Resolutions/English/202203081159446805.pdf,2,1642865,GR_DATASET\pdfs\Finance Department\202203081159446805.pdf,Downloaded,2026-07-27 21:17:21
Finance Department,"Administrative approval of Rs.32,05,655/- to repair power supply system at New and old building of GST office, Mazgaon.",202203031212063105,03-03-2022,1657,https://gr.maharashtra.gov.in/Site/Upload/Government%20Resolutions/English/202203031212063105.pdf,2,1696538,GR_DATASET\pdfs\Finance Department\202203031212063105.pdf,Downloaded,2026-07-27 21:17:21
Finance Department,List of Maharashtra State Government Sponsored Lottery schemes Period dt. 07/03/2022. to dt. 13/03/2022.List of Maharashtra State Government Sponsored Lottery schemes Period dt. 07/03/2022. to dt. 13/03/2022.,202203031338021405,03-03-2022,1256,https://gr.maharashtra.gov.in/Site/Upload/Government%20Resolutions/English/202203031338021405.pdf,4,1285717,GR_DATASET\pdfs\Finance Department\202203031338021405.pdf,Downloaded,2026-07-27 21:17:23
Finance Department,"Maharashtra State Lottery- Maharashtra Sahyadri Dhanlaxmi (Monday), Maharashtra Sahyadri Mahalaxmi (Tuesday), Maharashtra Sahyadri Vijayalaxmi (Wednesday), Maharashtra Sahyadri Deeplaxmi (Thursday), Maharashtra Sahyadri Rajlaxmi (Friday), Maharashtra Sahyadri Prabhalaxmi (Saturday) and Maharashtra Mohini (Sunday) weekly price structure and procedure.",202203031704078005,03-03-2022,722,https://gr.maharashtra.gov.in/Site/Upload/Government%20Resolutions/English/202203031704078005.pdf,7,738888,GR_DATASET\pdfs\Finance Department\202203031704078005.pdf,Downloaded,2026-07-27 21:17:24
Finance Department,"Amendment N0. 20 in M.C.S. (R.P.) Rule, 2019",202203021438187405,02-03-2022,1483,https://gr.maharashtra.gov.in/Site/Upload/Government%20Resolutions/English/202203021438187405.pdf,2,1518213,GR_DATASET\pdfs\Finance Department\202203021438187405.pdf,Downloaded,2026-07-27 21:17:25
Finance Department,Extension for 1704 posts and other cadre for 585 temporary posts of Goods and Services Tax (previous Sales Tax Department) Department.,202203031202189805,28-02-2022,1559,https://gr.maharashtra.gov.in/Site/Upload/Government%20Resolutions/English/202203031202189805.pdf,3,1596758,GR_DATASET\pdfs\Finance Department\202203031202189805.pdf,Downloaded,2026-07-27 21:17:26
Finance Department,Extension for 264 posts created under restructuring of Sales Tax Department for Mumbai Sales Tax Act.,202203031206181005,28-02-2022,1556,https://gr.maharashtra.gov.in/Site/Upload/Government%20Resolutions/English/202203031206181005.pdf,2,1593429,GR_DATASET\pdfs\Finance Department\202203031206181005.pdf,Downloaded,2026-07-27 21:17:27
Finance Department,Extension for 13 temporary posts of Maharashtra Sales Tax Tribunal Mumbai.,202203031209098605,28-02-2022,1557,https://gr.maharashtra.gov.in/Site/Upload/Government%20Resolutions/English/202203031209098605.pdf,3,1594116,GR_DATASET\pdfs\Finance Department\202203031209098605.pdf,Downloaded,2026-07-27 21:17:29
Finance Department,Maharashtra State Lottery- Maharashtra Gudipadwa Bumper Price Structure and Procedure.,202203031712381905,28-02-2022,272,https://gr.maharashtra.gov.in/Site/Upload/Government%20Resolutions/English/202203031712381905.pdf,6,278699,GR_DATASET\pdfs\Finance Department\202203031712381905.pdf,Downloaded,2026-07-27 21:17:29
Finance Department,List of Maharashtra State Government Sponsored Lottery schemes Period dt. 28/02/2022. to dt. 06/03/2022.,202202251455256505,25-02-2022,1256,https://gr.maharashtra.gov.in/Site/Upload/Government%20Resolutions/English/202202251455256505.pdf,4,1286060,GR_DATASET\pdfs\Finance Department\202202251455256505.pdf,Downloaded,2026-07-27 21:17:31
Finance Department,Regarding the payment of arrears with interest in Level-2 of the sixty pay commission to the employees applicable to the defined contribution scheme.,202202231654433705,23-02-2022,321,https://gr.maharashtra.gov.in/Site/Upload/Government%20Resolutions/English/202202231654433705.pdf,3,328948,GR_DATASET\pdfs\Finance Department\202202231654433705.pdf,Downloaded,2026-07-27 21:17:31
Finance Department,Delegation of powers to the administrative departments for extending continuation to the temporary posts.,202202221812447805,22-02-2022,143,https://gr.maharashtra.gov.in/Site/Upload/Government%20Resolutions/English/202202221812447805.pdf,3,146339,GR_DATASET\pdfs\Finance Department\202202221812447805.pdf,Downloaded,2026-07-27 21:17:32
Finance Department,"Maharashtra State Lottery, Maharashtra Ganeshlaxmi Holi for the month of March, 2022 Prize Structure and Procedure.",202203021225350105,21-02-2022,1717,https://gr.maharashtra.gov.in/Site/Upload/Government%20Resolutions/English/202203021225350105.pdf,2,1757897,GR_DATASET\pdfs\Finance Department\202203021225350105.pdf,Downloaded,2026-07-27 21:17:33
Finance Department,List of Maharashtra State Government Sponsored Lottery schemes Period dt. 21/02/2022 to dt. 27/02/2022.,202202181529358805,18-02-2022,490,https://gr.maharashtra.gov.in/Site/Upload/Government%20Resolutions/English/202202181529358805.pdf,4,501732,GR_DATASET\pdfs\Finance Department\202202181529358805.pdf,Downloaded,2026-07-27 21:17:34
Finance Department,Final seniority list showing the status of officers in the cadre of Maharashtra Finance and Accounting Services Group A (Junior) Assistant Director from 1.1.2016 to 1.1.2021.,202202181748514405,18-02-2022,3182,https://gr.maharashtra.gov.in/Site/Upload/Government%20Resolutions/English/202202181748514405.pdf,347,3258588,GR_DATASET\pdfs\Finance Department\202202181748514405.pdf,Downloaded,2026-07-27 21:17:37
Finance Department,Final seniority list showing the status of officers in the cadre of Maharashtra Finance and Accounting Services Group A (Junior) Assistant Director from 1.1.2004 to 1.1.2015.,202202171246416605...,17-02-2022,7069,https://gr.maharashtra.gov.in/Site/Upload/Government%20Resolutions/English/202202171246416605....pdf,838,7238703,GR_DATASET\pdfs\Finance Department\202202171246416605....pdf,Downloaded,2026-07-27 21:17:49
Finance Department,Procedure to be followed for recovery as well as return of contribution to DCPS holder in case of Compulsory retirement/Dismissal of service/ Removal from services and etc.,202202171621069805,17-02-2022,1995,https://gr.maharashtra.gov.in/Site/Upload/Government%20Resolutions/English/202202171621069805.pdf,3,2042704,GR_DATASET\pdfs\Finance Department\202202171621069805.pdf,Downloaded,2026-07-27 21:17:50
Finance Department,Final seniority list showing the status of officers in the cadre of Maharashtra Finance and Accounting Services Group A (Junior) Assistant Director from 1.1.1997 to 1.1.2003.,202202171216138605,16-02-2022,3687,https://gr.maharashtra.gov.in/Site/Upload/Government%20Resolutions/English/202202171216138605.pdf,457,3775452,GR_DATASET\pdfs\Finance Department\202202171216138605.pdf,Downloaded,2026-07-27 21:17:54
Finance Department,Temporary seniority list showing the status of Maharashtra Finance and Accounts Service Group B (Gazetted) Accounts Officers on 1.1.2022.,202202141716014205,14-02-2022,307,https://gr.maharashtra.gov.in/Site/Upload/Government%20Resolutions/English/202202141716014205.pdf,9,314321,GR_DATASET\pdfs\Finance Department\202202141716014205.pdf,Downloaded,2026-07-27 21:17:54
Finance Department,List of Maharashtra State Government Sponsored Lottery schemes Period dt. 14/02/2022. to dt. 20/02/2022.,202202111515333105,11-02-2022,1291,https://gr.maharashtra.gov.in/Site/Upload/Government%20Resolutions/English/202202111515333105.pdf,4,1321600,GR_DATASET\pdfs\Finance Department\202202111515333105.pdf,Downloaded,2026-07-27 21:17:55
Finance Department,Regarding Maharashtra State Lottery Ticket Printing Rate.,202202111607156805,10-02-2022,1524,https://gr.maharashtra.gov.in/Site/Upload/Government%20Resolutions/English/202202111607156805.pdf,3,1560687,GR_DATASET\pdfs\Finance Department\202202111607156805.pdf,Downloaded,2026-07-27 21:17:56
Finance Department,Regarding revision of the list of District Central Co-operative Banks for authorizing to open the bank account of the Drawing and Disbursement Officer as well as the personal bank account of the pensioner to provide salaries and allowances to the government employees .....,202202101219528505,10-02-2022,738,https://gr.maharashtra.gov.in/Site/Upload/Government%20Resolutions/English/202202101219528505.pdf,3,756018,GR_DATASET\pdfs\Finance Department\202202101219528505.pdf,Downloaded,2026-07-27 21:17:57
Finance Department,Acceptance of loan of Rs.100.0568 Cr. sanctioned by National Bank for Agriculture and Rural Development (NABARD) for the Rural Development Departments 50 projects of Rural Roads of MMGSY.,202202101552320105,10-02-2022,2275,https://gr.maharashtra.gov.in/Site/Upload/Government%20Resolutions/English/202202101552320105.pdf,6,2330022,GR_DATASET\pdfs\Finance Department\202202101552320105.pdf,Downloaded,2026-07-27 21:17:59
Finance Department,"Regarding appointment of Commissioner, State Lottery as Nodal Officer for agency renewal and other ancillary work of Small Savings and Mahilapradhan Kshetriy Bachat Yojana agents.",202202151705485505...,08-02-2022,1482,https://gr.maharashtra.gov.in/Site/Upload/Government%20Resolutions/English/202202151705485505....pdf,2,1518013,GR_DATASET\pdfs\Finance Department\202202151705485505....pdf,Downloaded,2026-07-27 21:18:00
Finance Department,Supplementary Demands for Expenditure in the year 2021-22.,202202081736494005,08-02-2022,1006,https://gr.maharashtra.gov.in/Site/Upload/Government%20Resolutions/English/202202081736494005.pdf,11,1029794,GR_DATASET\pdfs\Finance Department\202202081736494005.pdf,Downloaded,2026-07-27 21:18:02
Finance Department,List of Maharashtra State Government Sponsored Lottery schemes Period dt. 07/02/2022 to dt. 13/02/2022.,202202041209193305,04-02-2022,490,https://gr.maharashtra.gov.in/Site/Upload/Government%20Resolutions/English/202202041209193305.pdf,4,501721,GR_DATASET\pdfs\Finance Department\202202041209193305.pdf,Downloaded,2026-07-27 21:18:03
Finance Department,"Administrative approval for changing old electric wiring, etc at GST office, Yerwada, Pune.",202202041255541305,04-02-2022,313,https://gr.maharashtra.gov.in/Site/Upload/Government%20Resolutions/English/202202041255541305.pdf,2,320239,GR_DATASET\pdfs\Finance Department\202202041255541305.pdf,Downloaded,2026-07-27 21:18:03
Finance Department,"State Government Employees Group Insurance Scheme, 1982.. Calculated charts of benefits from Savings Fund for the period of 1st January, 2022 to 31st December, 2022.",202202041302069905,04-02-2022,268,https://gr.maharashtra.gov.in/Site/Upload/Government%20Resolutions/English/202202041302069905.pdf,5,274538,GR_DATASET\pdfs\Finance Department\202202041302069905.pdf,Downloaded,2026-07-27 21:18:04
Finance Department,"Deduction of 2 percent TDS from payment made to the suppliers on taxable goods/services or both from 1st October, 2018.",202202031141387705,03-02-2022,321,https://gr.maharashtra.gov.in/Site/Upload/Government%20Resolutions/English/202202031141387705.pdf,4,328639,GR_DATASET\pdfs\Finance Department\202202031141387705.pdf,Downloaded,2026-07-27 21:18:05
Finance Department,Fund Distribution in 2021-22.,202202031516434805,03-02-2022,972,https://gr.maharashtra.gov.in/Site/Upload/Government%20Resolutions/English/202202031516434805.pdf,4,995600,GR_DATASET\pdfs\Finance Department\202202031516434805.pdf,Downloaded,2026-07-27 21:18:06
Finance Department,Government E-Vehicle Price limit policy.,202202031614588205,03-02-2022,1474,https://gr.maharashtra.gov.in/Site/Upload/Government%20Resolutions/English/202202031614588205.pdf,5,1509306,GR_DATASET\pdfs\Finance Department\202202031614588205.pdf,Downloaded,2026-07-27 21:18:07
Finance Department,"Maharashtra Civil Services (R.P.) Rules, 2019- Amendment No. 19.",202202021130365905,02-02-2022,133,https://gr.maharashtra.gov.in/Site/Upload/Government%20Resolutions/English/202202021130365905.pdf,1,136668,GR_DATASET\pdfs\Finance Department\202202021130365905.pdf,Downloaded,2026-07-27 21:18:07
Finance Department,"Promotion on the post of Joint Director of Insurance (Group-A), Directorate of Insurance, Maharashtra State, Mumbai. Select List 2021-22",202202021448403905,02-02-2022,140,https://gr.maharashtra.gov.in/Site/Upload/Government%20Resolutions/English/202202021448403905.pdf,2,143525,GR_DATASET\pdfs\Finance Department\202202021448403905.pdf,Downloaded,2026-07-27 21:18:08
Finance Department,List of Maharashtra State Government Sponsored Lottery schemes Period dt. 31/01/2022. to dt. 06/02/2022.,202201311631578005,28-01-2022,1307,https://gr.maharashtra.gov.in/Site/Upload/Government%20Resolutions/English/202201311631578005.pdf,4,1338401,GR_DATASET\pdfs\Finance Department\202201311631578005.pdf,Downloaded,2026-07-27 21:18:09
Finance Department,Grand Distribution in 2021-2022.,202201281125278305,28-01-2022,975,https://gr.maharashtra.gov.in/Site/Upload/Government%20Resolutions/English/202201281125278305.pdf,2,998128,GR_DATASET\pdfs\Finance Department\202201281125278305.pdf,Downloaded,2026-07-27 21:18:10
Finance Department,"Promotion on the post of Assistant Director of Insurance (Group-A), Directorate of Insurance, Maharashtra State, Mumbai. Select List 2021-22",202201271139402005,27-01-2022,139,https://gr.maharashtra.gov.in/Site/Upload/Government%20Resolutions/English/202201271139402005.pdf,2,142506,GR_DATASET\pdfs\Finance Department\202201271139402005.pdf,Downloaded,2026-07-27 21:18:11
Finance Department,"Promotion on the post of Junior Technical Officer (Group-B, Gazetted), Directorate of Insurance, Maharashtra State, Mumbai. Select List 2021-22",202201271146568905,27-01-2022,139,https://gr.maharashtra.gov.in/Site/Upload/Government%20Resolutions/English/202201271146568905.pdf,2,142767,GR_DATASET\pdfs\Finance Department\202201271146568905.pdf,Downloaded,2026-07-27 21:18:12
Finance Department,Good and Service Tax.,202201271326578905,27-01-2022,134,https://gr.maharashtra.gov.in/Site/Upload/Government%20Resolutions/English/202201271326578905.pdf,2,137492,GR_DATASET\pdfs\Finance Department\202201271326578905.pdf,Downloaded,2026-07-27 21:18:12
Finance Department,Good and Service Tax.,202201271329220805,27-01-2022,1432,https://gr.maharashtra.gov.in/Site/Upload/Government%20Resolutions/English/202201271329220805.pdf,2,1466001,GR_DATASET\pdfs\Finance Department\202201271329220805.pdf,Downloaded,2026-07-27 21:18:13
Finance Department,Extension to submit life certificate for State Government Pensioners.,202201251232153205,25-01-2022,970,https://gr.maharashtra.gov.in/Site/Upload/Government%20Resolutions/English/202201251232153205.pdf,2,993701,GR_DATASET\pdfs\Finance Department\202201251232153205.pdf,Downloaded,2026-07-27 21:18:14
Finance Department,Temporary seniority list of officers of MFAS Group A (Junior) Assistant Director Cadre from 01.01.2016 to 01.01.2021.Temporary seniority list of officers of MFAS Group A (Junior) Assistant Director Cadre from 01.01.2016 to 01.01.2021.,202201251416570405,25-01-2022,3148,https://gr.maharashtra.gov.in/Site/Upload/Government%20Resolutions/English/202201251416570405.pdf,365,3223770,GR_DATASET\pdfs\Finance Department\202201251416570405.pdf,Downloaded,2026-07-27 21:18:15
Finance Department,To provide Mobile Number of Pensioner/Family Pensioner while forwarding the pension proposal to A.G. Office.,202201251456020305,25-01-2022,310,https://gr.maharashtra.gov.in/Site/Upload/Government%20Resolutions/English/202201251456020305.pdf,2,316951,GR_DATASET\pdfs\Finance Department\202201251456020305.pdf,Downloaded,2026-07-27 21:18:16
Finance Department,List of Maharashtra State Government Sponsored Lottery schemes Period dt. 24/01/2022. to dt. 30/01/2022.,202201311627071405,21-01-2022,1307,https://gr.maharashtra.gov.in/Site/Upload/Government%20Resolutions/English/202201311627071405.pdf,4,1338180,GR_DATASET\pdfs\Finance Department\202201311627071405.pdf,Downloaded,2026-07-27 21:18:18
Finance Department,Acceptance of Loan of Rs.704.0326 Crore sanction by National Bank for Agriculture and Rural Development (NABARD) under RIDF-27 for 3 Irrigation Projects of Water Resource Department.,202201201452042705,20-01-2022,796,https://gr.maharashtra.gov.in/Site/Upload/Government%20Resolutions/English/202201201452042705.pdf,5,814767,GR_DATASET\pdfs\Finance Department\202201201452042705.pdf,Downloaded,2026-07-27 21:18:19
Finance Department,Administrative approval for purchase of bag for Budget 2022-23.,202201181712239705,18-01-2022,1043,https://gr.maharashtra.gov.in/Site/Upload/Government%20Resolutions/English/202201181712239705.pdf,2,1067567,GR_DATASET\pdfs\Finance Department\202201181712239705.pdf,Downloaded,2026-07-27 21:18:22
Finance Department,List of Maharashtra State Government Sponsored Lottery schemes Period dt. 17/01/2022 to dt. 23/01/2022.,202201171404090705,14-01-2022,490,https://gr.maharashtra.gov.in/Site/Upload/Government%20Resolutions/English/202201171404090705.pdf,4,501721,GR_DATASET\pdfs\Finance Department\202201171404090705.pdf,Downloaded,2026-07-27 21:18:22
Finance Department,Government Guarantee for the amount of loan and interest raised by Maharashtra State Power Generation Company Limited (MSPGCL) from Bank of Baroda to cover the financial loss incurred during lockdown period due to the outbreak of Covid-19.,202201141209026405,14-01-2022,1396,https://gr.maharashtra.gov.in/Site/Upload/Government%20Resolutions/English/202201141209026405.pdf,7,1429261,GR_DATASET\pdfs\Finance Department\202201141209026405.pdf,Downloaded,2026-07-27 21:18:23
Finance Department,"Maharashtra State Lottery - Maharashtra Ganeshlaxmi Maghi Ganpati for February, 2022 monthly draw prize structure and procedure.",202201211608409805,13-01-2022,1573,https://gr.maharashtra.gov.in/Site/Upload/Government%20Resolutions/English/202201211608409805.pdf,2,1611190,GR_DATASET\pdfs\Finance Department\202201211608409805.pdf,Downloaded,2026-07-27 21:18:25
Finance Department,List of Maharashtra State Government Sponsored Lottery schemes Period dt. 10/01/2022 to dt. 16/01/2022.,202201101400555605,07-01-2022,490,https://gr.maharashtra.gov.in/Site/Upload/Government%20Resolutions/English/202201101400555605.pdf,4,501415,GR_DATASET\pdfs\Finance Department\202201101400555605.pdf,Downloaded,2026-07-27 21:18:25
Finance Department,"Declaration of Head of Department, Drawing and Disbursing Officers, Controlling Officers and Regional Head of Department for GST Department and Allied GST Offices.",202201061625484705,06-01-2022,1445,https://gr.maharashtra.gov.in/Site/Upload/Government%20Resolutions/English/202201061625484705.pdf,2,1479764,GR_DATASET\pdfs\Finance Department\202201061625484705.pdf,Downloaded,2026-07-27 21:18:28
Finance Department,Regarding the setting up a committee to Study the impact of Waiver/Reduction of Stamp Duty on Gold and Silver Imports on the state revenue.,202201061448221305,06-01-2022,138,https://gr.maharashtra.gov.in/Site/Upload/Government%20Resolutions/English/202201061448221305.pdf,2,141471,GR_DATASET\pdfs\Finance Department\202201061448221305.pdf,Downloaded,2026-07-27 21:18:28
Finance Department,Temporary seniority list showing the status of officers of Maharashtra Finance and Accounting Services Group A (Junior) Assistant Director cadre from 1.1.2004 to 1.1.2015.,202201051109352205...,04-01-2022,6067,https://gr.maharashtra.gov.in/Site/Upload/Government%20Resolutions/English/202201051109352205....pdf,705,6212669,GR_DATASET\pdfs\Finance Department\202201051109352205....pdf,Downloaded,2026-07-27 21:18:31
Finance Department,List of Maharashtra State Government Sponsored Lottery schemes Period dt. 03/01/2022. to dt. 09/01/2022.,202201061535549205,03-01-2022,1383,https://gr.maharashtra.gov.in/Site/Upload/Government%20Resolutions/English/202201061535549205.pdf,4,1415980,GR_DATASET\pdfs\Finance Department\202201061535549205.pdf,Downloaded,2026-07-27 21:18:32
Finance Department,Temporary Seniority list showing the status of officers of Maharashtra Finance and Account Services Group A (Junior) Assistant Director Cadre from 01.01.1997 to 01.01.2003.,202201031240350805....,03-01-2022,4416,https://gr.maharashtra.gov.in/Site/Upload/Government%20Resolutions/English/202201031240350805.....pdf,479,4522576,GR_DATASET\pdfs\Finance Department\202201031240350805.....pdf,Downloaded,2026-07-27 21:18:36
Finance Department,Government Guarantee for the amount of loan and interest raised by Maharashtra State Electricity Distribution Company Limited (MSEDCL) from various Financial Institutions to cover the financial loss incurred during lockdown period due to the outbreak of Covid-19.,202201031539413205,03-01-2022,1443,https://gr.maharashtra.gov.in/Site/Upload/Government%20Resolutions/English/202201031539413205.pdf,7,1477137,GR_DATASET\pdfs\Finance Department\202201031539413205.pdf,Downloaded,2026-07-27 21:18:37
Finance Department,"Supplementary Demands 2021-2022 (December, 2021).",202201031742533305,03-01-2022,135,https://gr.maharashtra.gov.in/Site/Upload/Government%20Resolutions/English/202201031742533305.pdf,2,138401,GR_DATASET\pdfs\Finance Department\202201031742533305.pdf,Downloaded,2026-07-27 21:18:38
Finance Department,"Recoupment of Contingency Fund (December, 2021).",202201031750208905,03-01-2022,108,https://gr.maharashtra.gov.in/Site/Upload/Government%20Resolutions/English/202201031750208905.pdf,3,110827,GR_DATASET\pdfs\Finance Department\202201031750208905.pdf,Downloaded,2026-07-27 21:18:39
Finance Department,Three Stages of Presentation.,202112311633346805,31-12-2021,225,https://gr.maharashtra.gov.in/Site/Upload/Government%20Resolutions/English/202112311633346805.pdf,5,230656,GR_DATASET\pdfs\Finance Department\202112311633346805.pdf,Downloaded,2026-07-27 21:18:39
Finance Department,Verification of PAN number of the buyer / supplier in case of purchase /sale of goods and services as well as issuance of license etc. by all departments of government under their respective corporations /adopted enterprises / local self-governing bodies,202112291542199005,29-12-2021,1341,https://gr.maharashtra.gov.in/Site/Upload/Government%20Resolutions/English/202112291542199005.pdf,3,1372842,GR_DATASET\pdfs\Finance Department\202112291542199005.pdf,Downloaded,2026-07-27 21:18:41
Finance Department,List of Maharashtra State Government Sponsored Lottery schemes Period dt. 27/12/2021. to dt. 02/01/2022.,202112241122390105,24-12-2021,1409,https://gr.maharashtra.gov.in/Site/Upload/Government%20Resolutions/English/202112241122390105.pdf,4,1442732,GR_DATASET\pdfs\Finance Department\202112241122390105.pdf,Downloaded,2026-07-27 21:18:41
Finance Department,Revised Staffing Pattern of Directorate Local Fund Audit.,202112221635358405,22-12-2021,541,https://gr.maharashtra.gov.in/Site/Upload/Government%20Resolutions/English/202112221635358405.pdf,19,554285,GR_DATASET\pdfs\Finance Department\202112221635358405.pdf,Downloaded,2026-07-27 21:18:42
Finance Department,Various options available to pensioners / family pensioners for submission of survival certificate every year,202112221113433505,22-12-2021,1299,https://gr.maharashtra.gov.in/Site/Upload/Government%20Resolutions/English/202112221113433505.pdf,3,1330131,GR_DATASET\pdfs\Finance Department\202112221113433505.pdf,Downloaded,2026-07-27 21:18:44
Finance Department,"Maharashtra State Lottery- Maharashtra Sahyadri Dhanlaxmi (Monday), Maharashtra Sahyadri Mahalaxmi (Tuesday), Maharashtra Sahyadri Vijayalaxmi (Wednesday), Maharashtra Sahyadri Deeplaxmi (Thursday), Maharashtra Sahyadri Rajlaxmi (Friday), Maharashtra Sahyadri Prabhalaxmi (Saturday) and Maharashtra Mohini (Sunday) this weekly Price Structure and Procedure.",202201051134158505,22-12-2021,656,https://gr.maharashtra.gov.in/Site/Upload/Government%20Resolutions/English/202201051134158505.pdf,6,671861,GR_DATASET\pdfs\Finance Department\202201051134158505.pdf,Downloaded,2026-07-27 21:18:45
Finance Department,"Maharashtra State Lottery- Maharashtra Gajlaxmi Som, Maharashtra Gajlaxmi Mangal, Maharashtra Gajlaxmi Budh, Maharashtra Gajlaxmi Guru, Maharashtra Gajlaxmi Shukra, Maharashtra Gajlaxmi Shani and Maharashtra Gajlaxmi Ravi this weekly Price Structure and Procedure.",202201051125023205,21-12-2021,834,https://gr.maharashtra.gov.in/Site/Upload/Government%20Resolutions/English/202201051125023205.pdf,6,854466,GR_DATASET\pdfs\Finance Department\202201051125023205.pdf,Downloaded,2026-07-27 21:18:46
Finance Department,List of Maharashtra State Government Sponsored Lottery schemes Period dt. 20/12/2021 to dt. 26/12/2021.,202112211153347605,17-12-2021,490,https://gr.maharashtra.gov.in/Site/Upload/Government%20Resolutions/English/202112211153347605.pdf,4,501980,GR_DATASET\pdfs\Finance Department\202112211153347605.pdf,Downloaded,2026-07-27 21:18:47
Finance Department,"Maharashtra State Lottery - Maharashtra Ganeshlaxmi New Year Special for month January, 2022 monthly draw prize structure and procedure.",202112271525359005,16-12-2021,1429,https://gr.maharashtra.gov.in/Site/Upload/Government%20Resolutions/English/202112271525359005.pdf,2,1463209,GR_DATASET\pdfs\Finance Department\202112271525359005.pdf,Downloaded,2026-07-27 21:18:48
Finance Department,Revised staffing pattern of Directorate Accounts and Treasuries.,202112151813247705,15-12-2021,2805,https://gr.maharashtra.gov.in/Site/Upload/Government%20Resolutions/English/202112151813247705.pdf,47,2872505,GR_DATASET\pdfs\Finance Department\202112151813247705.pdf,Downloaded,2026-07-27 21:18:49
Finance Department,Sanction of Government Guarantee to Maharashtra Rail Infrastructure Development Corporation (MRIDC) to avail loan of Rs.420 Crore from financial institution for the project of conversion of Nagpur-Nagbheed Narrow gauge to Broad gauge- Amendment.,202112141505072405,14-12-2021,1277,https://gr.maharashtra.gov.in/Site/Upload/Government%20Resolutions/English/202112141505072405.pdf,3,1307835,GR_DATASET\pdfs\Finance Department\202112141505072405.pdf,Downloaded,2026-07-27 21:18:50
Finance Department,List of Maharashtra State Government Sponsored Lottery schemes Period dt. 13/12/2021 to dt. 19/12/2021.,202112101109449405,10-12-2021,490,https://gr.maharashtra.gov.in/Site/Upload/Government%20Resolutions/English/202112101109449405.pdf,4,502002,GR_DATASET\pdfs\Finance Department\202112101109449405.pdf,Downloaded,2026-07-27 21:18:51
Finance Department,Government Banking permission to Private Banks.,202112101120377305,09-12-2021,209,https://gr.maharashtra.gov.in/Site/Upload/Government%20Resolutions/English/202112101120377305.pdf,3,214487,GR_DATASET\pdfs\Finance Department\202112101120377305.pdf,Downloaded,2026-07-27 21:18:52
Finance Department,Extension to submit life certificate for State Government Pensioner.,202112091157398005,09-12-2021,1842,https://gr.maharashtra.gov.in/Site/Upload/Government%20Resolutions/English/202112091157398005.pdf,3,1886145,GR_DATASET\pdfs\Finance Department\202112091157398005.pdf,Downloaded,2026-07-27 21:18:53
Finance Department,List of Maharashtra State Government Sponsored Lottery schemes Period dt. 06/12/2021 to dt. 12/12/2021.,202112061417422805,03-12-2021,490,https://gr.maharashtra.gov.in/Site/Upload/Government%20Resolutions/English/202112061417422805.pdf,4,501807,GR_DATASET\pdfs\Finance Department\202112061417422805.pdf,Downloaded,2026-07-27 21:18:54
Finance Department,"Promotion to the post of Director of Insurance (Group A) (Gazetted) in the office of the Directorate of Insurance, State of Maharashtra, Mumbai Selection List 2020-21.",202112021238549705,02-12-2021,1102,https://gr.maharashtra.gov.in/Site/Upload/Government%20Resolutions/English/202112021238549705.pdf,2,1127951,GR_DATASET\pdfs\Finance Department\202112021238549705.pdf,Downloaded,2026-07-27 21:18:55
Finance Department,Maharashtra State Lottery- Prize Structure and Procedure of Maharashtra Natal New Year Bumper Draw.,202112031500143605,30-11-2021,587,https://gr.maharashtra.gov.in/Site/Upload/Government%20Resolutions/English/202112031500143605.pdf,7,600620,GR_DATASET\pdfs\Finance Department\202112031500143605.pdf,Downloaded,2026-07-27 21:18:56
Finance Department,List of Maharashtra State Government Sponsored Lottery schemes Period dt. 29/11/2021. to dt. 05/12/2021.,202111301321382105,29-11-2021,436,https://gr.maharashtra.gov.in/Site/Upload/Government%20Resolutions/English/202111301321382105.pdf,4,446484,GR_DATASET\pdfs\Finance Department\202111301321382105.pdf,Downloaded,2026-07-27 21:18:57
Finance Department,Regarding regularization of ad hoc / temporary promotions of Assistant Director cadre of Maharashtra Finance and Accounts Services from the year 2002-03 to 2017-2018.,202112271622149905.....,24-11-2021,5998,https://gr.maharashtra.gov.in/Site/Upload/Government%20Resolutions/English/202112271622149905......pdf,20,6142770,GR_DATASET\pdfs\Finance Department\202112271622149905......pdf,Downloaded,2026-07-27 21:19:01
Finance Department,List of Maharashtra State Government Sponsored Lottery schemes Period dt. 22/11/2021 to dt. 28/11/2021.,202111231550392305,22-11-2021,490,https://gr.maharashtra.gov.in/Site/Upload/Government%20Resolutions/English/202111231550392305.pdf,4,501640,GR_DATASET\pdfs\Finance Department\202111231550392305.pdf,Downloaded,2026-07-27 21:19:02
Finance Department,Undertaking from The Government Servant for Recovery of Excess Payment received by him.,202111221320578305,22-11-2021,1670,https://gr.maharashtra.gov.in/Site/Upload/Government%20Resolutions/English/202111221320578305.pdf,4,1709975,GR_DATASET\pdfs\Finance Department\202111221320578305.pdf,Downloaded,2026-07-27 21:19:03
Finance Department,Implementation of National Pension Scheme benefits payable.,202111181627494605,18-11-2021,656,https://gr.maharashtra.gov.in/Site/Upload/Government%20Resolutions/English/202111181627494605.pdf,3,671719,GR_DATASET\pdfs\Finance Department\202111181627494605.pdf,Downloaded,2026-07-27 21:19:04
Finance Department,Temporary promotion and posting to the post of Assistant Director to the officers of Maharashtra Finance and Accounts Services Accounts Officer cadre.,202111171751593305,17-11-2021,1209,https://gr.maharashtra.gov.in/Site/Upload/Government%20Resolutions/English/202111171751593305.pdf,5,1237994,GR_DATASET\pdfs\Finance Department\202111171751593305.pdf,Downloaded,2026-07-27 21:19:05
Finance Department,Regarding depositing money directly in the bank account of third party through e-Kuber system ......,202111121601583305,12-11-2021,1781,https://gr.maharashtra.gov.in/Site/Upload/Government%20Resolutions/English/202111121601583305.pdf,3,1824130,GR_DATASET\pdfs\Finance Department\202111121601583305.pdf,Downloaded,2026-07-27 21:19:06
Finance Department,List of Maharashtra State Government Sponsored Lottery schemes Period dt. 15/11/2021. to dt. 21/11/2021.,202111151631214005,12-11-2021,1494,https://gr.maharashtra.gov.in/Site/Upload/Government%20Resolutions/English/202111151631214005.pdf,4,1529863,GR_DATASET\pdfs\Finance Department\202111151631214005.pdf,Downloaded,2026-07-27 21:19:07
Finance Department,List of Maharashtra State Government Sponsored Lottery schemes Period dt. 08/11/2021. to dt. 14/11/2021.,202111081659369805,08-11-2021,335,https://gr.maharashtra.gov.in/Site/Upload/Government%20Resolutions/English/202111081659369805.pdf,4,342848,GR_DATASET\pdfs\Finance Department\202111081659369805.pdf,Downloaded,2026-07-27 21:19:08
Finance Department,"Maharashtra State Lottery - Maharashtra Ganeshlaxmi Winter for month of December, 2021 monthly draw prize structure and procedure",202111121145368605,01-11-2021,1336,https://gr.maharashtra.gov.in/Site/Upload/Government%20Resolutions/English/202111121145368605.pdf,2,1367695,GR_DATASET\pdfs\Finance Department\202111121145368605.pdf,Downloaded,2026-07-27 21:19:09
Finance Department,Supplementary Demands 2021-2022 (Dec-2021).,202111011659143605,01-11-2021,204,https://gr.maharashtra.gov.in/Site/Upload/Government%20Resolutions/English/202111011659143605.pdf,11,209021,GR_DATASET\pdfs\Finance Department\202111011659143605.pdf,Downloaded,2026-07-27 21:19:10
Finance Department,List of Maharashtra State Government Sponsored Lottery schemes Period dt. 01/11/2021 to dt. 07/11/2021.,202110291509392005,29-10-2021,380,https://gr.maharashtra.gov.in/Site/Upload/Government%20Resolutions/English/202110291509392005.pdf,4,388887,GR_DATASET\pdfs\Finance Department\202110291509392005.pdf,Downloaded,2026-07-27 21:19:11
Finance Department,Temporary promotion to the post of Director of Maharashtra Finance and Accounts Services Joint Director Cadre.,202110281706021505,28-10-2021,1455,https://gr.maharashtra.gov.in/Site/Upload/Government%20Resolutions/English/202110281706021505.pdf,2,1490093,GR_DATASET\pdfs\Finance Department\202110281706021505.pdf,Downloaded,2026-07-27 21:19:13
Finance Department,"Administrative approval for Replacement and Installation of Lift No. 7, 8 and 9 at GST, Mazgaon",202110291159274905,28-10-2021,1450,https://gr.maharashtra.gov.in/Site/Upload/Government%20Resolutions/English/202110291159274905.pdf,2,1484690,GR_DATASET\pdfs\Finance Department\202110291159274905.pdf,Downloaded,2026-07-27 21:19:15
Finance Department,"Sanction of Government Guarantee of Rs.600 Crores loan taken from Uco Bank, Mumbai from Maharashtra State Co-op. Cotton Growers Marketing Federation at the rate of 6 percent to repay the farmers for the cotton purchased for the season 2020-21",202110261703434805,26-10-2021,1393,https://gr.maharashtra.gov.in/Site/Upload/Government%20Resolutions/English/202110261703434805.pdf,6,1426396,GR_DATASET\pdfs\Finance Department\202110261703434805.pdf,Downloaded,2026-07-27 21:19:16
Finance Department,List of Maharashtra State Government Sponsored Lottery schemes Period dt. 25/10/2021 to dt. 31/10/2021.,202110221444092705,22-10-2021,380,https://gr.maharashtra.gov.in/Site/Upload/Government%20Resolutions/English/202110221444092705.pdf,4,389021,GR_DATASET\pdfs\Finance Department\202110221444092705.pdf,Downloaded,2026-07-27 21:19:17
Finance Department,Maharashtra State Lottery- Maharashtra Diwali Bumper Draw Price Structure and Procedure.,202110211538310005,21-10-2021,235,https://gr.maharashtra.gov.in/Site/Upload/Government%20Resolutions/English/202110211538310005.pdf,3,240791,GR_DATASET\pdfs\Finance Department\202110211538310005.pdf,Downloaded,2026-07-27 21:19:18
Finance Department,"Transferring financial powers regarding commercial fess of the special counsel appointed in the Court matters related to the State Tax Department, in the Hobble Super Court, Honble High Court.",202110211524505305,21-10-2021,134,https://gr.maharashtra.gov.in/Site/Upload/Government%20Resolutions/English/202110211524505305.pdf,2,137047,GR_DATASET\pdfs\Finance Department\202110211524505305.pdf,Downloaded,2026-07-27 21:19:18
Finance Department,About financial measures regarding the impact on the economy during the financial year 2021-22 due to Covid-19.,202110211221113705,21-10-2021,1323,https://gr.maharashtra.gov.in/Site/Upload/Government%20Resolutions/English/202110211221113705.pdf,1,1355044,GR_DATASET\pdfs\Finance Department\202110211221113705.pdf,Downloaded,2026-07-27 21:19:20
Finance Department,"Approval to draw funds available on the budget distribution system for the expansion of new building at Goods and Services Tax Bhavan, Pune.",202110211414297305,20-10-2021,132,https://gr.maharashtra.gov.in/Site/Upload/Government%20Resolutions/English/202110211414297305.pdf,2,135584,GR_DATASET\pdfs\Finance Department\202110211414297305.pdf,Downloaded,2026-07-27 21:19:21
Finance Department,"Approval to draw funds available on the budget distribution system for the work of furniture in the new building at Goods and Services Tax Bhavan, Pune.",202110201454518205,20-10-2021,73,https://gr.maharashtra.gov.in/Site/Upload/Government%20Resolutions/English/202110201454518205.pdf,1,74964,GR_DATASET\pdfs\Finance Department\202110201454518205.pdf,Downloaded,2026-07-27 21:19:21
Finance Department,Prepare and Print Performance Budget 2022-23.,202110181655054405,18-10-2021,105,https://gr.maharashtra.gov.in/Site/Upload/Government%20Resolutions/English/202110181655054405.pdf,5,108018,GR_DATASET\pdfs\Finance Department\202110181655054405.pdf,Downloaded,2026-07-27 21:19:22
Finance Department,About financial measures regarding the impact on the economy during the financial year 2021-22 due to Covid-19.,202110141726492305,14-10-2021,122,https://gr.maharashtra.gov.in/Site/Upload/Government%20Resolutions/English/202110141726492305.pdf,4,124744,GR_DATASET\pdfs\Finance Department\202110141726492305.pdf,Downloaded,2026-07-27 21:19:23
Finance Department,List of Maharashtra State Government Sponsored Lottery schemes Period dt. 18/10/2021. to dt. 24/10/2021.,202110201528520905,14-10-2021,389,https://gr.maharashtra.gov.in/Site/Upload/Government%20Resolutions/English/202110201528520905.pdf,4,398150,GR_DATASET\pdfs\Finance Department\202110201528520905.pdf,Downloaded,2026-07-27 21:19:23
Finance Department,Budget Estimate 2022-23 and Revised Estimate 2021-22.,202110111509425405,11-10-2021,464,https://gr.maharashtra.gov.in/Site/Upload/Government%20Resolutions/English/202110111509425405.pdf,15,475636,GR_DATASET\pdfs\Finance Department\202110111509425405.pdf,Downloaded,2026-07-27 21:19:24
Finance Department,Maharashtra State Lottery Maharashtra Ganeshlaxmi Diwali Special Monthly Draw Prize Structure and procedure.,202110121641502005,08-10-2021,1289,https://gr.maharashtra.gov.in/Site/Upload/Government%20Resolutions/English/202110121641502005.pdf,2,1319993,GR_DATASET\pdfs\Finance Department\202110121641502005.pdf,Downloaded,2026-07-27 21:19:25
Finance Department,Regarding the payment of arrears with intrest in Level-2 of the Sixth Pay Commission to the Officers/Employees applicable to the defined contribution Pension Scheme.,202110081254005305,08-10-2021,1083,https://gr.maharashtra.gov.in/Site/Upload/Government%20Resolutions/English/202110081254005305.pdf,14,1108855,GR_DATASET\pdfs\Finance Department\202110081254005305.pdf,Downloaded,2026-07-27 21:19:27
Finance Department,Guidelines for processing of Partial Withdrawal from NPS Contribution.,202110081441028605,08-10-2021,1194,https://gr.maharashtra.gov.in/Site/Upload/Government%20Resolutions/English/202110081441028605.pdf,4,1222958,GR_DATASET\pdfs\Finance Department\202110081441028605.pdf,Downloaded,2026-07-27 21:19:28
Finance Department,List of Maharashtra State Government Sponsored Lottery schemes Period dt. 11/10/2021 to dt. 17/10/2021.,202110111434023805,08-10-2021,386,https://gr.maharashtra.gov.in/Site/Upload/Government%20Resolutions/English/202110111434023805.pdf,4,395746,GR_DATASET\pdfs\Finance Department\202110111434023805.pdf,Downloaded,2026-07-27 21:19:28
Finance Department,D.A. for State Government Employees.,202110071602270505,07-10-2021,409,https://gr.maharashtra.gov.in/Site/Upload/Government%20Resolutions/English/202110071602270505.pdf,3,419236,GR_DATASET\pdfs\Finance Department\202110071602270505.pdf,Downloaded,2026-07-27 21:19:29
Finance Department,D.A. for State Government Employees (6th Pay),202110071556155005,07-10-2021,475,https://gr.maharashtra.gov.in/Site/Upload/Government%20Resolutions/English/202110071556155005.pdf,3,486163,GR_DATASET\pdfs\Finance Department\202110071556155005.pdf,Downloaded,2026-07-27 21:19:30
Finance Department,D.A. for State Government Employees (6th Pay),202110071607406805,07-10-2021,496,https://gr.maharashtra.gov.in/Site/Upload/Government%20Resolutions/English/202110071607406805.pdf,3,508071,GR_DATASET\pdfs\Finance Department\202110071607406805.pdf,Downloaded,2026-07-27 21:19:31
Finance Department,"Dearness Relief Increase to 28 percent on Pension/Family Pension w.e.f. 1st July, 2021.",202110071648356805,07-10-2021,374,https://gr.maharashtra.gov.in/Site/Upload/Government%20Resolutions/English/202110071648356805.pdf,4,382782,GR_DATASET\pdfs\Finance Department\202110071648356805.pdf,Downloaded,2026-07-27 21:19:32
Finance Department,Dearness Relief Increase to 189 percent for the pension/ family pension being drawn in the pre-revised scale (sixth pay) w.e.f. 1st July 2021.,202110071711208005,07-10-2021,264,https://gr.maharashtra.gov.in/Site/Upload/Government%20Resolutions/English/202110071711208005.pdf,4,270383,GR_DATASET\pdfs\Finance Department\202110071711208005.pdf,Downloaded,2026-07-27 21:19:32
Finance Department,To pay the arrears of Dearness Relief of the period from 1st July 2019 to 30th November 2019 to the pensioners/ Family pensioners.,202110071718469205,07-10-2021,420,https://gr.maharashtra.gov.in/Site/Upload/Government%20Resolutions/English/202110071718469205.pdf,5,430004,GR_DATASET\pdfs\Finance Department\202110071718469205.pdf,Downloaded,2026-07-27 21:19:33
Finance Department,To pay the arrears of Dearness Relief of the period from 1st July 2019 to 30th November 2019 to the pensioners/ Family pensioners in the pre-revised scale.,202110071738211805,07-10-2021,454,https://gr.maharashtra.gov.in/Site/Upload/Government%20Resolutions/English/202110071738211805.pdf,6,465045,GR_DATASET\pdfs\Finance Department\202110071738211805.pdf,Downloaded,2026-07-27 21:19:34
Finance Department,Approval to HDFC Bank for opening bank accounts under Centrally sponsored scheme funding and appropriation management (PFMS).,202110071634385105,07-10-2021,1335,https://gr.maharashtra.gov.in/Site/Upload/Government%20Resolutions/English/202110071634385105.pdf,3,1367460,GR_DATASET\pdfs\Finance Department\202110071634385105.pdf,Downloaded,2026-07-27 21:19:35
Finance Department,D.A. for State Government Employees.,202110071550585405...,07-10-2021,428,https://gr.maharashtra.gov.in/Site/Upload/Government%20Resolutions/English/202110071550585405....pdf,3,438404,GR_DATASET\pdfs\Finance Department\202110071550585405....pdf,Downloaded,2026-07-27 21:19:36
Finance Department,"Government Guarantee for Rajgadh SSK Tal. Bhor Dist. Pune Rs. 10 crores and Sahakar Shiromani Vasantrao Kale SSK, Chandrabhaga Nagar, Tal. Pandharpur, Dist. Solarpur Rs. 18 crores sanction to avail short term loan from Banks for Season 2021-22.",202110041547583505,04-10-2021,250,https://gr.maharashtra.gov.in/Site/Upload/Government%20Resolutions/English/202110041547583505.pdf,8,256040,GR_DATASET\pdfs\Finance Department\202110041547583505.pdf,Downloaded,2026-07-27 21:19:37
Finance Department,Extension to the 5th Bench of Maharashtra sales tax tribunal in order to dispose of the admitted and awaited cases immediately.,202201141309066705,01-10-2021,1378,https://gr.maharashtra.gov.in/Site/Upload/Government%20Resolutions/English/202201141309066705.pdf,2,1411309,GR_DATASET\pdfs\Finance Department\202201141309066705.pdf,Downloaded,2026-07-27 21:19:39
Finance Department,Maharashtra State Lottery - Maharashtra Diwali Bumper Draw Prize Structure and Procedure.,202110071153313805,01-10-2021,1738,https://gr.maharashtra.gov.in/Site/Upload/Government%20Resolutions/English/202110071153313805.pdf,7,1779216,GR_DATASET\pdfs\Finance Department\202110071153313805.pdf,Downloaded,2026-07-27 21:19:40
Finance Department,Extension given for fulfilment of errors of NPS.,202110011651479305,01-10-2021,137,https://gr.maharashtra.gov.in/Site/Upload/Government%20Resolutions/English/202110011651479305.pdf,2,140611,GR_DATASET\pdfs\Finance Department\202110011651479305.pdf,Downloaded,2026-07-27 21:19:41
Finance Department,List of Maharashtra State Government Sponsored Lottery schemes Period dt. 04/10/2021. to dt. 10/10/2021.,202110041510011005,01-10-2021,389,https://gr.maharashtra.gov.in/Site/Upload/Government%20Resolutions/English/202110041510011005.pdf,4,397962,GR_DATASET\pdfs\Finance Department\202110041510011005.pdf,Downloaded,2026-07-27 21:19:42
Finance Department,Regarding spending of unspent funds out of grants distributed by the government,202109241252136605,24-09-2021,1534,https://gr.maharashtra.gov.in/Site/Upload/Government%20Resolutions/English/202109241252136605.pdf,3,1570629,GR_DATASET\pdfs\Finance Department\202109241252136605.pdf,Downloaded,2026-07-27 21:19:43
Finance Department,List of Maharashtra State Government Sponsored Lottery schemes Period dt. 27/09/2021 to dt. 03/10/2021.,202109291625380205,24-09-2021,379,https://gr.maharashtra.gov.in/Site/Upload/Government%20Resolutions/English/202109291625380205.pdf,4,388386,GR_DATASET\pdfs\Finance Department\202109291625380205.pdf,Downloaded,2026-07-27 21:19:43
Finance Department,"Sanction of loan of Rs.82.6468 from NABARD for construction of 13 Godowns of Food, Civil Supplies and Consumer Protection Department under RIDF-XXVII",202109231241116905,23-09-2021,155,https://gr.maharashtra.gov.in/Site/Upload/Government%20Resolutions/English/202109231241116905.pdf,4,158291,GR_DATASET\pdfs\Finance Department\202109231241116905.pdf,Downloaded,2026-07-27 21:19:44
Finance Department,List of Maharashtra State Government Sponsored Lottery schemes Period dt. 20/09/2021 to dt. 26/09/2021.,202109231148321105,22-09-2021,387,https://gr.maharashtra.gov.in/Site/Upload/Government%20Resolutions/English/202109231148321105.pdf,4,395777,GR_DATASET\pdfs\Finance Department\202109231148321105.pdf,Downloaded,2026-07-27 21:19:45
Finance Department,Interest rate for the year 2020-2021 (On Capital account expenditure of Irrigation and Soil Conservation).,202109201714262905,20-09-2021,135,https://gr.maharashtra.gov.in/Site/Upload/Government%20Resolutions/English/202109201714262905.pdf,2,138733,GR_DATASET\pdfs\Finance Department\202109201714262905.pdf,Downloaded,2026-07-27 21:19:45
Finance Department,Maharashtra State Lottery- Maharashtra Ganeshlaxmi Dasara Special Monthly Draw Price Structure and Procedure.,202109221243009905,15-09-2021,365,https://gr.maharashtra.gov.in/Site/Upload/Government%20Resolutions/English/202109221243009905.pdf,2,373435,GR_DATASET\pdfs\Finance Department\202109221243009905.pdf,Downloaded,2026-07-27 21:19:46
Finance Department,Maharashtra State Lottery- Maharashtra Dasara Bumper Draw Price Structure and Procedure.,202109221249361305,15-09-2021,531,https://gr.maharashtra.gov.in/Site/Upload/Government%20Resolutions/English/202109221249361305.pdf,7,543941,GR_DATASET\pdfs\Finance Department\202109221249361305.pdf,Downloaded,2026-07-27 21:19:47
Finance Department,Revised instructions to be given to administrative departments for opening bank accounts in connection with fund distribution and appropriation management of centrally sponsored schemes.,202109151442295405,15-09-2021,1145,https://gr.maharashtra.gov.in/Site/Upload/Government%20Resolutions/English/202109151442295405.pdf,3,1172823,GR_DATASET\pdfs\Finance Department\202109151442295405.pdf,Downloaded,2026-07-27 21:19:48
Finance Department,List of Maharashtra State Government Sponsored Lottery schemes Period dt. 13/09/2021. to dt. 19/09/2021.,202109201514201205,09-09-2021,1769,https://gr.maharashtra.gov.in/Site/Upload/Government%20Resolutions/English/202109201514201205.pdf,4,1811472,GR_DATASET\pdfs\Finance Department\202109201514201205.pdf,Downloaded,2026-07-27 21:19:49
Finance Department,Maharashtra Civil Service (Revised Pay) 2009 Extension to pay verification unit for pay verification.,202109031221081505,03-09-2021,1205,https://gr.maharashtra.gov.in/Site/Upload/Government%20Resolutions/English/202109031221081505.pdf,2,1234065,GR_DATASET\pdfs\Finance Department\202109031221081505.pdf,Downloaded,2026-07-27 21:19:50
Finance Department,List of Maharashtra State Government Sponsored Lottery schemes Period dt. 06/09/2021. to dt. 12/09/2021.,202109081316152005,03-09-2021,1848,https://gr.maharashtra.gov.in/Site/Upload/Government%20Resolutions/English/202109081316152005.pdf,4,1891856,GR_DATASET\pdfs\Finance Department\202109081316152005.pdf,Downloaded,2026-07-27 21:19:52
Finance Department,Regarding applicability of Training Allowance to Trainers in Training Institute.,202109021608397205,02-09-2021,553,https://gr.maharashtra.gov.in/Site/Upload/Government%20Resolutions/English/202109021608397205.pdf,2,565865,GR_DATASET\pdfs\Finance Department\202109021608397205.pdf,Downloaded,2026-07-27 21:19:53
Finance Department,Procedure to be followed for recovery as well as return of Contributions to National Pension Scheme Holders in case of Compulsory Retirement / Dismissal of service/ Removal from Service.,202109011138158305,01-09-2021,147,https://gr.maharashtra.gov.in/Site/Upload/Government%20Resolutions/English/202109011138158305.pdf,3,150448,GR_DATASET\pdfs\Finance Department\202109011138158305.pdf,Downloaded,2026-07-27 21:19:53
Finance Department,List of Maharashtra State Government Sponsored Lottery schemes Period dt. 30/08/2021. to dt. 05/09/2021.,202108271431026305,27-08-2021,1865,https://gr.maharashtra.gov.in/Site/Upload/Government%20Resolutions/English/202108271431026305.pdf,4,1909307,GR_DATASET\pdfs\Finance Department\202108271431026305.pdf,Downloaded,2026-07-27 21:19:56
Finance Department,Sanction of Government Guarantee to Maharashtra Rail Infrastructure Development Corporation (MRIDC) to avail loan of Rs.420 Crore from financial institution for the project of conversion of Nagpur-Nagbheed Narrow gauge to B road gauge.,202108241245036805,24-08-2021,202,https://gr.maharashtra.gov.in/Site/Upload/Government%20Resolutions/English/202108241245036805.pdf,7,206475,GR_DATASET\pdfs\Finance Department\202108241245036805.pdf,Downloaded,2026-07-27 21:19:56
Finance Department,Extension for 13 temporary posts of Maharashtra Sales Tax Tribunal Mumbai.,202108241217462405,23-08-2021,1643,https://gr.maharashtra.gov.in/Site/Upload/Government%20Resolutions/English/202108241217462405.pdf,3,1682432,GR_DATASET\pdfs\Finance Department\202108241217462405.pdf,Downloaded,2026-07-27 21:19:58
Finance Department,Extension for 1704 posts and other cadre for 585 temporary posts of Goods and Services Tax (previous Sales Tax Department) Department.,202108241221445705,23-08-2021,1644,https://gr.maharashtra.gov.in/Site/Upload/Government%20Resolutions/English/202108241221445705.pdf,3,1683296,GR_DATASET\pdfs\Finance Department\202108241221445705.pdf,Downloaded,2026-07-27 21:19:59
Finance Department,Extension for 264 posts created under restructuring of Sales Tax Department for Mumbai Sales Tax Act.,202108241222283305,23-08-2021,1643,https://gr.maharashtra.gov.in/Site/Upload/Government%20Resolutions/English/202108241222283305.pdf,3,1682671,GR_DATASET\pdfs\Finance Department\202108241222283305.pdf,Downloaded,2026-07-27 21:20:01
Finance Department,List of Maharashtra State Government Sponsored Lottery schemes Period dt. 23/08/2021. to dt. 29/08/2021.List of Maharashtra State Government Sponsored Lottery schemes Period dt. 23/08/2021. to dt. 29/08/2021.,202108231525318905,20-08-2021,1887,https://gr.maharashtra.gov.in/Site/Upload/Government%20Resolutions/English/202108231525318905.pdf,4,1932191,GR_DATASET\pdfs\Finance Department\202108231525318905.pdf,Downloaded,2026-07-27 21:20:02
Finance Department,"Instructions to make necessary budgetary provisions by the administrative departments for the reimbursement if any, of guarantee fee for guarantee given to the loan taken by State owned public undertakings / corporations / federations.",202108181616208005,18-08-2021,1649,https://gr.maharashtra.gov.in/Site/Upload/Government%20Resolutions/English/202108181616208005.pdf,1,1688403,GR_DATASET\pdfs\Finance Department\202108181616208005.pdf,Downloaded,2026-07-27 21:20:03
Finance Department,List of Maharashtra State Government Sponsored Lottery schemes Period dt. 16/08/2021 to dt. 22/08/2021.,202108181116075805,13-08-2021,2096,https://gr.maharashtra.gov.in/Site/Upload/Government%20Resolutions/English/202108181116075805.pdf,4,2146050,GR_DATASET\pdfs\Finance Department\202108181116075805.pdf,Downloaded,2026-07-27 21:20:05
Finance Department,Delegation of powers to the Administrative Departments for extending continuation to the temporary posts.,202108111243385605,10-08-2021,1676,https://gr.maharashtra.gov.in/Site/Upload/Government%20Resolutions/English/202108111243385605.pdf,3,1716147,GR_DATASET\pdfs\Finance Department\202108111243385605.pdf,Downloaded,2026-07-27 21:20:06
Finance Department,Maharashtra State Lottery - Maharashtra Ganeshlaxmi Ganpati special monthly draw prize structure and procedure,202108171522112805,10-08-2021,1812,https://gr.maharashtra.gov.in/Site/Upload/Government%20Resolutions/English/202108171522112805.pdf,2,1855387,GR_DATASET\pdfs\Finance Department\202108171522112805.pdf,Downloaded,2026-07-27 21:20:07
Finance Department,Maharashtra State Lottery Maharashtra Ganpati Bumper Draw prize structure and procedures.,202108171526066105,10-08-2021,2093,https://gr.maharashtra.gov.in/Site/Upload/Government%20Resolutions/English/202108171526066105.pdf,7,2143132,GR_DATASET\pdfs\Finance Department\202108171526066105.pdf,Downloaded,2026-07-27 21:20:08
Finance Department,Maharashtra Sales Tax Tribunal Extension for Mumbai Bench.,202108091458010405,09-08-2021,1669,https://gr.maharashtra.gov.in/Site/Upload/Government%20Resolutions/English/202108091458010405.pdf,2,1708923,GR_DATASET\pdfs\Finance Department\202108091458010405.pdf,Downloaded,2026-07-27 21:20:09
Finance Department,List of Maharashtra State Government Sponsored Lottery schemes Period dt. 09/08/2021 to dt. 14/08/2021.,202108181124187005,06-08-2021,1975,https://gr.maharashtra.gov.in/Site/Upload/Government%20Resolutions/English/202108181124187005.pdf,4,2022181,GR_DATASET\pdfs\Finance Department\202108181124187005.pdf,Downloaded,2026-07-27 21:20:10
Finance Department,"Extension to Government Guarantee given to Maharashtra State Cooperative Cotton Growers Marketing Federation to avail loan of Rs.1800 Crore from Bank of India, Mumbai.",202108041150237605,04-08-2021,147,https://gr.maharashtra.gov.in/Site/Upload/Government%20Resolutions/English/202108041150237605.pdf,3,150041,GR_DATASET\pdfs\Finance Department\202108041150237605.pdf,Downloaded,2026-07-27 21:20:11
Finance Department,Criteria for making applicable the revised pay scale to state public undertakings as per recommendation of Seventh Pay Commission.,202108041510112705,04-08-2021,1883,https://gr.maharashtra.gov.in/Site/Upload/Government%20Resolutions/English/202108041510112705.pdf,4,1928485,GR_DATASET\pdfs\Finance Department\202108041510112705.pdf,Downloaded,2026-07-27 21:20:14
Finance Department,Fulfillment of errors of National Pension Scheme.,202108021508155105,02-08-2021,137,https://gr.maharashtra.gov.in/Site/Upload/Government%20Resolutions/English/202108021508155105.pdf,2,140325,GR_DATASET\pdfs\Finance Department\202108021508155105.pdf,Downloaded,2026-07-27 21:20:14
Finance Department,About financial measures regarding the impact on the economy during the financial year 2021-22 due to Covid-19.,202107301758497005,30-07-2021,321,https://gr.maharashtra.gov.in/Site/Upload/Government%20Resolutions/English/202107301758497005.pdf,3,328573,GR_DATASET\pdfs\Finance Department\202107301758497005.pdf,Downloaded,2026-07-27 21:20:15
Finance Department,List of Maharashtra State Government Sponsored Lottery schemes Period dt. 01/08/2021. to dt. 08/08/2021.,202108051636576105,30-07-2021,379,https://gr.maharashtra.gov.in/Site/Upload/Government%20Resolutions/English/202108051636576105.pdf,4,388440,GR_DATASET\pdfs\Finance Department\202108051636576105.pdf,Downloaded,2026-07-27 21:20:16
Finance Department,About financial measures regarding the impact on the economy during the financial year 2021-22 due to Covid-19.,202107291747482305,29-07-2021,136,https://gr.maharashtra.gov.in/Site/Upload/Government%20Resolutions/English/202107291747482305.pdf,2,139690,GR_DATASET\pdfs\Finance Department\202107291747482305.pdf,Downloaded,2026-07-27 21:20:17
Finance Department,Maharashtra State Lottery- Maharashtra Ganeshlaxmi Raksha Bandhan Monthly Draw Price Structure and Procedures.,202107271600557105,22-07-2021,291,https://gr.maharashtra.gov.in/Site/Upload/Government%20Resolutions/English/202107271600557105.pdf,2,297664,GR_DATASET\pdfs\Finance Department\202107271600557105.pdf,Downloaded,2026-07-27 21:20:18
Finance Department,Supplementary Statement of Expenditure 2021-22.,202107201302464605,20-07-2021,1824,https://gr.maharashtra.gov.in/Site/Upload/Government%20Resolutions/English/202107201302464605.pdf,2,1868179,GR_DATASET\pdfs\Finance Department\202107201302464605.pdf,Downloaded,2026-07-27 21:20:19
Finance Department,"Cancellation of - Third Benefit In The Pay Structure of Executive Engineer, which was granted By Misinterpretation",202107191504443605,19-07-2021,215,https://gr.maharashtra.gov.in/Site/Upload/Government%20Resolutions/English/202107191504443605.pdf,3,220629,GR_DATASET\pdfs\Finance Department\202107191504443605.pdf,Downloaded,2026-07-27 21:20:20
Finance Department,"Final seniority list showing the status of Maharashtra Finance and Accounts Service Group B (Gazetted) Accounts Officers on 1.1.2017, 1.1.2018, 1.1.2019 and 1.1.2020.",202107191519434605....,19-07-2021,3030,https://gr.maharashtra.gov.in/Site/Upload/Government%20Resolutions/English/202107191519434605.....pdf,389,3103343,GR_DATASET\pdfs\Finance Department\202107191519434605.....pdf,Downloaded,2026-07-27 21:20:24
Finance Department,Renewal of Medical Reimbursement of Group Insurance Scheme for State Working/ Retired Employees and All India Services Officers.,202107161244247305,16-07-2021,595,https://gr.maharashtra.gov.in/Site/Upload/Government%20Resolutions/English/202107161244247305.pdf,8,609041,GR_DATASET\pdfs\Finance Department\202107161244247305.pdf,Downloaded,2026-07-27 21:20:25
Finance Department,"Maharashtra Civil Services (Revised Pay) Rules, 2019 (Amendment No.18).",202107121509448105,12-07-2021,1041,https://gr.maharashtra.gov.in/Site/Upload/Government%20Resolutions/English/202107121509448105.pdf,2,1065587,GR_DATASET\pdfs\Finance Department\202107121509448105.pdf,Downloaded,2026-07-27 21:20:26
Finance Department,"To give the benefit of revised commutation of pension as per Seventh Pay Commission to the pensioners who retired from service between 1st January, 2016 to 31st December, 2018.",202107121613550605,12-07-2021,1234,https://gr.maharashtra.gov.in/Site/Upload/Government%20Resolutions/English/202107121613550605.pdf,6,1263412,GR_DATASET\pdfs\Finance Department\202107121613550605.pdf,Downloaded,2026-07-27 21:20:27
Finance Department,Maharashtra Sales Tax Tribunal Extension for Pune Bench.,202107091443233605,09-07-2021,135,https://gr.maharashtra.gov.in/Site/Upload/Government%20Resolutions/English/202107091443233605.pdf,2,138336,GR_DATASET\pdfs\Finance Department\202107091443233605.pdf,Downloaded,2026-07-27 21:20:28
Finance Department,Administrative approval to Nagpur Regional Office of Directorate of Insurance for Hiring Services of Chartered Accountant for work regarding Goods and Services Tax.,202107081549292405,08-07-2021,1844,https://gr.maharashtra.gov.in/Site/Upload/Government%20Resolutions/English/202107081549292405.pdf,2,1888223,GR_DATASET\pdfs\Finance Department\202107081549292405.pdf,Downloaded,2026-07-27 21:20:30
Finance Department,"As per the Rights of Persons with Disabilities Act, 2016, to ensure posts in the Government Service for persons with disabilities for Hamal post in Group-D category in the Goods and Services Tax Department",202107051557360405,05-07-2021,207,https://gr.maharashtra.gov.in/Site/Upload/Government%20Resolutions/English/202107051557360405.pdf,2,211849,GR_DATASET\pdfs\Finance Department\202107051557360405.pdf,Downloaded,2026-07-27 21:20:30
Finance Department,"Comprehensive five year final seniority list of officers of Maharashtra Finance and Accounts Services Joint Director (Group A) cadre dated 1.1.2016 and final showing the status of dated 1.1.2017, dated 1.1.2018, dated 1.1.2019 and dated 1.1.2020 Seniority list.",202107021224114505,02-07-2021,552,https://gr.maharashtra.gov.in/Site/Upload/Government%20Resolutions/English/202107021224114505.pdf,46,565555,GR_DATASET\pdfs\Finance Department\202107021224114505.pdf,Downloaded,2026-07-27 21:20:31
Finance Department,Revised procedure for release and utilization of funds (PFMS) under the Centrally Sponsored Scheme (CSS).,202107011459371605,01-07-2021,2664,https://gr.maharashtra.gov.in/Site/Upload/Government%20Resolutions/English/202107011459371605.pdf,10,2728297,GR_DATASET\pdfs\Finance Department\202107011459371605.pdf,Downloaded,2026-07-27 21:20:33
Finance Department,Payment of arrears of second installment of 7th pay commission.,202106301707286705,30-06-2021,684,https://gr.maharashtra.gov.in/Site/Upload/Government%20Resolutions/English/202106301707286705.pdf,5,700005,GR_DATASET\pdfs\Finance Department\202106301707286705.pdf,Downloaded,2026-07-27 21:20:34
Finance Department,Sanction of Government Guarantee to MSEDCL to avail loan of Rs. 2800 Cr. from Financial Institutions for HVDS,202106241437384705,24-06-2021,149,https://gr.maharashtra.gov.in/Site/Upload/Government%20Resolutions/English/202106241437384705.pdf,3,152308,GR_DATASET\pdfs\Finance Department\202106241437384705.pdf,Downloaded,2026-07-27 21:20:35
Finance Department,Regarding the financial impact of the Contagious Disease of Covid-19 in the financial year 2021-22.,202106241709277205...,24-06-2021,669,https://gr.maharashtra.gov.in/Site/Upload/Government%20Resolutions/English/202106241709277205....pdf,8,685582,GR_DATASET\pdfs\Finance Department\202106241709277205....pdf,Downloaded,2026-07-27 21:20:36
Finance Department,"To identify posts suitable for disabled according Disability Person Act, 2016 for Group A to Group D.",202106181501444605,18-06-2021,162,https://gr.maharashtra.gov.in/Site/Upload/Government%20Resolutions/English/202106181501444605.pdf,7,166137,GR_DATASET\pdfs\Finance Department\202106181501444605.pdf,Downloaded,2026-07-27 21:20:36
Finance Department,List of Maharashtra State Government Sponsored Lottery schemes Period dt. 19/06/2021. to dt. 27/06/2021.,202106181516329505,18-06-2021,332,https://gr.maharashtra.gov.in/Site/Upload/Government%20Resolutions/English/202106181516329505.pdf,4,339555,GR_DATASET\pdfs\Finance Department\202106181516329505.pdf,Downloaded,2026-07-27 21:20:37
Finance Department,"Final seniority list showing the status of Maharashtra Finance and Accounts Service Group B (Gazetted) Accounts Officers on 1.1.2017, 1.1.2018, 1.1.2019 and 1.1.2020.",202106161134500305,16-06-2021,2165,https://gr.maharashtra.gov.in/Site/Upload/Government%20Resolutions/English/202106161134500305.pdf,269,2217067,GR_DATASET\pdfs\Finance Department\202106161134500305.pdf,Downloaded,2026-07-27 21:20:38
Finance Department,Supplementary demands for 2021-22 (July 2021),202106141747077605,14-06-2021,203,https://gr.maharashtra.gov.in/Site/Upload/Government%20Resolutions/English/202106141747077605.pdf,11,207472,GR_DATASET\pdfs\Finance Department\202106141747077605.pdf,Downloaded,2026-07-27 21:20:39
Finance Department,"Transferring financial powers regarding commercial fess of the special counsel appointed in the Court matters related to the State Tax Department, in the Hobble Super Court, Honble High Court.",202106081239426405,08-06-2021,139,https://gr.maharashtra.gov.in/Site/Upload/Government%20Resolutions/English/202106081239426405.pdf,2,142122,GR_DATASET\pdfs\Finance Department\202106081239426405.pdf,Downloaded,2026-07-27 21:20:40
Finance Department,Extension for fulfillment of Errors of National Pension Scheme.,202106011627049705,01-06-2021,808,https://gr.maharashtra.gov.in/Site/Upload/Government%20Resolutions/English/202106011627049705.pdf,2,826912,GR_DATASET\pdfs\Finance Department\202106011627049705.pdf,Downloaded,2026-07-27 21:20:41
Finance Department,"Extension to Government Guarantee given to Maharashtra State Cooperative Cotton Growers Marketing Federation to avail loan of Rs.1800 Crore from Bank of India, Mumbai.",202105271645083605,27-05-2021,145,https://gr.maharashtra.gov.in/Site/Upload/Government%20Resolutions/English/202105271645083605.pdf,3,148675,GR_DATASET\pdfs\Finance Department\202105271645083605.pdf,Downloaded,2026-07-27 21:20:42
Finance Department,Regarding the appointment of 5 Retired Officers/Employees on contract basis for the Mumbai Pay Verification Squad under the Directorate to verify the pay fixation of the 7th Pay Commission for the Officers/Employees who retired between 01/01/2016 to 31/12/2018.,202105251621530105,25-05-2021,942,https://gr.maharashtra.gov.in/Site/Upload/Government%20Resolutions/English/202105251621530105.pdf,2,964320,GR_DATASET\pdfs\Finance Department\202105251621530105.pdf,Downloaded,2026-07-27 21:20:43
Finance Department,"Temporary seniority list showing the status of officers in the category of Maharashtra Finance and Accounts Services Joint Director (Group A) on 1.1.2017, 1.1.2018, 1.1.2019 and 1.1.2020.",202105241608126805,24-05-2021,605,https://gr.maharashtra.gov.in/Site/Upload/Government%20Resolutions/English/202105241608126805.pdf,8,619526,GR_DATASET\pdfs\Finance Department\202105241608126805.pdf,Downloaded,2026-07-27 21:20:44
Finance Department,Interest rate for the year 2019-20 (On Capital account expenditure of Irrigation and Soil Conservation).,202105211445463905,21-05-2021,792,https://gr.maharashtra.gov.in/Site/Upload/Government%20Resolutions/English/202105211445463905.pdf,2,811002,GR_DATASET\pdfs\Finance Department\202105211445463905.pdf,Downloaded,2026-07-27 21:20:45
Finance Department,Final Seniority List showing the status of Maharashtra Finance and Account Service Group B (Gazetted) Accounts Officers as on 01/01/2016.,202105211537082205,21-05-2021,912,https://gr.maharashtra.gov.in/Site/Upload/Government%20Resolutions/English/202105211537082205.pdf,88,933715,GR_DATASET\pdfs\Finance Department\202105211537082205.pdf,Downloaded,2026-07-27 21:20:46
Finance Department,Government Banking permission to Private Banks.,202105201700161005....,20-05-2021,982,https://gr.maharashtra.gov.in/Site/Upload/Government%20Resolutions/English/202105201700161005.....pdf,5,1006313,GR_DATASET\pdfs\Finance Department\202105201700161005.....pdf,Downloaded,2026-07-27 21:20:47
Finance Department,Regarding Insurance Cover/Ex-gratia assistance to employees in case of death on account of Covid during course of Covid related duties - Extension.,202105141244046005,14-05-2021,134,https://gr.maharashtra.gov.in/Site/Upload/Government%20Resolutions/English/202105141244046005.pdf,2,137555,GR_DATASET\pdfs\Finance Department\202105141244046005.pdf,Downloaded,2026-07-27 21:20:48
Finance Department,Comprehensive 5 year provisional seniority list showing the status of Maharashtra Finance and Account Services Joint Director (Group A) cadre as on 01.01.2016.,202105071305249405,07-05-2021,130,https://gr.maharashtra.gov.in/Site/Upload/Government%20Resolutions/English/202105071305249405.pdf,1,133140,GR_DATASET\pdfs\Finance Department\202105071305249405.pdf,Downloaded,2026-07-27 21:20:49
Finance Department,As a special case delegating the right of sanctioning provisional pension/family pension to the Head of Department.,202105071522309005,07-05-2021,311,https://gr.maharashtra.gov.in/Site/Upload/Government%20Resolutions/English/202105071522309005.pdf,3,318668,GR_DATASET\pdfs\Finance Department\202105071522309005.pdf,Downloaded,2026-07-27 21:20:49
Finance Department,Comprehensive 5 year provisional seniority list showing the status of Maharashtra Finance and Account Services Joint Director (Group A) cadre as on 01.01.2016.,202105051611119805,05-05-2021,170,https://gr.maharashtra.gov.in/Site/Upload/Government%20Resolutions/English/202105051611119805.pdf,8,174151,GR_DATASET\pdfs\Finance Department\202105051611119805.pdf,Downloaded,2026-07-27 21:20:50
Finance Department,"M.C.S. (R.P.) Rule, 2019 Amendment No. 17.",202104301153314805,30-04-2021,888,https://gr.maharashtra.gov.in/Site/Upload/Government%20Resolutions/English/202104301153314805.pdf,2,909800,GR_DATASET\pdfs\Finance Department\202104301153314805.pdf,Downloaded,2026-07-27 21:20:51
Finance Department,"Maharashtra Civil Services (Revised Pay) Rules, 2019.",202104231505028605,23-04-2021,136,https://gr.maharashtra.gov.in/Site/Upload/Government%20Resolutions/English/202104231505028605.pdf,2,139089,GR_DATASET\pdfs\Finance Department\202104231505028605.pdf,Downloaded,2026-07-27 21:20:52
Finance Department,Final Seniority list showing the Status of Maharashtra Finance and Account service Group B (Gazetted) Accounts Officers as on 01.01.2015.,202104201240109705,20-04-2021,1503,https://gr.maharashtra.gov.in/Site/Upload/Government%20Resolutions/English/202104201240109705.pdf,92,1538918,GR_DATASET\pdfs\Finance Department\202104201240109705.pdf,Downloaded,2026-07-27 21:20:53
Finance Department,"To identify suitable posts on Group D for persons with benchmark disabilities in Planning Department (Proper) as per Persons with Disabilities Act, 2016",202104201559341305,20-04-2021,149,https://gr.maharashtra.gov.in/Site/Upload/Government%20Resolutions/English/202104201559341305.pdf,3,152596,GR_DATASET\pdfs\Finance Department\202104201559341305.pdf,Downloaded,2026-07-27 21:20:53
Finance Department,"Creation of notional post of Technical Assistant, Group C (Non-Gazetted) on the establishment of Directorate of Insurance and filling there on contractual basis.",202104091456267105,09-04-2021,2080,https://gr.maharashtra.gov.in/Site/Upload/Government%20Resolutions/English/202104091456267105.pdf,3,2130420,GR_DATASET\pdfs\Finance Department\202104091456267105.pdf,Downloaded,2026-07-27 21:20:55
Finance Department,Reg. Final disbursement of GPF and GIS to employees serving on supernumerary posts as per govt. resolution dt.21.12.2019,202104081206195905,08-04-2021,132,https://gr.maharashtra.gov.in/Site/Upload/Government%20Resolutions/English/202104081206195905.pdf,2,135511,GR_DATASET\pdfs\Finance Department\202104081206195905.pdf,Downloaded,2026-07-27 21:20:55
Finance Department,Direct deposit in the bank account of the D.D.O. through the CMP System.,202104071518328705,07-04-2021,881,https://gr.maharashtra.gov.in/Site/Upload/Government%20Resolutions/English/202104071518328705.pdf,4,902340,GR_DATASET\pdfs\Finance Department\202104071518328705.pdf,Downloaded,2026-07-27 21:20:56
Finance Department,"Maharashtra Appropriation Act, 2021 - Disbursement of funds ... (temporary arrangement)",202104061715308005,06-04-2021,142,https://gr.maharashtra.gov.in/Site/Upload/Government%20Resolutions/English/202104061715308005.pdf,2,145323,GR_DATASET\pdfs\Finance Department\202104061715308005.pdf,Downloaded,2026-07-27 21:20:57
Finance Department,List of Maharashtra State Government Sponsored Lottery schemes Period dt. 05/04/2021. to dt. 11/04/2021.,202104011715374005,01-04-2021,297,https://gr.maharashtra.gov.in/Site/Upload/Government%20Resolutions/English/202104011715374005.pdf,4,304283,GR_DATASET\pdfs\Finance Department\202104011715374005.pdf,Downloaded,2026-07-27 21:20:58
Finance Department,"MCS (Revised) Rule, 1998 Amendment No. 136.",202103311452424505,31-03-2021,809,https://gr.maharashtra.gov.in/Site/Upload/Government%20Resolutions/English/202103311452424505.pdf,2,828220,GR_DATASET\pdfs\Finance Department\202103311452424505.pdf,Downloaded,2026-07-27 21:20:59
Finance Department,"MCS (Revised) Rule, 2009 Amendment No. 104.",202103311501545005,31-03-2021,814,https://gr.maharashtra.gov.in/Site/Upload/Government%20Resolutions/English/202103311501545005.pdf,2,833930,GR_DATASET\pdfs\Finance Department\202103311501545005.pdf,Downloaded,2026-07-27 21:21:01
Finance Department,"Sanction of loan of Rs.19.2956 from NABARD for construction of 12 Godowns of Food, Civil Supplies and Consumer Protection Department under RIDF-XXVI.",202103301526575505,30-03-2021,155,https://gr.maharashtra.gov.in/Site/Upload/Government%20Resolutions/English/202103301526575505.pdf,4,158441,GR_DATASET\pdfs\Finance Department\202103301526575505.pdf,Downloaded,2026-07-27 21:21:01
Finance Department,List of Maharashtra State Government Sponsored Lottery schemes Period dt. 15/03/2021. to dt. 21/03/2021.,202104011712150405,26-03-2021,297,https://gr.maharashtra.gov.in/Site/Upload/Government%20Resolutions/English/202104011712150405.pdf,4,304529,GR_DATASET\pdfs\Finance Department\202104011712150405.pdf,Downloaded,2026-07-27 21:21:02
Finance Department,"Regarding partial change in the promotion order to the post of Assistant Accounts Officers, Group B Maharashtra Finance and Account Service, to the post of Account Officers.",202103251552135905,25-03-2021,765,https://gr.maharashtra.gov.in/Site/Upload/Government%20Resolutions/English/202103251552135905.pdf,3,783285,GR_DATASET\pdfs\Finance Department\202103251552135905.pdf,Downloaded,2026-07-27 21:21:04
Finance Department,Maharashtra State Lottery Maharashtra Day Bumper Draw prize structure and procedure.,202104081540247205,25-03-2021,530,https://gr.maharashtra.gov.in/Site/Upload/Government%20Resolutions/English/202104081540247205.pdf,7,542509,GR_DATASET\pdfs\Finance Department\202104081540247205.pdf,Downloaded,2026-07-27 21:21:05
Finance Department,Maharashtra State Lottery Maharashtra Ganeshlaxmi Akshaya tritiya Monthly Draw prize structure and procedure.,202104081544376605,25-03-2021,226,https://gr.maharashtra.gov.in/Site/Upload/Government%20Resolutions/English/202104081544376605.pdf,2,231618,GR_DATASET\pdfs\Finance Department\202104081544376605.pdf,Downloaded,2026-07-27 21:21:06
Finance Department,"Regarding partial change in the promotion order to the post of Assistant Accounts Officers, Group B Maharashtra Finance and Account Service, to the post of Account Officers.",202103251601559005,23-03-2021,821,https://gr.maharashtra.gov.in/Site/Upload/Government%20Resolutions/English/202103251601559005.pdf,3,841031,GR_DATASET\pdfs\Finance Department\202103251601559005.pdf,Downloaded,2026-07-27 21:21:07
Finance Department,"Maharashtra Civil Services (R.P.) Rules,2019-Amendment No.14",202103231248026505,23-03-2021,343,https://gr.maharashtra.gov.in/Site/Upload/Government%20Resolutions/English/202103231248026505.pdf,2,351066,GR_DATASET\pdfs\Finance Department\202103231248026505.pdf,Downloaded,2026-07-27 21:21:08
Finance Department,"Maharashtra Civil Services (R.P.) Rules,2009-Amendment No.103",202103231253255205,23-03-2021,205,https://gr.maharashtra.gov.in/Site/Upload/Government%20Resolutions/English/202103231253255205.pdf,2,209567,GR_DATASET\pdfs\Finance Department\202103231253255205.pdf,Downloaded,2026-07-27 21:21:09
Finance Department,"Maharashtra Civil Services (R.P.) Rules,2019-Amendment No.15",202103231258370405,23-03-2021,212,https://gr.maharashtra.gov.in/Site/Upload/Government%20Resolutions/English/202103231258370405.pdf,2,217103,GR_DATASET\pdfs\Finance Department\202103231258370405.pdf,Downloaded,2026-07-27 21:21:09
Finance Department,Acceptance of loan of Rs.651.4124 Crore sanctioned by NABARD for the 411 projects (44 roads and 367 bridges ) of Public Works Department under RIDF-XXVI,202103221418483105,22-03-2021,155,https://gr.maharashtra.gov.in/Site/Upload/Government%20Resolutions/English/202103221418483105.pdf,4,158559,GR_DATASET\pdfs\Finance Department\202103221418483105.pdf,Downloaded,2026-07-27 21:21:10
Finance Department,List of Maharashtra State Government Sponsored Lottery schemes Period dt. 22/03/2021. to dt. 28/03/2021.,202103191221388705,19-03-2021,588,https://gr.maharashtra.gov.in/Site/Upload/Government%20Resolutions/English/202103191221388705.pdf,4,602081,GR_DATASET\pdfs\Finance Department\202103191221388705.pdf,Downloaded,2026-07-27 21:21:11
Finance Department,"The state Government GIS 1982 Calculated Charts of Benefits From savings fund for the period from 1st January, 2021 to 31st Desember,2021",202103191552312605,19-03-2021,175,https://gr.maharashtra.gov.in/Site/Upload/Government%20Resolutions/English/202103191552312605.pdf,5,178707,GR_DATASET\pdfs\Finance Department\202103191552312605.pdf,Downloaded,2026-07-27 21:21:12
Finance Department,Procedure of Work to be fallow by All Administrative Department P.A.O. Treasury/Sub Treasury for the end of financial year 2020-21 ( i.e. March End).,202103151715356405,15-03-2021,754,https://gr.maharashtra.gov.in/Site/Upload/Government%20Resolutions/English/202103151715356405.pdf,5,771721,GR_DATASET\pdfs\Finance Department\202103151715356405.pdf,Downloaded,2026-07-27 21:21:12
Finance Department,"Supplementary Demands for the Year 2020-21 and Fund distribution for the Year 2020-21. (March, 2021)",202103151729274405,15-03-2021,150,https://gr.maharashtra.gov.in/Site/Upload/Government%20Resolutions/English/202103151729274405.pdf,3,153933,GR_DATASET\pdfs\Finance Department\202103151729274405.pdf,Downloaded,2026-07-27 21:21:13
Finance Department,"Recoupment of Contingency fund (March, 2021)",202103151733244305,15-03-2021,143,https://gr.maharashtra.gov.in/Site/Upload/Government%20Resolutions/English/202103151733244305.pdf,3,145998,GR_DATASET\pdfs\Finance Department\202103151733244305.pdf,Downloaded,2026-07-27 21:21:14
Finance Department,List of Maharashtra State Government Sponsored Lottery schemes Period dt. 15/03/2021. to dt. 21/03/2021.,202103171555509305,12-03-2021,386,https://gr.maharashtra.gov.in/Site/Upload/Government%20Resolutions/English/202103171555509305.pdf,4,394771,GR_DATASET\pdfs\Finance Department\202103171555509305.pdf,Downloaded,2026-07-27 21:21:15
Finance Department,Extension for 264 posts created under restructuring of Sales Tax Department for Mumbai Sales Tax Act.,202103151325320605,12-03-2021,140,https://gr.maharashtra.gov.in/Site/Upload/Government%20Resolutions/English/202103151325320605.pdf,2,143525,GR_DATASET\pdfs\Finance Department\202103151325320605.pdf,Downloaded,2026-07-27 21:21:15
Finance Department,Extension for 1704 posts and other cadre for 585 temporary posts of Goods and Services Tax (previous Sales Tax Department) Department.,202103151329388405,12-03-2021,142,https://gr.maharashtra.gov.in/Site/Upload/Government%20Resolutions/English/202103151329388405.pdf,3,145384,GR_DATASET\pdfs\Finance Department\202103151329388405.pdf,Downloaded,2026-07-27 21:21:16
Finance Department,Extension for 13 temporary posts of Maharashtra Sales Tax Tribunal Mumbai.,202103151329387805,12-03-2021,2168,https://gr.maharashtra.gov.in/Site/Upload/Government%20Resolutions/English/202103151329387805.pdf,3,2219629,GR_DATASET\pdfs\Finance Department\202103151329387805.pdf,Downloaded,2026-07-27 21:21:17
Finance Department,Maharashtra Sales Tax Tribunal Extension for Nagpur Bench.,202103151333132005,12-03-2021,135,https://gr.maharashtra.gov.in/Site/Upload/Government%20Resolutions/English/202103151333132005.pdf,2,138377,GR_DATASET\pdfs\Finance Department\202103151333132005.pdf,Downloaded,2026-07-27 21:21:18
Finance Department,"Financial power Rule Book 1978, Part II, Delegation of financial power to Goods and Service Tax Department.",202103021708523005,10-03-2021,2566,https://gr.maharashtra.gov.in/Site/Upload/Government%20Resolutions/English/202103021708523005.pdf,18,2627462,GR_DATASET\pdfs\Finance Department\202103021708523005.pdf,Downloaded,2026-07-27 21:21:19
Finance Department,List of Maharashtra State Government Sponsored Lottery schemes Period dt. 08/03/2021. to dt. 14/03/2021.,202103051557086205,05-03-2021,268,https://gr.maharashtra.gov.in/Site/Upload/Government%20Resolutions/English/202103051557086205.pdf,4,274714,GR_DATASET\pdfs\Finance Department\202103051557086205.pdf,Downloaded,2026-07-27 21:21:20
Finance Department,Maharashtra Civil Service Revised Pay Rule 2009- Post Continuation to pay verification for pay verification.,202103051435546305,05-03-2021,718,https://gr.maharashtra.gov.in/Site/Upload/Government%20Resolutions/English/202103051435546305.pdf,2,734750,GR_DATASET\pdfs\Finance Department\202103051435546305.pdf,Downloaded,2026-07-27 21:21:21
Finance Department,"Maharashtra Finance and Accounts Group B (Gazetted) temporary Seniority list showing the status of officers in the cadre of Accounts officers dated 01.01.2017, 01.01.2018 ,01.01.2019 and 01.01.2020",202103041602224505,04-03-2021,1173,https://gr.maharashtra.gov.in/Site/Upload/Government%20Resolutions/English/202103041602224505.pdf,22,1201430,GR_DATASET\pdfs\Finance Department\202103041602224505.pdf,Downloaded,2026-07-27 21:21:23
Finance Department,Allow to private to bank to handle Ltd. Government Banking Transections.,202103031606101205,03-03-2021,562,https://gr.maharashtra.gov.in/Site/Upload/Government%20Resolutions/English/202103031606101205.pdf,17,575710,GR_DATASET\pdfs\Finance Department\202103031606101205.pdf,Downloaded,2026-07-27 21:21:23
Finance Department,To review the list post identified suitable for person with disabilities Directorate of Insurance.,202103031212038005,03-03-2021,199,https://gr.maharashtra.gov.in/Site/Upload/Government%20Resolutions/English/202103031212038005.pdf,5,203996,GR_DATASET\pdfs\Finance Department\202103031212038005.pdf,Downloaded,2026-07-27 21:21:24
Finance Department,Creation of Virtual PLA on BEAMS Portal in order to control grants distribution in the Corporations under Irrigation Department.,202103021706197305,02-03-2021,204,https://gr.maharashtra.gov.in/Site/Upload/Government%20Resolutions/English/202103021706197305.pdf,13,209064,GR_DATASET\pdfs\Finance Department\202103021706197305.pdf,Downloaded,2026-07-27 21:21:25
Finance Department,List of Maharashtra State Government Sponsored Lottery schemes Period dt. 01/03/2021 to dt. 07/03/2021.,202103051555325105,01-03-2021,2374,https://gr.maharashtra.gov.in/Site/Upload/Government%20Resolutions/English/202103051555325105.pdf,4,2431053,GR_DATASET\pdfs\Finance Department\202103051555325105.pdf,Downloaded,2026-07-27 21:21:26
Finance Department,Accident Claim Policy for Employees serving on Supernumerary Post.,202102261648544205,26-02-2021,2126,https://gr.maharashtra.gov.in/Site/Upload/Government%20Resolutions/English/202102261648544205.pdf,2,2176760,GR_DATASET\pdfs\Finance Department\202102261648544205.pdf,Downloaded,2026-07-27 21:21:27
Finance Department,Continuation of temporary posts.,202102261708145305,26-02-2021,148,https://gr.maharashtra.gov.in/Site/Upload/Government%20Resolutions/English/202102261708145305.pdf,3,151109,GR_DATASET\pdfs\Finance Department\202102261708145305.pdf,Downloaded,2026-07-27 21:21:28
Finance Department,"As per the Rights of Persons with Disabilities Act, 2016, to ensure posts in the Government Service for persons with disabilities for all posts in all categories in the Goods and Services Tax Department ....",202102251730162405,25-02-2021,2639,https://gr.maharashtra.gov.in/Site/Upload/Government%20Resolutions/English/202102251730162405.pdf,11,2702737,GR_DATASET\pdfs\Finance Department\202102251730162405.pdf,Downloaded,2026-07-27 21:21:29
Finance Department,Fulfillment of errors of National Pension Scheme.,202102241743450805,24-02-2021,1193,https://gr.maharashtra.gov.in/Site/Upload/Government%20Resolutions/English/202102241743450805.pdf,2,1221329,GR_DATASET\pdfs\Finance Department\202102241743450805.pdf,Downloaded,2026-07-27 21:21:30
Finance Department,"Making available Ink signed copy of sanction orders, along with bills being submitted to Pay and Accounts Office, Mumbai and Treasuries/ Sub-Treasuries.",202102231216568305,23-02-2021,868,https://gr.maharashtra.gov.in/Site/Upload/Government%20Resolutions/English/202102231216568305.pdf,3,888687,GR_DATASET\pdfs\Finance Department\202102231216568305.pdf,Downloaded,2026-07-27 21:21:33
Finance Department,List of Maharashtra State Government Sponsored Lottery schemes Period dt. 22/02/2021. to dt. 28/02/2021.,202103051554101105,22-02-2021,268,https://gr.maharashtra.gov.in/Site/Upload/Government%20Resolutions/English/202103051554101105.pdf,4,274551,GR_DATASET\pdfs\Finance Department\202103051554101105.pdf,Downloaded,2026-07-27 21:21:34
Finance Department,Maharashtra State Lottery - Maharashtra Ganeshlaxmi Vardhapan din Vishes monthly draw prize structure and procedure,202103031150490005,18-02-2021,360,https://gr.maharashtra.gov.in/Site/Upload/Government%20Resolutions/English/202103031150490005.pdf,2,368600,GR_DATASET\pdfs\Finance Department\202103031150490005.pdf,Downloaded,2026-07-27 21:21:35
Finance Department,Maharashtra State Lottery - Maharashtra Gudipadava Bumper Draw Prize Structure and Procedure.,202103031157151805,18-02-2021,2330,https://gr.maharashtra.gov.in/Site/Upload/Government%20Resolutions/English/202103031157151805.pdf,6,2385529,GR_DATASET\pdfs\Finance Department\202103031157151805.pdf,Downloaded,2026-07-27 21:21:36
Finance Department,"Sanction of loan of Rs.67.4038 from NABARD for construction of 19 Godowns of Food, Civil Supplies and Consumer Protection Department under RIDF-XXVI.",202102181322501505,18-02-2021,2116,https://gr.maharashtra.gov.in/Site/Upload/Government%20Resolutions/English/202102181322501505.pdf,4,2166519,GR_DATASET\pdfs\Finance Department\202102181322501505.pdf,Downloaded,2026-07-27 21:21:37
Finance Department,"Sanction of Government Guarantee to Maharashtra State Co-op. Cotton Growers Marketing Federation to avail loan of Rs.1500 Crores at the rate of 6.35 percent from Bank of Maharashtra, Mumbai to repay the purchased cotton to farmers under MSP for the season 2020-21",202102171444156405,17-02-2021,731,https://gr.maharashtra.gov.in/Site/Upload/Government%20Resolutions/English/202102171444156405.pdf,8,748729,GR_DATASET\pdfs\Finance Department\202102171444156405.pdf,Downloaded,2026-07-27 21:21:39
Finance Department,Delegation of powers to the Administrative Departments for extending continuation to the temporary posts.,202102151655229405,15-02-2021,2282,https://gr.maharashtra.gov.in/Site/Upload/Government%20Resolutions/English/202102151655229405.pdf,3,2336688,GR_DATASET\pdfs\Finance Department\202102151655229405.pdf,Downloaded,2026-07-27 21:21:41
Finance Department,List of Maharashtra State Government Sponsored Lottery schemes Period dt. 15/02/2021. to dt. 21/02/2021.,202103031219509105,12-02-2021,268,https://gr.maharashtra.gov.in/Site/Upload/Government%20Resolutions/English/202103031219509105.pdf,4,274864,GR_DATASET\pdfs\Finance Department\202103031219509105.pdf,Downloaded,2026-07-27 21:21:41
Finance Department,"As per the Rights of persons with disabilities Act, 2016, to ensure posts of Group-A, B, C and D in the Directorate, Accounts and Treasury and Directorate, Local Fund Audit for the persons with disabilities.",202102111800216305,11-02-2021,1382,https://gr.maharashtra.gov.in/Site/Upload/Government%20Resolutions/English/202102111800216305.pdf,25,1415287,GR_DATASET\pdfs\Finance Department\202102111800216305.pdf,Downloaded,2026-07-27 21:21:43
Finance Department,"Under the defined contribution / National Pension Scheme, in case of death of a member during the period of ten years service, his family will be entitled to Rs. 10 Lakh- Regarding the action to be taken by the administrative departments regarding the head of account for providing 10 Lakh Ex-Gratia grant ...",202102101513463105,10-02-2021,798,https://gr.maharashtra.gov.in/Site/Upload/Government%20Resolutions/English/202102101513463105.pdf,3,817289,GR_DATASET\pdfs\Finance Department\202102101513463105.pdf,Downloaded,2026-07-27 21:21:43
Finance Department,Supplementary demands 2020-21 (March 21).,202102101611220405,10-02-2021,207,https://gr.maharashtra.gov.in/Site/Upload/Government%20Resolutions/English/202102101611220405.pdf,11,212241,GR_DATASET\pdfs\Finance Department\202102101611220405.pdf,Downloaded,2026-07-27 21:21:44
Finance Department,List of Maharashtra State Government Sponsored Lottery schemes Period dt. 08/02/2021. to dt. 14/02/2021.,202102121117457505,05-02-2021,268,https://gr.maharashtra.gov.in/Site/Upload/Government%20Resolutions/English/202102121117457505.pdf,4,274241,GR_DATASET\pdfs\Finance Department\202102121117457505.pdf,Downloaded,2026-07-27 21:21:45
Finance Department,Online Generation of Permanent Account Number (PRAN) of NPS subscribers on Online PRAN Generation Module (OPGM) Portal.,202102051222006705,05-02-2021,2113,https://gr.maharashtra.gov.in/Site/Upload/Government%20Resolutions/English/202102051222006705.pdf,6,2164149,GR_DATASET\pdfs\Finance Department\202102051222006705.pdf,Downloaded,2026-07-27 21:21:46
Finance Department,To give the benefit of revised Commutation of Pension as per Seventh Pay Commission to the pensioners who retired from service between 1st January 2016 to 31st December 2018.,202102051531513805,05-02-2021,193,https://gr.maharashtra.gov.in/Site/Upload/Government%20Resolutions/English/202102051531513805.pdf,5,197890,GR_DATASET\pdfs\Finance Department\202102051531513805.pdf,Downloaded,2026-07-27 21:21:47
Finance Department,"Temporary seniority list of officers in the category of Assistant Director, Maharashtra Finance and Accounts Services from January 01. 2008 to January 01. 2015.",202102041433573005,04-02-2021,3223,https://gr.maharashtra.gov.in/Site/Upload/Government%20Resolutions/English/202102041433573005.pdf,190,3300334,GR_DATASET\pdfs\Finance Department\202102041433573005.pdf,Downloaded,2026-07-27 21:21:50
Finance Department,House Building Advance.,202102021510117305,02-02-2021,731,https://gr.maharashtra.gov.in/Site/Upload/Government%20Resolutions/English/202102021510117305.pdf,8,748820,GR_DATASET\pdfs\Finance Department\202102021510117305.pdf,Downloaded,2026-07-27 21:21:51
Finance Department,Administrative approval for purchase of bags for budget 2021-22.,202101291654193905,29-01-2021,162,https://gr.maharashtra.gov.in/Site/Upload/Government%20Resolutions/English/202101291654193905.pdf,2,165969,GR_DATASET\pdfs\Finance Department\202101291654193905.pdf,Downloaded,2026-07-27 21:21:52
Finance Department,Maharashtra State Lottery- Maharashtra Ganeshlaxmi Holi Monthly Draw Price Structure and Procedure.,202102011655122205,28-01-2021,2252,https://gr.maharashtra.gov.in/Site/Upload/Government%20Resolutions/English/202102011655122205.pdf,2,2305644,GR_DATASET\pdfs\Finance Department\202102011655122205.pdf,Downloaded,2026-07-27 21:21:53
Finance Department,Statutory Development Board wise presentation of actual non-plan expenditure (with indivisible part) to the Legislature.,202101271244080305,27-01-2021,2107,https://gr.maharashtra.gov.in/Site/Upload/Government%20Resolutions/English/202101271244080305.pdf,2,2157294,GR_DATASET\pdfs\Finance Department\202101271244080305.pdf,Downloaded,2026-07-27 21:21:54
Finance Department,List of Maharashtra State Government Sponsored Lottery schemes Period dt. 01/02/2021. to dt. 07/02/2021.,202101291643118905,27-01-2021,268,https://gr.maharashtra.gov.in/Site/Upload/Government%20Resolutions/English/202101291643118905.pdf,4,274297,GR_DATASET\pdfs\Finance Department\202101291643118905.pdf,Downloaded,2026-07-27 21:21:55
Finance Department,List of Maharashtra State Government Sponsored Lottery schemes Period dt. 21/12/2020. to dt. 27/12/2020.,202101251145541105,22-01-2021,267,https://gr.maharashtra.gov.in/Site/Upload/Government%20Resolutions/English/202101251145541105.pdf,4,273014,GR_DATASET\pdfs\Finance Department\202101251145541105.pdf,Downloaded,2026-07-27 21:21:56
Finance Department,"Relief measures, on the lines of GoI, in respect of hardship faced by government contractors of ongoing contracts in the state due to COVID pandemic.",202101211534484605,21-01-2021,141,https://gr.maharashtra.gov.in/Site/Upload/Government%20Resolutions/English/202101211534484605.pdf,2,144408,GR_DATASET\pdfs\Finance Department\202101211534484605.pdf,Downloaded,2026-07-27 21:21:56
Finance Department,Regarding promotion of Maharashtra Finance and Accounts services Assistant Account officer Group B to the post of Account Officer Group B.,202101211225545005,21-01-2021,1794,https://gr.maharashtra.gov.in/Site/Upload/Government%20Resolutions/English/202101211225545005.pdf,8,1837318,GR_DATASET\pdfs\Finance Department\202101211225545005.pdf,Downloaded,2026-07-27 21:21:58
Finance Department,Income Tax deduction Circular year 2020-2021.,202101181655070505,18-01-2021,137,https://gr.maharashtra.gov.in/Site/Upload/Government%20Resolutions/English/202101181655070505.pdf,2,140200,GR_DATASET\pdfs\Finance Department\202101181655070505.pdf,Downloaded,2026-07-27 21:21:58
Finance Department,List of Maharashtra State Government Sponsored Lottery schemes Period dt. 04/01/2021. to dt. 10/01/2021.,202101201106068405,15-01-2021,198,https://gr.maharashtra.gov.in/Site/Upload/Government%20Resolutions/English/202101201106068405.pdf,4,202355,GR_DATASET\pdfs\Finance Department\202101201106068405.pdf,Downloaded,2026-07-27 21:21:59
Finance Department,Sanction of arrears dearness allowance for the period from 01st January 2019 to 30th June 2019 to State Government and other eligible employees.,202101141237329905,14-01-2021,490,https://gr.maharashtra.gov.in/Site/Upload/Government%20Resolutions/English/202101141237329905.pdf,3,501441,GR_DATASET\pdfs\Finance Department\202101141237329905.pdf,Downloaded,2026-07-27 21:22:00
Finance Department,Sanction of arrears dearness allowance for the period from 01 January 2019 to 30th June 2019 to State Government and other eligible employees. Drawing pay in unrevised pay structure (as per 6th Pay Commission).,202101141237362205,14-01-2021,506,https://gr.maharashtra.gov.in/Site/Upload/Government%20Resolutions/English/202101141237362205.pdf,3,517715,GR_DATASET\pdfs\Finance Department\202101141237362205.pdf,Downloaded,2026-07-27 21:22:02
Finance Department,To pay the arrears of Dearness Relief of the period from 1st January 2019 to 30th June 2019 to the pensioners/family pensioners in the pre-revised scale.,202101141715058105,14-01-2021,1832,https://gr.maharashtra.gov.in/Site/Upload/Government%20Resolutions/English/202101141715058105.pdf,6,1875544,GR_DATASET\pdfs\Finance Department\202101141715058105.pdf,Downloaded,2026-07-27 21:22:03
Finance Department,To pay the arrears of Dearness Relief of the period from 1st January 2019 to 30th June 2019 to the pensioners/family pensioners.,202101141715032005,14-01-2021,1759,https://gr.maharashtra.gov.in/Site/Upload/Government%20Resolutions/English/202101141715032005.pdf,6,1800806,GR_DATASET\pdfs\Finance Department\202101141715032005.pdf,Downloaded,2026-07-27 21:22:06
Finance Department,List of Maharashtra State Government Sponsored Lottery schemes Period dt. 11/01/2021 to dt. 17/01/2021.,202101181705155905,08-01-2021,2226,https://gr.maharashtra.gov.in/Site/Upload/Government%20Resolutions/English/202101181705155905.pdf,4,2279383,GR_DATASET\pdfs\Finance Department\202101181705155905.pdf,Downloaded,2026-07-27 21:22:08
Finance Department,Seniority List showing the status of Maharashtra Finance and Accounts Service Group B (Gazetted) Accounts Officers on 01/01/2015 and 01/01/2016.,202101081128045205....,08-01-2021,2356,https://gr.maharashtra.gov.in/Site/Upload/Government%20Resolutions/English/202101081128045205.....pdf,94,2412802,GR_DATASET\pdfs\Finance Department\202101081128045205.....pdf,Downloaded,2026-07-27 21:22:09
Finance Department,Effective implementation of National Pension Scheme.,202101071449220805,07-01-2021,215,https://gr.maharashtra.gov.in/Site/Upload/Government%20Resolutions/English/202101071449220805.pdf,3,219845,GR_DATASET\pdfs\Finance Department\202101071449220805.pdf,Downloaded,2026-07-27 21:22:10
Finance Department,List of Maharashtra State Government Sponsored Lottery schemes Period dt. 04/01/2021. to dt. 10/01/2021.,202101041448520305...,01-01-2021,264,https://gr.maharashtra.gov.in/Site/Upload/Government%20Resolutions/English/202101041448520305....pdf,4,270496,GR_DATASET\pdfs\Finance Department\202101041448520305....pdf,Downloaded,2026-07-27 21:22:11
Finance Department,List of Maharashtra State Government Sponsored Lottery schemes Period dt. 28/12/2020 to dt. 03/01/2021.,202012281550032205,24-12-2020,2165,https://gr.maharashtra.gov.in/Site/Upload/Government%20Resolutions/English/202012281550032205.pdf,4,2217236,GR_DATASET\pdfs\Finance Department\202012281550032205.pdf,Downloaded,2026-07-27 21:22:14
Finance Department,Maharashtra State Lottery- Maharashtra Ganeshlaxmi Maghi Ganpati Monthly Draw Price Structure and Procedures.,202101011507595605,24-12-2020,2238,https://gr.maharashtra.gov.in/Site/Upload/Government%20Resolutions/English/202101011507595605.pdf,2,2291396,GR_DATASET\pdfs\Finance Department\202101011507595605.pdf,Downloaded,2026-07-27 21:22:15
Finance Department,"Modifications in the Maharashtra Civil Services (Pension) Rules 1982....Revision of Pension / Family Pension of those who retired after 1st January 2016, as per the recommendations of Seventh Pay Commission.",202012231450099005,23-12-2020,288,https://gr.maharashtra.gov.in/Site/Upload/Government%20Resolutions/English/202012231450099005.pdf,4,295304,GR_DATASET\pdfs\Finance Department\202012231450099005.pdf,Downloaded,2026-07-27 21:22:16
Finance Department,Government Banking permission to Punjab and Sind Bank.,202012231501286205,23-12-2020,135,https://gr.maharashtra.gov.in/Site/Upload/Government%20Resolutions/English/202012231501286205.pdf,3,138579,GR_DATASET\pdfs\Finance Department\202012231501286205.pdf,Downloaded,2026-07-27 21:22:17
Finance Department,Regarding the financial impact of the contagious disease of Covid-19 in the financial year 2020-21. (Corrigendum-10),202012221313046005,22-12-2020,139,https://gr.maharashtra.gov.in/Site/Upload/Government%20Resolutions/English/202012221313046005.pdf,2,142417,GR_DATASET\pdfs\Finance Department\202012221313046005.pdf,Downloaded,2026-07-27 21:22:17
Finance Department,"Presented at the December, 2020 Session of the Legislature Supplementary Statement of Expenditure for the year 2020-2021.",202012221317102105,22-12-2020,2014,https://gr.maharashtra.gov.in/Site/Upload/Government%20Resolutions/English/202012221317102105.pdf,1,2062073,GR_DATASET\pdfs\Finance Department\202012221317102105.pdf,Downloaded,2026-07-27 21:22:19
Finance Department,List of Maharashtra State Government Sponsored Lottery schemes Period dt. 21/12/2020. to dt. 27/12/2020.,202012181209598405,18-12-2020,264,https://gr.maharashtra.gov.in/Site/Upload/Government%20Resolutions/English/202012181209598405.pdf,4,270017,GR_DATASET\pdfs\Finance Department\202012181209598405.pdf,Downloaded,2026-07-27 21:22:19
Finance Department,Third winter session of December 2020 on reimbursement of advances taken from contingency funds.,202012181218524305,18-12-2020,383,https://gr.maharashtra.gov.in/Site/Upload/Government%20Resolutions/English/202012181218524305.pdf,3,392561,GR_DATASET\pdfs\Finance Department\202012181218524305.pdf,Downloaded,2026-07-27 21:22:20
Finance Department,List of Maharashtra State Government Sponsored Lottery schemes Period dt. 14/12/2020. to dt. 20/12/2020.,202012151237203005,14-12-2020,265,https://gr.maharashtra.gov.in/Site/Upload/Government%20Resolutions/English/202012151237203005.pdf,4,271482,GR_DATASET\pdfs\Finance Department\202012151237203005.pdf,Downloaded,2026-07-27 21:22:21
Finance Department,Maharashtra State Lottery - Maharashtra Ganeshlaxmi new year special monthly draw price and procedure.,202012111547081305,11-12-2020,226,https://gr.maharashtra.gov.in/Site/Upload/Government%20Resolutions/English/202012111547081305.pdf,2,231236,GR_DATASET\pdfs\Finance Department\202012111547081305.pdf,Downloaded,2026-07-27 21:22:22
Finance Department,Generating Salary Bills of GPF and NPS Subscribers under separate Bill Groups on Sevaarth Portal.,202012091205294905,09-12-2020,215,https://gr.maharashtra.gov.in/Site/Upload/Government%20Resolutions/English/202012091205294905.pdf,3,219703,GR_DATASET\pdfs\Finance Department\202012091205294905.pdf,Downloaded,2026-07-27 21:22:23
Finance Department,Extension of period for submission of Life Certificate by State Government Pensioners till 28 February 2021.,202012081148286405,08-12-2020,135,https://gr.maharashtra.gov.in/Site/Upload/Government%20Resolutions/English/202012081148286405.pdf,2,137957,GR_DATASET\pdfs\Finance Department\202012081148286405.pdf,Downloaded,2026-07-27 21:22:23
Finance Department,List of Maharashtra State Government Sponsored Lottery schemes Period dt. 07/12/2020. to dt. 13/12/2020.,202012091051245105,04-12-2020,264,https://gr.maharashtra.gov.in/Site/Upload/Government%20Resolutions/English/202012091051245105.pdf,4,269914,GR_DATASET\pdfs\Finance Department\202012091051245105.pdf,Downloaded,2026-07-27 21:22:24
Finance Department,Fulfillment of errors of National Pension Scheme.,202012041706191505,04-12-2020,489,https://gr.maharashtra.gov.in/Site/Upload/Government%20Resolutions/English/202012041706191505.pdf,9,500946,GR_DATASET\pdfs\Finance Department\202012041706191505.pdf,Downloaded,2026-07-27 21:22:25
Finance Department,Regarding the financial impact of the contagious disease of Covid-19 in the financial year 2020-21. (Corrigendum-8)Regarding the financial impact of the contagious disease of Covid-19 in the financial year 2020-21. (Corrigendum-9),202012011301035305,01-12-2020,2230,https://gr.maharashtra.gov.in/Site/Upload/Government%20Resolutions/English/202012011301035305.pdf,2,2283935,GR_DATASET\pdfs\Finance Department\202012011301035305.pdf,Downloaded,2026-07-27 21:22:28
Finance Department,"Relief measures, on the lines of GoI, in respect of hardship faced by government contractors of ongoing contracts in the state due to COVID pandemic.",202012011744384705,01-12-2020,2049,https://gr.maharashtra.gov.in/Site/Upload/Government%20Resolutions/English/202012011744384705.pdf,3,2098226,GR_DATASET\pdfs\Finance Department\202012011744384705.pdf,Downloaded,2026-07-27 21:22:29
Finance Department,List of Maharashtra State Government Sponsored Lottery schemes Period dt. 30/11/2020. to dt. 06/12/2020.,202011261224579005,27-11-2020,2111,https://gr.maharashtra.gov.in/Site/Upload/Government%20Resolutions/English/202011261224579005.pdf,4,2161963,GR_DATASET\pdfs\Finance Department\202011261224579005.pdf,Downloaded,2026-07-27 21:22:31
Finance Department,Government Guarantee for 32 Co-operative Sugar Factories in the State to avail short term loan of Rs.516.30 crores from Banks for Season 2020-21.,202011251648058005,25-11-2020,1989,https://gr.maharashtra.gov.in/Site/Upload/Government%20Resolutions/English/202011251648058005.pdf,3,2036887,GR_DATASET\pdfs\Finance Department\202011251648058005.pdf,Downloaded,2026-07-27 21:22:32
Finance Department,Regarding applicability of Training Allowance to Trainers in Training Institute.,202011231438444905,23-11-2020,2156,https://gr.maharashtra.gov.in/Site/Upload/Government%20Resolutions/English/202011231438444905.pdf,3,2208044,GR_DATASET\pdfs\Finance Department\202011231438444905.pdf,Downloaded,2026-07-27 21:22:34
Finance Department,List of Maharashtra State Government Sponsored Lottery schemes Period dt. 23/11/2020. to dt. 29/11/2020.,202011261230354405,20-11-2020,2107,https://gr.maharashtra.gov.in/Site/Upload/Government%20Resolutions/English/202011261230354405.pdf,3,2157636,GR_DATASET\pdfs\Finance Department\202011261230354405.pdf,Downloaded,2026-07-27 21:22:35
Finance Department,Maharashtra State Lottery- Maharashtra Maharashtra Natal New Year Bumper Draw price structure and procedure.,202012111553136105,20-11-2020,2403,https://gr.maharashtra.gov.in/Site/Upload/Government%20Resolutions/English/202012111553136105.pdf,7,2460459,GR_DATASET\pdfs\Finance Department\202012111553136105.pdf,Downloaded,2026-07-27 21:22:36
Finance Department,Regarding creation of majority of posts for the officers under the Directorate of Accounts and Treasury who have been appointed from the Scheduled Tribes category but have not been able to submit Caste Validity Certificate or have submitted other Caste Validity Certificates.,202011171654108605..,17-11-2020,1776,https://gr.maharashtra.gov.in/Site/Upload/Government%20Resolutions/English/202011171654108605...pdf,3,1819154,GR_DATASET\pdfs\Finance Department\202011171654108605...pdf,Downloaded,2026-07-27 21:22:38
Finance Department,List of Maharashtra State Government Sponsored Lottery schemes Period dt. 16/11/2020 to dt. 22/11/2020.,202011191152335005,13-11-2020,2105,https://gr.maharashtra.gov.in/Site/Upload/Government%20Resolutions/English/202011191152335005.pdf,4,2155061,GR_DATASET\pdfs\Finance Department\202011191152335005.pdf,Downloaded,2026-07-27 21:22:39
Finance Department,Under the newly defined contribution Pension Scheme / National Pension Scheme- Regarding attachment of NPS Account of the first appointed Officer / Employee on and after 1.11.2005.,202011131354083505,13-11-2020,214,https://gr.maharashtra.gov.in/Site/Upload/Government%20Resolutions/English/202011131354083505.pdf,2,218996,GR_DATASET\pdfs\Finance Department\202011131354083505.pdf,Downloaded,2026-07-27 21:22:39
Finance Department,Statutory Development Boardwise presentation of actual Non-Plan Expenditure (with indivisible part) to the Legislature in neat and readable letters.,202011131612171705,13-11-2020,2021,https://gr.maharashtra.gov.in/Site/Upload/Government%20Resolutions/English/202011131612171705.pdf,2,2069118,GR_DATASET\pdfs\Finance Department\202011131612171705.pdf,Downloaded,2026-07-27 21:22:41
Finance Department,Maharashtra State Lottery- Price Structure and Procedure of Maharashtra Ganeshlaxmi Winter Monthly Draw.,202011231247273405,12-11-2020,2002,https://gr.maharashtra.gov.in/Site/Upload/Government%20Resolutions/English/202011231247273405.pdf,2,2050211,GR_DATASET\pdfs\Finance Department\202011231247273405.pdf,Downloaded,2026-07-27 21:22:43
Finance Department,Extension to the 5th Bench of Maharashtra sales tax tribunal in order to dispose of the admitted and awaited cases immediately.,202011101428498305,10-11-2020,2035,https://gr.maharashtra.gov.in/Site/Upload/Government%20Resolutions/English/202011101428498305.pdf,2,2083366,GR_DATASET\pdfs\Finance Department\202011101428498305.pdf,Downloaded,2026-07-27 21:22:44
Finance Department,Fiscal Policy Measures to Boost Aggregate Demand.,202011101520243205,10-11-2020,533,https://gr.maharashtra.gov.in/Site/Upload/Government%20Resolutions/English/202011101520243205.pdf,3,545907,GR_DATASET\pdfs\Finance Department\202011101520243205.pdf,Downloaded,2026-07-27 21:22:45
Finance Department,Expenditure payments through Bill Portal System.,202011101554099905,10-11-2020,2181,https://gr.maharashtra.gov.in/Site/Upload/Government%20Resolutions/English/202011101554099905.pdf,3,2232887,GR_DATASET\pdfs\Finance Department\202011101554099905.pdf,Downloaded,2026-07-27 21:22:46
Finance Department,List of Maharashtra State Government Sponsored Lottery schemes Period dt. 09/11/2020 to dt. 15/11/2020.,202011111158537005,06-11-2020,2135,https://gr.maharashtra.gov.in/Site/Upload/Government%20Resolutions/English/202011111158537005.pdf,3,2186641,GR_DATASET\pdfs\Finance Department\202011111158537005.pdf,Downloaded,2026-07-27 21:22:47
Finance Department,Creation of 4 new technical post in budget branch for empowerment of Computer section.,202011061224561105...,06-11-2020,1989,https://gr.maharashtra.gov.in/Site/Upload/Government%20Resolutions/English/202011061224561105....pdf,2,2037273,GR_DATASET\pdfs\Finance Department\202011061224561105....pdf,Downloaded,2026-07-27 21:22:48
Finance Department,"Government Banking Permission to IDBI, RRB, and DCC Bank.",202011061555043605,06-11-2020,425,https://gr.maharashtra.gov.in/Site/Upload/Government%20Resolutions/English/202011061555043605.pdf,3,435639,GR_DATASET\pdfs\Finance Department\202011061555043605.pdf,Downloaded,2026-07-27 21:22:49
Finance Department,"Supplementary Demands 2020-2021 (December, 2020).",202011031240517005,03-11-2020,2225,https://gr.maharashtra.gov.in/Site/Upload/Government%20Resolutions/English/202011031240517005.pdf,11,2278748,GR_DATASET\pdfs\Finance Department\202011031240517005.pdf,Downloaded,2026-07-27 21:22:50
Finance Department,List of Maharashtra State Government Sponsored Lottery schemes Period dt. 02/11/2020 to dt. 08/11/2020.,202011051320529505,02-11-2020,2135,https://gr.maharashtra.gov.in/Site/Upload/Government%20Resolutions/English/202011051320529505.pdf,3,2186255,GR_DATASET\pdfs\Finance Department\202011051320529505.pdf,Downloaded,2026-07-27 21:22:52
Finance Department,Corrigendum - Maharashtra State Lottery Prize Structure and procedure of Maharashtra Diwali Bumper Draw.,202010281518304605,28-10-2020,2364,https://gr.maharashtra.gov.in/Site/Upload/Government%20Resolutions/English/202010281518304605.pdf,2,2420544,GR_DATASET\pdfs\Finance Department\202010281518304605.pdf,Downloaded,2026-07-27 21:22:53
Finance Department,List of Maharashtra State Government Sponsored Lottery schemes Period dt. 26/10/2020. to dt. 01/11/2020.,202010281231567105,23-10-2020,2324,https://gr.maharashtra.gov.in/Site/Upload/Government%20Resolutions/English/202010281231567105.pdf,3,2379756,GR_DATASET\pdfs\Finance Department\202010281231567105.pdf,Downloaded,2026-07-27 21:22:54
Finance Department,Doing the post of Under Secretary advance to the post of Deputy Secretary in Finance Department.,202010211522171005,21-10-2020,2355,https://gr.maharashtra.gov.in/Site/Upload/Government%20Resolutions/English/202010211522171005.pdf,1,2411954,GR_DATASET\pdfs\Finance Department\202010211522171005.pdf,Downloaded,2026-07-27 21:22:56
Finance Department,Performance Budget 2021-2022 Preparing and Printing.,202010211207068405,20-10-2020,2383,https://gr.maharashtra.gov.in/Site/Upload/Government%20Resolutions/English/202010211207068405.pdf,4,2439702,GR_DATASET\pdfs\Finance Department\202010211207068405.pdf,Downloaded,2026-07-27 21:22:57
Finance Department,Delegation of Financial Powers to Officers in Directorate of Insurance Manual of Financial Powers 1978 Part 2.,202010191605490505,19-10-2020,2441,https://gr.maharashtra.gov.in/Site/Upload/Government%20Resolutions/English/202010191605490505.pdf,8,2499815,GR_DATASET\pdfs\Finance Department\202010191605490505.pdf,Downloaded,2026-07-27 21:23:00
Finance Department,List of Maharashtra State Government Sponsored Lottery schemes Period dt. 19/10/2020 to dt. 25/10/2020.,202010161350077205,16-10-2020,2483,https://gr.maharashtra.gov.in/Site/Upload/Government%20Resolutions/English/202010161350077205.pdf,3,2542602,GR_DATASET\pdfs\Finance Department\202010161350077205.pdf,Downloaded,2026-07-27 21:23:01
Finance Department,Maharashtra State Lottery Prize structure and procedure of Maharashtra Ganeshlaxmi Diwali Special Draw.,202010221603588805,16-10-2020,2372,https://gr.maharashtra.gov.in/Site/Upload/Government%20Resolutions/English/202010221603588805.pdf,2,2428489,GR_DATASET\pdfs\Finance Department\202010221603588805.pdf,Downloaded,2026-07-27 21:23:02
Finance Department,"Relief measures, on the lines of GoI, in respect of hardship faced by government contractors of ongoing contracts in the state due to COVID pandemic.",202010141339279605....,14-10-2020,2568,https://gr.maharashtra.gov.in/Site/Upload/Government%20Resolutions/English/202010141339279605.....pdf,3,2630467,GR_DATASET\pdfs\Finance Department\202010141339279605.....pdf,Downloaded,2026-07-27 21:23:04
Finance Department,Regarding Insurance cover/Ex-gratia assistance to employee in case of death on account of Covid during course of Covid related duties.,202010141441140505,14-10-2020,2607,https://gr.maharashtra.gov.in/Site/Upload/Government%20Resolutions/English/202010141441140505.pdf,2,2669784,GR_DATASET\pdfs\Finance Department\202010141441140505.pdf,Downloaded,2026-07-27 21:23:05
Finance Department,Acceptance of Loan of Rs.69.2518 Crores sanctioned by NABARD under RIDF-XXVI for 3 Irrigation Projects of Water Resources Department.,202010131245206505,13-10-2020,687,https://gr.maharashtra.gov.in/Site/Upload/Government%20Resolutions/English/202010131245206505.pdf,5,703270,GR_DATASET\pdfs\Finance Department\202010131245206505.pdf,Downloaded,2026-07-27 21:23:06
Finance Department,Budget Estimate 2021-22 and Revised Estimate 2020-21.,202010141559206005,13-10-2020,3468,https://gr.maharashtra.gov.in/Site/Upload/Government%20Resolutions/English/202010141559206005.pdf,15,3551648,GR_DATASET\pdfs\Finance Department\202010141559206005.pdf,Downloaded,2026-07-27 21:23:08
Finance Department,List of Maharashtra State Government Sponsored Lottery schemes Period dt. 12/10/2020. to dt. 18/10/2020.,202010141234350505,12-10-2020,2508,https://gr.maharashtra.gov.in/Site/Upload/Government%20Resolutions/English/202010141234350505.pdf,3,2568137,GR_DATASET\pdfs\Finance Department\202010141234350505.pdf,Downloaded,2026-07-27 21:23:09
Finance Department,Government Guarantee for 32 Co-operative Sugar Factories in the State to avail short term loan of Rs.516.30 crores from Banks for Season 2020-21.,202010091846475805,09-10-2020,2057,https://gr.maharashtra.gov.in/Site/Upload/Government%20Resolutions/English/202010091846475805.pdf,8,2106058,GR_DATASET\pdfs\Finance Department\202010091846475805.pdf,Downloaded,2026-07-27 21:23:12
Finance Department,Insurance packages of Nationalize Banks under SGSP connected with the salary account.,202010081729179805,08-10-2020,459,https://gr.maharashtra.gov.in/Site/Upload/Government%20Resolutions/English/202010081729179805.pdf,4,470475,GR_DATASET\pdfs\Finance Department\202010081729179805.pdf,Downloaded,2026-07-27 21:23:13
Finance Department,Maharashtra State Lottery Prize structure and procedure of Maharashtra Diwali Bumper Draw.,202010221607087105,08-10-2020,2777,https://gr.maharashtra.gov.in/Site/Upload/Government%20Resolutions/English/202010221607087105.pdf,6,2843448,GR_DATASET\pdfs\Finance Department\202010221607087105.pdf,Downloaded,2026-07-27 21:23:14
Finance Department,List of Maharashtra State Government Sponsored Lottery schemes Period dt. 05/10/2020 to dt. 11/10/2020.,202010091159491005,05-10-2020,2597,https://gr.maharashtra.gov.in/Site/Upload/Government%20Resolutions/English/202010091159491005.pdf,3,2659497,GR_DATASET\pdfs\Finance Department\202010091159491005.pdf,Downloaded,2026-07-27 21:23:15
Finance Department,Guidelines for obtaining services through outsourcing,202009301600405505,30-09-2020,2762,https://gr.maharashtra.gov.in/Site/Upload/Government%20Resolutions/English/202009301600405505.pdf,2,2827863,GR_DATASET\pdfs\Finance Department\202009301600405505.pdf,Downloaded,2026-07-27 21:23:17
Finance Department,List of Maharashtra State Government Sponsored Lottery schemes Period dt. 28/09/2020 to dt. 04/10/2020.,202009251417469005,25-09-2020,3069,https://gr.maharashtra.gov.in/Site/Upload/Government%20Resolutions/English/202009251417469005.pdf,3,3143123,GR_DATASET\pdfs\Finance Department\202009251417469005.pdf,Downloaded,2026-07-27 21:23:19
Finance Department,Supplementary Statement of Expenditure for the year 2020-2021 presented on September 2020.,202009181427490905,18-09-2020,3134,https://gr.maharashtra.gov.in/Site/Upload/Government%20Resolutions/English/202009181427490905.pdf,1,3208952,GR_DATASET\pdfs\Finance Department\202009181427490905.pdf,Downloaded,2026-07-27 21:23:20
Finance Department,Extension to submit life certificate for State Government Pensioner.,202009181544137505,18-09-2020,407,https://gr.maharashtra.gov.in/Site/Upload/Government%20Resolutions/English/202009181544137505.pdf,3,416922,GR_DATASET\pdfs\Finance Department\202009181544137505.pdf,Downloaded,2026-07-27 21:23:21
Finance Department,"Contingency Fund Recoup September, 2020.",202009211618467205,18-09-2020,392,https://gr.maharashtra.gov.in/Site/Upload/Government%20Resolutions/English/202009211618467205.pdf,3,400997,GR_DATASET\pdfs\Finance Department\202009211618467205.pdf,Downloaded,2026-07-27 21:23:22
Finance Department,Regarding the financial impact of the contagious disease of Covid-19 in the financial year 2020-21. (Corrigendum-8)Regarding the financial impact of the contagious disease of Covid-19 in the financial year 2020-21. (Corrigendum-8),202009171801584705,17-09-2020,3160,https://gr.maharashtra.gov.in/Site/Upload/Government%20Resolutions/English/202009171801584705.pdf,2,3235772,GR_DATASET\pdfs\Finance Department\202009171801584705.pdf,Downloaded,2026-07-27 21:23:23
Finance Department,Regarding the financial impact of the contagious disease of Covid-19 in the financial year 2020-21. (Corrigendum-7),202009161734432005,16-09-2020,3138,https://gr.maharashtra.gov.in/Site/Upload/Government%20Resolutions/English/202009161734432005.pdf,2,3213609,GR_DATASET\pdfs\Finance Department\202009161734432005.pdf,Downloaded,2026-07-27 21:23:24
Finance Department,Extension for 13 temporary posts of Maharashtra Sales Tax Tribunal Mumbai.,202009161149463005,15-09-2020,3141,https://gr.maharashtra.gov.in/Site/Upload/Government%20Resolutions/English/202009161149463005.pdf,3,3216892,GR_DATASET\pdfs\Finance Department\202009161149463005.pdf,Downloaded,2026-07-27 21:23:26
Finance Department,"Maharashtra Civil Services (Revised Pay) Rules, 2019 (Amendment no. 11)",202009151350085705,15-09-2020,392,https://gr.maharashtra.gov.in/Site/Upload/Government%20Resolutions/English/202009151350085705.pdf,2,401335,GR_DATASET\pdfs\Finance Department\202009151350085705.pdf,Downloaded,2026-07-27 21:23:27
Finance Department,Sanction of Loan of Rs.81.9285 Crore under RIDF-25 by NABARD for the 27 Godowns Projects of Food Civil Supplies and Consumer Protection Department.,202009141133257605...,14-09-2020,4790,https://gr.maharashtra.gov.in/Site/Upload/Government%20Resolutions/English/202009141133257605....pdf,6,4905872,GR_DATASET\pdfs\Finance Department\202009141133257605....pdf,Downloaded,2026-07-27 21:23:29
Finance Department,Extension for 264 posts created under restructuring of Sales Tax Department for Mumbai Sales Tax Act.,202009161132029205,14-09-2020,3141,https://gr.maharashtra.gov.in/Site/Upload/Government%20Resolutions/English/202009161132029205.pdf,2,3215953,GR_DATASET\pdfs\Finance Department\202009161132029205.pdf,Downloaded,2026-07-27 21:23:30
Finance Department,Extension for 1704 posts and other cadre for 585 temporary posts of Goods and Services Tax (previous Sales Tax Department) Department.,202009161142590905,14-09-2020,3196,https://gr.maharashtra.gov.in/Site/Upload/Government%20Resolutions/English/202009161142590905.pdf,3,3272420,GR_DATASET\pdfs\Finance Department\202009161142590905.pdf,Downloaded,2026-07-27 21:23:32
Finance Department,Continuation of Temporary posts.,202009151206135805,11-09-2020,3174,https://gr.maharashtra.gov.in/Site/Upload/Government%20Resolutions/English/202009151206135805.pdf,3,3250288,GR_DATASET\pdfs\Finance Department\202009151206135805.pdf,Downloaded,2026-07-27 21:23:33
Finance Department,"Sale procedure for Irreparable, Obsolete, Excess Stores, Machineries and Vehicles by Auction...",202009101519007405,10-09-2020,153,https://gr.maharashtra.gov.in/Site/Upload/Government%20Resolutions/English/202009101519007405.pdf,3,156184,GR_DATASET\pdfs\Finance Department\202009101519007405.pdf,Downloaded,2026-07-27 21:23:34
Finance Department,Maharashtra Civil Service Revised pay rule 2009 post continuation to pay verification for pay verification.,202009091749530705,09-09-2020,558,https://gr.maharashtra.gov.in/Site/Upload/Government%20Resolutions/English/202009091749530705.pdf,3,571328,GR_DATASET\pdfs\Finance Department\202009091749530705.pdf,Downloaded,2026-07-27 21:23:35
Finance Department,About formation of Supernumeracy posts for employees not having caste validity certificate of Scheduled Tribes.,202009091258587505,09-09-2020,1953,https://gr.maharashtra.gov.in/Site/Upload/Government%20Resolutions/English/202009091258587505.pdf,6,2000271,GR_DATASET\pdfs\Finance Department\202009091258587505.pdf,Downloaded,2026-07-27 21:23:37
Finance Department,Constitution of a High Level Monitoring Committee to monitor utilization of grants received from the Central Government for various purposes as prescribed by the Fifteenth Central Finance Commission.,202009081527559205,08-09-2020,3460,https://gr.maharashtra.gov.in/Site/Upload/Government%20Resolutions/English/202009081527559205.pdf,4,3542721,GR_DATASET\pdfs\Finance Department\202009081527559205.pdf,Downloaded,2026-07-27 21:23:39
Finance Department,Maharashtra State Lottery Prize Structure and procedure of Maharashtra Dasara Bumper Draw.,202009221448433505,02-09-2020,3368,https://gr.maharashtra.gov.in/Site/Upload/Government%20Resolutions/English/202009221448433505.pdf,7,3448828,GR_DATASET\pdfs\Finance Department\202009221448433505.pdf,Downloaded,2026-07-27 21:23:42
Finance Department,Delegation of powers to the administrative departments for extending continuation to the temporary posts,202008311133462305,31-08-2020,3165,https://gr.maharashtra.gov.in/Site/Upload/Government%20Resolutions/English/202008311133462305.pdf,3,3240994,GR_DATASET\pdfs\Finance Department\202008311133462305.pdf,Downloaded,2026-07-27 21:23:44
Finance Department,"Interest rate for the year 2016-17, 2017-18 and 2018-19 (On Capital Account expenditure of Irrigation and Soil Conservation).",202008181456437505,18-08-2020,366,https://gr.maharashtra.gov.in/Site/Upload/Government%20Resolutions/English/202008181456437505.pdf,2,374851,GR_DATASET\pdfs\Finance Department\202008181456437505.pdf,Downloaded,2026-07-27 21:23:44
Finance Department,"Sanction of Government guarantee to Rajgad Sahakari Sakhar Karkhana, Bhor dist. Pune to avail short term loan of Rs. 12 Crores from Maharashtra State Cooperative Bank.",202008171600529705,17-08-2020,3166,https://gr.maharashtra.gov.in/Site/Upload/Government%20Resolutions/English/202008171600529705.pdf,3,3241608,GR_DATASET\pdfs\Finance Department\202008171600529705.pdf,Downloaded,2026-07-27 21:23:46
Finance Department,"Sanction of Government guarantee to Shri Vitthal Sahakari Sakhar Karkhana, Solapur to avail short term loan of Rs. 60 Crores from Maharashtra State Cooperative Bank.",202008171627172905,17-08-2020,3167,https://gr.maharashtra.gov.in/Site/Upload/Government%20Resolutions/English/202008171627172905.pdf,3,3242969,GR_DATASET\pdfs\Finance Department\202008171627172905.pdf,Downloaded,2026-07-27 21:23:47
Finance Department,Regarding the financial impact of the contagious disease of Covid-19 in the financial year 2020-21. (Corrigendum-6),202008141710503705,14-08-2020,3159,https://gr.maharashtra.gov.in/Site/Upload/Government%20Resolutions/English/202008141710503705.pdf,2,3234341,GR_DATASET\pdfs\Finance Department\202008141710503705.pdf,Downloaded,2026-07-27 21:23:49
Finance Department,Rate of Interest on Purchase of Conveyance with effect from the Year 2016-17.,202008131439139905,13-08-2020,388,https://gr.maharashtra.gov.in/Site/Upload/Government%20Resolutions/English/202008131439139905.pdf,2,397034,GR_DATASET\pdfs\Finance Department\202008131439139905.pdf,Downloaded,2026-07-27 21:23:50
Finance Department,Regarding the salary of contractual services,202008131451036605,13-08-2020,391,https://gr.maharashtra.gov.in/Site/Upload/Government%20Resolutions/English/202008131451036605.pdf,2,400562,GR_DATASET\pdfs\Finance Department\202008131451036605.pdf,Downloaded,2026-07-27 21:23:51
Finance Department,"Government Banking permission to IDBI, RRB and DCC Bank.",202008131500094805,13-08-2020,383,https://gr.maharashtra.gov.in/Site/Upload/Government%20Resolutions/English/202008131500094805.pdf,4,392052,GR_DATASET\pdfs\Finance Department\202008131500094805.pdf,Downloaded,2026-07-27 21:23:52
Finance Department,Government Banking Permission to UCO Bank.,202008071414054005,07-08-2020,390,https://gr.maharashtra.gov.in/Site/Upload/Government%20Resolutions/English/202008071414054005.pdf,3,399805,GR_DATASET\pdfs\Finance Department\202008071414054005.pdf,Downloaded,2026-07-27 21:23:52
Finance Department,Prize Structure and Procedure of Maharashtra Ganpati Bumper Draw,202008251250574005,07-08-2020,3612,https://gr.maharashtra.gov.in/Site/Upload/Government%20Resolutions/English/202008251250574005.pdf,7,3698211,GR_DATASET\pdfs\Finance Department\202008251250574005.pdf,Downloaded,2026-07-27 21:23:54
Finance Department,Regarding the financial impact of the contagious disease of Covid-19 in the financial year 2020-21. ( Corrigendum-5),202008051640597905,05-08-2020,3142,https://gr.maharashtra.gov.in/Site/Upload/Government%20Resolutions/English/202008051640597905.pdf,2,3217899,GR_DATASET\pdfs\Finance Department\202008051640597905.pdf,Downloaded,2026-07-27 21:23:55
Finance Department,Regarding the financial impact of the contagious disease of Covid-19 in the financial year 2020-21. ( Corrigendum-4),202007301629091005,30-07-2020,3885,https://gr.maharashtra.gov.in/Site/Upload/Government%20Resolutions/English/202007301629091005.pdf,2,3978066,GR_DATASET\pdfs\Finance Department\202007301629091005.pdf,Downloaded,2026-07-27 21:23:57
Finance Department,"Relief measures, on the lines of GoI, in respect of hardship faced by government contractors of ongoing contracts in the state due to COVID pandemic.",202007291809594805,29-07-2020,3325,https://gr.maharashtra.gov.in/Site/Upload/Government%20Resolutions/English/202007291809594805.pdf,5,3405192,GR_DATASET\pdfs\Finance Department\202007291809594805.pdf,Downloaded,2026-07-27 21:23:58
Finance Department,Change in name of Directorate Designation of Posts of Local Fund Directorate,202007281326032605,28-07-2020,383,https://gr.maharashtra.gov.in/Site/Upload/Government%20Resolutions/English/202007281326032605.pdf,2,392126,GR_DATASET\pdfs\Finance Department\202007281326032605.pdf,Downloaded,2026-07-27 21:23:59
Finance Department,Government Vehicle Price Limit Policy.,202007281650022005,28-07-2020,411,https://gr.maharashtra.gov.in/Site/Upload/Government%20Resolutions/English/202007281650022005.pdf,6,420801,GR_DATASET\pdfs\Finance Department\202007281650022005.pdf,Downloaded,2026-07-27 21:24:00
Finance Department,Regarding Salary payment of March 2020.,202007281656482705,28-07-2020,500,https://gr.maharashtra.gov.in/Site/Upload/Government%20Resolutions/English/202007281656482705.pdf,3,512484,GR_DATASET\pdfs\Finance Department\202007281656482705.pdf,Downloaded,2026-07-27 21:24:00
Finance Department,Sanction of Loan of Rs.501.9886 Crore under RIDF-26 by NABARD for the 6 Irrigation Projects of Water Resource Department.,202007231614250605,23-07-2020,3699,https://gr.maharashtra.gov.in/Site/Upload/Government%20Resolutions/English/202007231614250605.pdf,5,3788163,GR_DATASET\pdfs\Finance Department\202007231614250605.pdf,Downloaded,2026-07-27 21:24:02
Finance Department,Regarding the salary of contractual services.,202007171436239605,17-07-2020,374,https://gr.maharashtra.gov.in/Site/Upload/Government%20Resolutions/English/202007171436239605.pdf,3,383457,GR_DATASET\pdfs\Finance Department\202007171436239605.pdf,Downloaded,2026-07-27 21:24:02
Finance Department,"Supplementary Demand for year 2020-21 Assembly Session August, 2020.",202007151712595405,15-07-2020,3203,https://gr.maharashtra.gov.in/Site/Upload/Government%20Resolutions/English/202007151712595405.pdf,11,3279640,GR_DATASET\pdfs\Finance Department\202007151712595405.pdf,Downloaded,2026-07-27 21:24:05
Finance Department,Regarding the financial impact of the contagious disease of Covid-19 in the financial year 2020-21. (Corrigendum-3),202007141628091805,14-07-2020,3144,https://gr.maharashtra.gov.in/Site/Upload/Government%20Resolutions/English/202007141628091805.pdf,2,3219623,GR_DATASET\pdfs\Finance Department\202007141628091805.pdf,Downloaded,2026-07-27 21:24:06
Finance Department,Medical Reimbursement of Group Insurance Scheme for State Working/Retired Employees and All India Services Officers.,202007131656229605,13-07-2020,398,https://gr.maharashtra.gov.in/Site/Upload/Government%20Resolutions/English/202007131656229605.pdf,5,407420,GR_DATASET\pdfs\Finance Department\202007131656229605.pdf,Downloaded,2026-07-27 21:24:07
Finance Department,Cancellation of Govt. guarantee of Rs. 200 Cr. given to Maharashtra State Co-Op Marketing Fed. for purchase of Toor on behalf of NAFED under minimum support price scheme for Season 2019-20.,202007081114597705,08-07-2020,3144,https://gr.maharashtra.gov.in/Site/Upload/Government%20Resolutions/English/202007081114597705.pdf,2,3219163,GR_DATASET\pdfs\Finance Department\202007081114597705.pdf,Downloaded,2026-07-27 21:24:08
Finance Department,Sanction of Government Guarantee to Maharashtra State Co-op. Cotton Growers Marketing Federation to avail loan of Rs.1000 Crores from Financial Institution/ Nationalised Bank for purchase of cotton under MSP for the season 2019-20.,202007061238559505,06-07-2020,3258,https://gr.maharashtra.gov.in/Site/Upload/Government%20Resolutions/English/202007061238559505.pdf,8,3336277,GR_DATASET\pdfs\Finance Department\202007061238559505.pdf,Downloaded,2026-07-27 21:24:11
Finance Department,"Sanction of government guarantee to Rajgad Sahakari Sakhar Karkhana, Bhor, Pune to avail short term loan of Rs.12 Crores from Maharashtra State Cooperative Bank",202007021348302305,02-07-2020,3154,https://gr.maharashtra.gov.in/Site/Upload/Government%20Resolutions/English/202007021348302305.pdf,3,3229376,GR_DATASET\pdfs\Finance Department\202007021348302305.pdf,Downloaded,2026-07-27 21:24:14
Finance Department,"Sanction of Government guarantee to Shri Vitthal Sahakari Sakhar Karkhana, Solapur to avail short term loan of Rs. 60 Crores from Maharashtra State Cooperative Bank.",202007021355537005,02-07-2020,3155,https://gr.maharashtra.gov.in/Site/Upload/Government%20Resolutions/English/202007021355537005.pdf,3,3230790,GR_DATASET\pdfs\Finance Department\202007021355537005.pdf,Downloaded,2026-07-27 21:24:18
Finance Department,"Admissibility of Annual Increment Dated 1st Of July, 2020, To State Government Employees.",202007021542280805,02-07-2020,382,https://gr.maharashtra.gov.in/Site/Upload/Government%20Resolutions/English/202007021542280805.pdf,3,391371,GR_DATASET\pdfs\Finance Department\202007021542280805.pdf,Downloaded,2026-07-27 21:24:19
Finance Department,Financial and Administrative Approval for purchase of one New Computer for Directorate of Lottery,202007031155231105....,30-06-2020,3190,https://gr.maharashtra.gov.in/Site/Upload/Government%20Resolutions/English/202007031155231105.....pdf,2,3267527,GR_DATASET\pdfs\Finance Department\202007031155231105.....pdf,Downloaded,2026-07-27 21:24:22
Finance Department,As a Special case delegating the right of sanctioning provisional pension / family pension to the Head of Department.,202006251615447405,25-06-2020,511,https://gr.maharashtra.gov.in/Site/Upload/Government%20Resolutions/English/202006251615447405.pdf,3,523102,GR_DATASET\pdfs\Finance Department\202006251615447405.pdf,Downloaded,2026-07-27 21:24:23
Finance Department,7th Pay Commission arrears 2nd installment.,202006231830194505,23-06-2020,390,https://gr.maharashtra.gov.in/Site/Upload/Government%20Resolutions/English/202006231830194505.pdf,4,399470,GR_DATASET\pdfs\Finance Department\202006231830194505.pdf,Downloaded,2026-07-27 21:24:23
Finance Department,Regarding the financial impact of the contagious disease of Covid-19 in the financial year 2020-21. (Corrigendum-2),202006161542055605,16-06-2020,3158,https://gr.maharashtra.gov.in/Site/Upload/Government%20Resolutions/English/202006161542055605.pdf,2,3233407,GR_DATASET\pdfs\Finance Department\202006161542055605.pdf,Downloaded,2026-07-27 21:24:25
Finance Department,Instructions on ensuring attendance of government office staff during limited attendance period and drawing of salary.,202006051253177205,05-06-2020,910,https://gr.maharashtra.gov.in/Site/Upload/Government%20Resolutions/English/202006051253177205.pdf,2,931799,GR_DATASET\pdfs\Finance Department\202006051253177205.pdf,Downloaded,2026-07-27 21:24:26
Finance Department,Regarding Insurance Cover/Ex-gratia assistance to employees in case of death on account of Covid during course of Covid related duties.,202005291511413805,29-05-2020,226,https://gr.maharashtra.gov.in/Site/Upload/Government%20Resolutions/English/202005291511413805.pdf,5,231440,GR_DATASET\pdfs\Finance Department\202005291511413805.pdf,Downloaded,2026-07-27 21:24:27
Finance Department,Clarification in connection with remittance of unspent Bank Balance.,202005281420481805,28-05-2020,417,https://gr.maharashtra.gov.in/Site/Upload/Government%20Resolutions/English/202005281420481805.pdf,4,426987,GR_DATASET\pdfs\Finance Department\202005281420481805.pdf,Downloaded,2026-07-27 21:24:28
Finance Department,Government Banking permission to Canara Bank.,202005261446169705,26-05-2020,368,https://gr.maharashtra.gov.in/Site/Upload/Government%20Resolutions/English/202005261446169705.pdf,3,377328,GR_DATASET\pdfs\Finance Department\202005261446169705.pdf,Downloaded,2026-07-27 21:24:29
Finance Department,Regarding refund of Balance Amount in the Government Accounts.,202005261446200005,26-05-2020,377,https://gr.maharashtra.gov.in/Site/Upload/Government%20Resolutions/English/202005261446200005.pdf,4,386102,GR_DATASET\pdfs\Finance Department\202005261446200005.pdf,Downloaded,2026-07-27 21:24:29
Finance Department,Ensuring that funds for Centrally Sponsored Schemes are deposited in the Consolidated Fund of the State Government-,202005181212444505,18-05-2020,3147,https://gr.maharashtra.gov.in/Site/Upload/Government%20Resolutions/English/202005181212444505.pdf,3,3222122,GR_DATASET\pdfs\Finance Department\202005181212444505.pdf,Downloaded,2026-07-27 21:24:31
Finance Department,Sanction of Government Guarantee of Rs. 2800 crore to Maharashtra State Electricity Distribution Company for connection of agricultural pumps through High Pressure Distribution System (HVDS) and construction of 105 new substations.,202005181442199005,18-05-2020,3171,https://gr.maharashtra.gov.in/Site/Upload/Government%20Resolutions/English/202005181442199005.pdf,2,3247399,GR_DATASET\pdfs\Finance Department\202005181442199005.pdf,Downloaded,2026-07-27 21:24:34
Finance Department,Regarding the financial impact of the contagious disease of Covid-19 in the financial year 2020-21,202005131823182205,14-05-2020,3143,https://gr.maharashtra.gov.in/Site/Upload/Government%20Resolutions/English/202005131823182205.pdf,2,3218928,GR_DATASET\pdfs\Finance Department\202005131823182205.pdf,Downloaded,2026-07-27 21:24:35
Finance Department,"Sanction of government guarantee to Rajgad Sahakari Sakhar Karkhana, Bhor, Pune to avail short term loan of Rs.12 Crores from Maharashtra State Cooperative Bank.",202005181243416005,13-05-2020,3168,https://gr.maharashtra.gov.in/Site/Upload/Government%20Resolutions/English/202005181243416005.pdf,3,3243817,GR_DATASET\pdfs\Finance Department\202005181243416005.pdf,Downloaded,2026-07-27 21:24:37
Finance Department,"Sanction of Government guarantee to Shri Vitthal Sahakari Sakhar Karkhana, Solapur to avail short term loan of Rs. 60 Crores from Maharashtra State Cooperative Bank.",202005181241421105,13-05-2020,3167,https://gr.maharashtra.gov.in/Site/Upload/Government%20Resolutions/English/202005181241421105.pdf,2,3243258,GR_DATASET\pdfs\Finance Department\202005181241421105.pdf,Downloaded,2026-07-27 21:24:39
Finance Department,Regarding approval of temporary pension to retired employees considering delay in issuance of authority letter and verification of service books of the retired employees.,202005121550360405,12-05-2020,350,https://gr.maharashtra.gov.in/Site/Upload/Government%20Resolutions/English/202005121550360405.pdf,2,358562,GR_DATASET\pdfs\Finance Department\202005121550360405.pdf,Downloaded,2026-07-27 21:24:39
Finance Department,Finance Department regarding Covid-19,202005041258407805,04-05-2020,397,https://gr.maharashtra.gov.in/Site/Upload/Government%20Resolutions/English/202005041258407805.pdf,5,406945,GR_DATASET\pdfs\Finance Department\202005041258407805.pdf,Downloaded,2026-07-27 21:24:40
Finance Department,"Salary payment of month April, 2020.",202004221651057405,22-04-2020,347,https://gr.maharashtra.gov.in/Site/Upload/Government%20Resolutions/English/202004221651057405.pdf,2,355337,GR_DATASET\pdfs\Finance Department\202004221651057405.pdf,Downloaded,2026-07-27 21:24:41
Finance Department,"Maharashtra Appropriation Act, 2020 - Grant Release (Provisional release)",202004161700115805,16-04-2020,178,https://gr.maharashtra.gov.in/Site/Upload/Government%20Resolutions/English/202004161700115805.pdf,6,182378,GR_DATASET\pdfs\Finance Department\202004161700115805.pdf,Downloaded,2026-07-27 21:24:42
Finance Department,Regarding the salary of contractual services,202007021252053705,16-04-2020,403,https://gr.maharashtra.gov.in/Site/Upload/Government%20Resolutions/English/202007021252053705.pdf,3,413041,GR_DATASET\pdfs\Finance Department\202007021252053705.pdf,Downloaded,2026-07-27 21:24:43
Finance Department,Constitution of Expert Committee - Remedy for impact on State Economy due to Covid-19.,202004171226383905,13-04-2020,3148,https://gr.maharashtra.gov.in/Site/Upload/Government%20Resolutions/English/202004171226383905.pdf,3,3223571,GR_DATASET\pdfs\Finance Department\202004171226383905.pdf,Downloaded,2026-07-27 21:24:44
Finance Department,Constitution of Cabinet Sub Committee - Remedy for impact on State Economy due to Covid-19.,202004171615536505,13-04-2020,3153,https://gr.maharashtra.gov.in/Site/Upload/Government%20Resolutions/English/202004171615536505.pdf,3,3229125,GR_DATASET\pdfs\Finance Department\202004171615536505.pdf,Downloaded,2026-07-27 21:24:46
Finance Department,"Salary Payment of March,2020_Procedure",202004011227337905,01-04-2020,381,https://gr.maharashtra.gov.in/Site/Upload/Government%20Resolutions/English/202004011227337905.pdf,4,390114,GR_DATASET\pdfs\Finance Department\202004011227337905.pdf,Downloaded,2026-07-27 21:24:46
Finance Department,Salary payment of March 2020.,202003311432531505,31-03-2020,373,https://gr.maharashtra.gov.in/Site/Upload/Government%20Resolutions/English/202003311432531505.pdf,3,381843,GR_DATASET\pdfs\Finance Department\202003311432531505.pdf,Downloaded,2026-07-27 21:24:47
Finance Department,Acceptance of Loan of Rs. 450.1311 Crore from NABARD under RIDF-XXV for 287 works (23 Roads and 264 Bridges) of Public Works Department.,202003271450387105,27-03-2020,3177,https://gr.maharashtra.gov.in/Site/Upload/Government%20Resolutions/English/202003271450387105.pdf,4,3253487,GR_DATASET\pdfs\Finance Department\202003271450387105.pdf,Downloaded,2026-07-27 21:24:49
Finance Department,Extension for 1704 posts and other cadre for 585 temporary posts of goods and services Tax (previous Sales Tax Department) Department.,202003201109185105,20-03-2020,3165,https://gr.maharashtra.gov.in/Site/Upload/Government%20Resolutions/English/202003201109185105.pdf,3,3240525,GR_DATASET\pdfs\Finance Department\202003201109185105.pdf,Downloaded,2026-07-27 21:24:51
Finance Department,Extension for 13 temporary posts of Maharashtra Sales Tax Tribunal Mumbai.,202003201109048105,20-03-2020,3163,https://gr.maharashtra.gov.in/Site/Upload/Government%20Resolutions/English/202003201109048105.pdf,3,3238990,GR_DATASET\pdfs\Finance Department\202003201109048105.pdf,Downloaded,2026-07-27 21:24:52
Finance Department,Extension for 264 posts created under restructuring of Sales Tax Department for Mumbai Sales Tax Act.,202003201109280905,20-03-2020,3163,https://gr.maharashtra.gov.in/Site/Upload/Government%20Resolutions/English/202003201109280905.pdf,2,3238566,GR_DATASET\pdfs\Finance Department\202003201109280905.pdf,Downloaded,2026-07-27 21:24:53
Finance Department,"Excess Demands for year 2014-15, 2015-16 and 2016-17.",202003181304402005,18-03-2020,3270,https://gr.maharashtra.gov.in/Site/Upload/Government%20Resolutions/English/202003181304402005.pdf,2,3348322,GR_DATASET\pdfs\Finance Department\202003181304402005.pdf,Downloaded,2026-07-27 21:24:57
Finance Department,Contingency fund Recup. February 2020.,202003181252083405,18-03-2020,347,https://gr.maharashtra.gov.in/Site/Upload/Government%20Resolutions/English/202003181252083405.pdf,3,355486,GR_DATASET\pdfs\Finance Department\202003181252083405.pdf,Downloaded,2026-07-27 21:24:58
Finance Department,To Combat the Corona outbreak regarding excluding the required expenditure from financial Constraints.,202003181725328905,18-03-2020,339,https://gr.maharashtra.gov.in/Site/Upload/Government%20Resolutions/English/202003181725328905.pdf,2,346664,GR_DATASET\pdfs\Finance Department\202003181725328905.pdf,Downloaded,2026-07-27 21:24:58
Finance Department,Govt. guarantee of Rs. 200 cr. to Maharashtra State Co-Op Marketing Fed. for purchase of Toor on behalf of NAFED under minimum support price scheme for season.2019-20,202003171304513905....,17-03-2020,427,https://gr.maharashtra.gov.in/Site/Upload/Government%20Resolutions/English/202003171304513905.....pdf,7,437418,GR_DATASET\pdfs\Finance Department\202003171304513905.....pdf,Downloaded,2026-07-27 21:24:59
Finance Department,List of Maharashtra State Government Sponsored Lottery schemes Period dt. 16/03/2020. to dt. 22/03/2020.,202003201446229305,17-03-2020,3176,https://gr.maharashtra.gov.in/Site/Upload/Government%20Resolutions/English/202003201446229305.pdf,4,3252196,GR_DATASET\pdfs\Finance Department\202003201446229305.pdf,Downloaded,2026-07-27 21:25:02
Finance Department,Resolved 25 percent Class D post of Finance Department.,202003161519599205,16-03-2020,3146,https://gr.maharashtra.gov.in/Site/Upload/Government%20Resolutions/English/202003161519599205.pdf,3,3221412,GR_DATASET\pdfs\Finance Department\202003161519599205.pdf,Downloaded,2026-07-27 21:25:03
Finance Department,Continuation of temporary posts of Finance Department.,202003161528232605,16-03-2020,3149,https://gr.maharashtra.gov.in/Site/Upload/Government%20Resolutions/English/202003161528232605.pdf,3,3224225,GR_DATASET\pdfs\Finance Department\202003161528232605.pdf,Downloaded,2026-07-27 21:25:05
Finance Department,Procedure for submission of proposals to finance department regarding Government Guarantee and taking quarterly review of the cases in which government guarantee is given.,202003161505599305,16-03-2020,310,https://gr.maharashtra.gov.in/Site/Upload/Government%20Resolutions/English/202003161505599305.pdf,3,317858,GR_DATASET\pdfs\Finance Department\202003161505599305.pdf,Downloaded,2026-07-27 21:25:06
Finance Department,State Government funds are keep only in Nationalised Bank.,202003131706045205,13-03-2020,935,https://gr.maharashtra.gov.in/Site/Upload/Government%20Resolutions/English/202003131706045205.pdf,5,957131,GR_DATASET\pdfs\Finance Department\202003131706045205.pdf,Downloaded,2026-07-27 21:25:08
Finance Department,"Procedure of work to be followed by all Administrative Department P.A.O., Treasury/ Sub Treasury for the end of financial year 2020 (i.e. March End).",202003131718394305,13-03-2020,1073,https://gr.maharashtra.gov.in/Site/Upload/Government%20Resolutions/English/202003131718394305.pdf,5,1098410,GR_DATASET\pdfs\Finance Department\202003131718394305.pdf,Downloaded,2026-07-27 21:25:09
Finance Department,"Regarding the provisions of out sourcing services of 7 Firemen in Group-D for Goods and Services Tax Department, Mazgaon.",202003131546421105,13-03-2020,3163,https://gr.maharashtra.gov.in/Site/Upload/Government%20Resolutions/English/202003131546421105.pdf,2,3238421,GR_DATASET\pdfs\Finance Department\202003131546421105.pdf,Downloaded,2026-07-27 21:25:11
Finance Department,Fund distribution 2019-20 Reappropriation.,202003131746446605,13-03-2020,3151,https://gr.maharashtra.gov.in/Site/Upload/Government%20Resolutions/English/202003131746446605.pdf,3,3226842,GR_DATASET\pdfs\Finance Department\202003131746446605.pdf,Downloaded,2026-07-27 21:25:12
Finance Department,Supplementary Statement of Expenditure 2019-2020 submitted in the February 2020 Assembly session.,202003111318215605....,11-03-2020,3162,https://gr.maharashtra.gov.in/Site/Upload/Government%20Resolutions/English/202003111318215605.....pdf,2,3238314,GR_DATASET\pdfs\Finance Department\202003111318215605.....pdf,Downloaded,2026-07-27 21:25:14
Finance Department,Direct Payment towards D.D.O. Account through e-Kuber System.,202003111725522805,11-03-2020,517,https://gr.maharashtra.gov.in/Site/Upload/Government%20Resolutions/English/202003111725522805.pdf,6,529080,GR_DATASET\pdfs\Finance Department\202003111725522805.pdf,Downloaded,2026-07-27 21:25:15
Finance Department,List of Maharashtra State Government Sponsored Lottery schemes Period dt. 09/03/2020. to dt. 15/03/2020.,202003201442438305,06-03-2020,3176,https://gr.maharashtra.gov.in/Site/Upload/Government%20Resolutions/English/202003201442438305.pdf,4,3252204,GR_DATASET\pdfs\Finance Department\202003201442438305.pdf,Downloaded,2026-07-27 21:25:16
Finance Department,Maharashtra Civil Services Revised pay rule 2009 Post Continuation to pay verification unit for pay verification.,202003031649576805,03-03-2020,422,https://gr.maharashtra.gov.in/Site/Upload/Government%20Resolutions/English/202003031649576805.pdf,2,432076,GR_DATASET\pdfs\Finance Department\202003031649576805.pdf,Downloaded,2026-07-27 21:25:17
Finance Department,Restoration of 2/3rd commuted portion of pension in respect of the State Government employees who had drawn lump sum amount on their absorption in Public Sector Undertaking / Autonomous Body /Local Body and revision of pension as per Seventh Pay Commission.,202003021306115205,02-03-2020,204,https://gr.maharashtra.gov.in/Site/Upload/Government%20Resolutions/English/202003021306115205.pdf,9,209011,GR_DATASET\pdfs\Finance Department\202003021306115205.pdf,Downloaded,2026-07-27 21:25:18
Finance Department,List of Maharashtra State Government Sponsored Lottery schemes Period dt. 02/03/2020. to dt. 08/03/2020.,202003021551013305,28-02-2020,3176,https://gr.maharashtra.gov.in/Site/Upload/Government%20Resolutions/English/202003021551013305.pdf,4,3252676,GR_DATASET\pdfs\Finance Department\202003021551013305.pdf,Downloaded,2026-07-27 21:25:20
Finance Department,The State Government GIS 1982 Calculated Charts of benefit from savings fund for the period from 1st January 2020 to 31st December 2020.,202002281654252405....,28-02-2020,425,https://gr.maharashtra.gov.in/Site/Upload/Government%20Resolutions/English/202002281654252405.....pdf,6,436117,GR_DATASET\pdfs\Finance Department\202002281654252405.....pdf,Downloaded,2026-07-27 21:25:20
Finance Department,Sanction for internal change of Group D post for Director of Account and Treasury.,202002271533173105,27-02-2020,358,https://gr.maharashtra.gov.in/Site/Upload/Government%20Resolutions/English/202002271533173105.pdf,2,366179,GR_DATASET\pdfs\Finance Department\202002271533173105.pdf,Downloaded,2026-07-27 21:25:21
Finance Department,Redemption of 25 percent of Group D post of Directorate of Account and Treasury.,202002271538160205,26-02-2020,579,https://gr.maharashtra.gov.in/Site/Upload/Government%20Resolutions/English/202002271538160205.pdf,3,593319,GR_DATASET\pdfs\Finance Department\202002271538160205.pdf,Downloaded,2026-07-27 21:25:22
Finance Department,Permanent Right given to State Tax Commissioner Tax vide Sr. No. 14 of GR. Finance Department No. Vikavi-1211/C.R. 29/Vipra-4 Dated 18/11/2011.,202002251618460805,25-02-2020,3140,https://gr.maharashtra.gov.in/Site/Upload/Government%20Resolutions/English/202002251618460805.pdf,2,3215810,GR_DATASET\pdfs\Finance Department\202002251618460805.pdf,Downloaded,2026-07-27 21:25:23
Finance Department,"Sanction of Government Guarantee to Maharashtra State Co-op. Cotton Growers Marketing Federation to avail loan of Rs.1800 Crores at the rate of 7.75 percentage from Bank of India, Mumbai for purchase of cotton under MSP for the season 2019-20.",202002241533040905,24-02-2020,834,https://gr.maharashtra.gov.in/Site/Upload/Government%20Resolutions/English/202002241533040905.pdf,7,853882,GR_DATASET\pdfs\Finance Department\202002241533040905.pdf,Downloaded,2026-07-27 21:25:24
Finance Department,List of Maharashtra State Government Sponsored Lottery schemes Period dt. 24/02/2020. to dt. 01/03/2020.,202002251441033705,24-02-2020,3244,https://gr.maharashtra.gov.in/Site/Upload/Government%20Resolutions/English/202002251441033705.pdf,4,3321949,GR_DATASET\pdfs\Finance Department\202002251441033705.pdf,Downloaded,2026-07-27 21:25:26
Finance Department,List of Maharashtra State Government Sponsored Lottery schemes Period dt. 17/02/2020 to dt. 23/02/2020.,202002171524071505,14-02-2020,3266,https://gr.maharashtra.gov.in/Site/Upload/Government%20Resolutions/English/202002171524071505.pdf,4,3344731,GR_DATASET\pdfs\Finance Department\202002171524071505.pdf,Downloaded,2026-07-27 21:25:27
Finance Department,Delegation of powers to the administrative departments for extending continuation to the temporary posts.,202002121541368405,12-02-2020,3165,https://gr.maharashtra.gov.in/Site/Upload/Government%20Resolutions/English/202002121541368405.pdf,3,3240805,GR_DATASET\pdfs\Finance Department\202002121541368405.pdf,Downloaded,2026-07-27 21:25:29
Finance Department,Creation of supernumerary post for Scheduled Caste Employees.,202002121613524005,12-02-2020,2717,https://gr.maharashtra.gov.in/Site/Upload/Government%20Resolutions/English/202002121613524005.pdf,8,2781912,GR_DATASET\pdfs\Finance Department\202002121613524005.pdf,Downloaded,2026-07-27 21:25:31
Finance Department,Maharashtra State Lottery Prize structure and procedure of Maharashtra Gajraj Monthly Draw.,202003031731522505,12-02-2020,3550,https://gr.maharashtra.gov.in/Site/Upload/Government%20Resolutions/English/202003031731522505.pdf,6,3634698,GR_DATASET\pdfs\Finance Department\202003031731522505.pdf,Downloaded,2026-07-27 21:25:32
Finance Department,Maharashtra State Lottery Prize structure and procedure of Gudipadawa Bumper Draw 2020.,202003031712563605,12-02-2020,3206,https://gr.maharashtra.gov.in/Site/Upload/Government%20Resolutions/English/202003031712563605.pdf,6,3282990,GR_DATASET\pdfs\Finance Department\202003031712563605.pdf,Downloaded,2026-07-27 21:25:34
Finance Department,"Acceptance of Loan of Rs.1550.95 Crores, sanctioned by National Bank for Agriculture and Rural Development under RIDF-XXV for the Water Resources Departments Sulwade Jamphal Kanoli Lift Irrigation project.",202002101438030605,10-02-2020,3290,https://gr.maharashtra.gov.in/Site/Upload/Government%20Resolutions/English/202002101438030605.pdf,4,3368981,GR_DATASET\pdfs\Finance Department\202002101438030605.pdf,Downloaded,2026-07-27 21:25:38
Finance Department,List of Maharashtra State Government Sponsored Lottery schemes Period dt. 10/02/2020. to dt. 16/02/2020.List of Maharashtra State Government Sponsored Lottery schemes Period dt. 10/02/2020. to dt. 16/02/2020.,202002101632566805,07-02-2020,3176,https://gr.maharashtra.gov.in/Site/Upload/Government%20Resolutions/English/202002101632566805.pdf,4,3252321,GR_DATASET\pdfs\Finance Department\202002101632566805.pdf,Downloaded,2026-07-27 21:25:39
Finance Department,Creation of Supernumerary Posts on the Establishment of the Directorate of Insurance for the employees appointed in scheduled tribe but not produced the same certificates.,202002051705172205,05-02-2020,329,https://gr.maharashtra.gov.in/Site/Upload/Government%20Resolutions/English/202002051705172205.pdf,2,336918,GR_DATASET\pdfs\Finance Department\202002051705172205.pdf,Downloaded,2026-07-27 21:25:40
Finance Department,Maharashtra State Lottery Prize structure and procedure of Maharashtra Gourav Monthly Draw.,202003031716298805,05-02-2020,3630,https://gr.maharashtra.gov.in/Site/Upload/Government%20Resolutions/English/202003031716298805.pdf,6,3717236,GR_DATASET\pdfs\Finance Department\202003031716298805.pdf,Downloaded,2026-07-27 21:25:42
Finance Department,Maharashtra State Lottery Prize structure and procedure of Maharashtra Ganeshlaxmi Holi Monthly Draw.,202003031723359805,05-02-2020,3590,https://gr.maharashtra.gov.in/Site/Upload/Government%20Resolutions/English/202003031723359805.pdf,6,3675869,GR_DATASET\pdfs\Finance Department\202003031723359805.pdf,Downloaded,2026-07-27 21:25:44
Finance Department,Maharashtra State Lottery Prize structure and procedure of Maharashtra Sahyadri Monthly Draw.,202003031726348105,05-02-2020,3590,https://gr.maharashtra.gov.in/Site/Upload/Government%20Resolutions/English/202003031726348105.pdf,6,3675971,GR_DATASET\pdfs\Finance Department\202003031726348105.pdf,Downloaded,2026-07-27 21:25:46
Finance Department,"Maharashtra Civil Services (Revised Pay) Rules, 2019 (Amendment No. 10)",202002041441452905,04-02-2020,3204,https://gr.maharashtra.gov.in/Site/Upload/Government%20Resolutions/English/202002041441452905.pdf,2,3280955,GR_DATASET\pdfs\Finance Department\202002041441452905.pdf,Downloaded,2026-07-27 21:25:47
Finance Department,"Revised clarification regarding admissibility of benefit of time bound promotion/advanced career progression scheme, to the employees who have not passed departmental exam within stipulated time period",202001311546493805,01-02-2020,3173,https://gr.maharashtra.gov.in/Site/Upload/Government%20Resolutions/English/202001311546493805.pdf,4,3248752,GR_DATASET\pdfs\Finance Department\202001311546493805.pdf,Downloaded,2026-07-27 21:25:49
Finance Department,List of Maharashtra State Government Sponsored Lottery schemes Period dt. 03/02/2020 to dt. 09/02/2020.,202002011548135905,31-01-2020,3266,https://gr.maharashtra.gov.in/Site/Upload/Government%20Resolutions/English/202002011548135905.pdf,4,3344570,GR_DATASET\pdfs\Finance Department\202002011548135905.pdf,Downloaded,2026-07-27 21:25:51
Finance Department,Classification of posts under Joint Director Local Fund (Municipal Audit) New Bombay.,202002011151384505,31-01-2020,372,https://gr.maharashtra.gov.in/Site/Upload/Government%20Resolutions/English/202002011151384505.pdf,3,381059,GR_DATASET\pdfs\Finance Department\202002011151384505.pdf,Downloaded,2026-07-27 21:25:52
Finance Department,Submit Statutory Development Broadside Committed Expenditure with non-Devisable Component to Assembly.,202002011209398105,31-01-2020,3159,https://gr.maharashtra.gov.in/Site/Upload/Government%20Resolutions/English/202002011209398105.pdf,2,3234444,GR_DATASET\pdfs\Finance Department\202002011209398105.pdf,Downloaded,2026-07-27 21:25:53
Finance Department,"Maharashtra State Lottery Prize structure and procedure of Surabhi Som, Surabhi Mangal, Surabhi Budh, Surabhi Guru, Surabhi Shukra, Surabhi Shani, Surabhi Ravi Draw.",202003031718523605,31-01-2020,3305,https://gr.maharashtra.gov.in/Site/Upload/Government%20Resolutions/English/202003031718523605.pdf,5,3384498,GR_DATASET\pdfs\Finance Department\202003031718523605.pdf,Downloaded,2026-07-27 21:25:55
Finance Department,"Maharashtra State Lottery Prize Structure and Procedure of Sagarlaxmi, Padmini, Akshay, Akarshakpushkaraj, Vaibhavlaxmi and Maharashtralaxmi.",202002171641008605,31-01-2020,3588,https://gr.maharashtra.gov.in/Site/Upload/Government%20Resolutions/English/202002171641008605.pdf,6,3674386,GR_DATASET\pdfs\Finance Department\202002171641008605.pdf,Downloaded,2026-07-27 21:25:57
Finance Department,Maharashtra State Lottery- Prize Structure and Procedure of Maharashtra Gajlaxmi Akarshak (Shukrawar) and Maharashtra Gajlaxmi (Ravivar).,202002171648137905,31-01-2020,3680,https://gr.maharashtra.gov.in/Site/Upload/Government%20Resolutions/English/202002171648137905.pdf,5,3767969,GR_DATASET\pdfs\Finance Department\202002171648137905.pdf,Downloaded,2026-07-27 21:25:58
Finance Department,"Maharashtra State Lottery- Prize Structure and Procedure of Maharashtra Gajlaxmi Som, Maharashtra Gajlaxmi Mangal, Maharashtra Gajlaxmi Budh, Maharashtra Gajlaxmi Guru, Maharashtra Gajlaxmi Shani.",202002171654196305,31-01-2020,3742,https://gr.maharashtra.gov.in/Site/Upload/Government%20Resolutions/English/202002171654196305.pdf,5,3832320,GR_DATASET\pdfs\Finance Department\202002171654196305.pdf,Downloaded,2026-07-27 21:26:00
Finance Department,"Maharashtra State Lottery Prize Structure and procedure of Maharashtra Sahyadri Dhanlaxmi (Monday), Maharashtra Sahyadri Mahalaxmi (Tuesday), Maharashtra Sahyadri Vijayalaxmi (Wednesday), Maharashtra Sahyadri Deeplaxmi (Thursday), Maharashtra Sahyadri Rajlaxmi (Friday), Maharashtra Sahyadri Prabhalaxmi (Saturday) and Maharashtra Mohini (Sunday).",202002171707093905,31-01-2020,3629,https://gr.maharashtra.gov.in/Site/Upload/Government%20Resolutions/English/202002171707093905.pdf,6,3716318,GR_DATASET\pdfs\Finance Department\202002171707093905.pdf,Downloaded,2026-07-27 21:26:04
Finance Department,"Maharashtra State Lottery Prize Structure and procedure of Ganeshlaxmi Bhagyashali, Ganeshlaxmi Shubh, Ganeshlaxmi Vijayi, Ganeshlaxmi Gaurav, Ganeshlaxmi Dhan, Ganeshlaxmi Samrudhi and Ganeshlaxmi Vaibhav Weekly Draw.",202002181501335505,31-01-2020,3699,https://gr.maharashtra.gov.in/Site/Upload/Government%20Resolutions/English/202002181501335505.pdf,6,3788025,GR_DATASET\pdfs\Finance Department\202002181501335505.pdf,Downloaded,2026-07-27 21:26:08
Finance Department,Action to be taken on proposals regarding purchase at the end of Financial year.,202001301457130605,30-01-2020,356,https://gr.maharashtra.gov.in/Site/Upload/Government%20Resolutions/English/202001301457130605.pdf,3,364811,GR_DATASET\pdfs\Finance Department\202001301457130605.pdf,Downloaded,2026-07-27 21:26:09
Finance Department,Circular of Income Tax deduction for the year 2019-20 issued by Central Government.,202001301505071505,30-01-2020,350,https://gr.maharashtra.gov.in/Site/Upload/Government%20Resolutions/English/202001301505071505.pdf,2,358240,GR_DATASET\pdfs\Finance Department\202001301505071505.pdf,Downloaded,2026-07-27 21:26:10
Finance Department,Regarding the salary of contractual services..,202001291520582605,29-01-2020,444,https://gr.maharashtra.gov.in/Site/Upload/Government%20Resolutions/English/202001291520582605.pdf,4,454796,GR_DATASET\pdfs\Finance Department\202001291520582605.pdf,Downloaded,2026-07-27 21:26:11
Finance Department,Repealing the post of Grade-D-office of Directorate of Local Fund.,202002011155273105,27-01-2020,354,https://gr.maharashtra.gov.in/Site/Upload/Government%20Resolutions/English/202002011155273105.pdf,2,362822,GR_DATASET\pdfs\Finance Department\202002011155273105.pdf,Downloaded,2026-07-27 21:26:12
Finance Department,List of Maharashtra State Government Sponsored Lottery schemes Period dt. 26/01/2020. to dt. 02/02/2020.,202001241627014605,24-01-2020,3176,https://gr.maharashtra.gov.in/Site/Upload/Government%20Resolutions/English/202001241627014605.pdf,4,3252118,GR_DATASET\pdfs\Finance Department\202001241627014605.pdf,Downloaded,2026-07-27 21:26:15
Finance Department,Administrative approval for purchase of bags for budget 2020-2021,202001221258050505,22-01-2020,3143,https://gr.maharashtra.gov.in/Site/Upload/Government%20Resolutions/English/202001221258050505.pdf,2,3218402,GR_DATASET\pdfs\Finance Department\202001221258050505.pdf,Downloaded,2026-07-27 21:26:16
Finance Department,Exemption of the collection of SGST amount from buyer on the sale of Ticket of Movie Tanhaji - The Unsang Warrior.,202001221731025805,22-01-2020,3443,https://gr.maharashtra.gov.in/Site/Upload/Government%20Resolutions/English/202001221731025805.pdf,2,3525557,GR_DATASET\pdfs\Finance Department\202001221731025805.pdf,Downloaded,2026-07-27 21:26:18
Finance Department,2019-20 Fund Release.,202001221926298105,22-01-2020,3144,https://gr.maharashtra.gov.in/Site/Upload/Government%20Resolutions/English/202001221926298105.pdf,2,3219155,GR_DATASET\pdfs\Finance Department\202001221926298105.pdf,Downloaded,2026-07-27 21:26:19
Finance Department,"Supplementary Demands 2019-20 (Budget Session, February 2020).",202001201559173705,20-01-2020,411,https://gr.maharashtra.gov.in/Site/Upload/Government%20Resolutions/English/202001201559173705.pdf,10,421221,GR_DATASET\pdfs\Finance Department\202001201559173705.pdf,Downloaded,2026-07-27 21:26:20
Finance Department,List of Maharashtra State Government Sponsored Lottery schemes Period dt. 20/01/2020 to dt. 25/01/2020.,202001181603242705,17-01-2020,3359,https://gr.maharashtra.gov.in/Site/Upload/Government%20Resolutions/English/202001181603242705.pdf,4,3439998,GR_DATASET\pdfs\Finance Department\202001181603242705.pdf,Downloaded,2026-07-27 21:26:23
Finance Department,Formation of legal panel for handling court cases of Directorate of Insurance.,202001161514241005,16-01-2020,194,https://gr.maharashtra.gov.in/Site/Upload/Government%20Resolutions/English/202001161514241005.pdf,7,198755,GR_DATASET\pdfs\Finance Department\202001161514241005.pdf,Downloaded,2026-07-27 21:26:24
Finance Department,Recoupment of advance taken from contingency fund (December 2019).,202001141523381405,14-01-2020,488,https://gr.maharashtra.gov.in/Site/Upload/Government%20Resolutions/English/202001141523381405.pdf,3,499476,GR_DATASET\pdfs\Finance Department\202001141523381405.pdf,Downloaded,2026-07-27 21:26:25
Finance Department,"Regarding to provide permission for 14 vehicles (staff car) to District Treasury Offices under Directorate, Accounts and Treasury",202001141537540705,14-01-2020,345,https://gr.maharashtra.gov.in/Site/Upload/Government%20Resolutions/English/202001141537540705.pdf,2,353660,GR_DATASET\pdfs\Finance Department\202001141537540705.pdf,Downloaded,2026-07-27 21:26:26
Finance Department,Regarding the implementation of the paragraphs in the audit report of the Local Fund Audit Department by the Zilla Parishad and Panchayat Samiti online through L-CAP portal,202001141541057405,14-01-2020,359,https://gr.maharashtra.gov.in/Site/Upload/Government%20Resolutions/English/202001141541057405.pdf,3,367574,GR_DATASET\pdfs\Finance Department\202001141541057405.pdf,Downloaded,2026-07-27 21:26:27
Finance Department,List of Maharashtra State Government Sponsored Lottery schemes Period dt. 13/01/2020. to dt. 19/01/2020.,202001131703175505,10-01-2020,3177,https://gr.maharashtra.gov.in/Site/Upload/Government%20Resolutions/English/202001131703175505.pdf,4,3253404,GR_DATASET\pdfs\Finance Department\202001131703175505.pdf,Downloaded,2026-07-27 21:26:29
Finance Department,Procedure for refund of refunds in case of incorrect/double/ extra provided electronically by Grass system ...,202001091227420405,09-01-2020,374,https://gr.maharashtra.gov.in/Site/Upload/Government%20Resolutions/English/202001091227420405.pdf,5,382649,GR_DATASET\pdfs\Finance Department\202001091227420405.pdf,Downloaded,2026-07-27 21:26:29
Finance Department,Refund of the SGST amount paid by Theatre Owner on the sale of tickets of Hindi Movie (Panipat).,202001081228328005,08-01-2020,3312,https://gr.maharashtra.gov.in/Site/Upload/Government%20Resolutions/English/202001081228328005.pdf,2,3391484,GR_DATASET\pdfs\Finance Department\202001081228328005.pdf,Downloaded,2026-07-27 21:26:31
Finance Department,"Extension to the Notional posts of Group-C, created on the establishment of the Directorate of Insurance, and filling them on contractual basis.",202001081530366905,07-01-2020,324,https://gr.maharashtra.gov.in/Site/Upload/Government%20Resolutions/English/202001081530366905.pdf,2,332187,GR_DATASET\pdfs\Finance Department\202001081530366905.pdf,Downloaded,2026-07-27 21:26:32
Finance Department,"Dearness Relief Increase to 17 Percent on Pension/Family Pension w.e.f. 1st July, 2019.",202001071327336805,07-01-2020,308,https://gr.maharashtra.gov.in/Site/Upload/Government%20Resolutions/English/202001071327336805.pdf,6,315046,GR_DATASET\pdfs\Finance Department\202001071327336805.pdf,Downloaded,2026-07-27 21:26:32
Finance Department,Creation of Sevaarth ID of employee on deputation for purpose of submission of service book to pay verification unit according to 7th pay commission fixation.,202001071525050605,07-01-2020,372,https://gr.maharashtra.gov.in/Site/Upload/Government%20Resolutions/English/202001071525050605.pdf,2,380788,GR_DATASET\pdfs\Finance Department\202001071525050605.pdf,Downloaded,2026-07-27 21:26:33
Finance Department,Dearness Relief Increase to 164 percent for the pension / family pension being drawn in the pre-revised scale (sixth pay) w.e.f. 1st July 2019.,202001071305406605,07-01-2020,331,https://gr.maharashtra.gov.in/Site/Upload/Government%20Resolutions/English/202001071305406605.pdf,6,339309,GR_DATASET\pdfs\Finance Department\202001071305406605.pdf,Downloaded,2026-07-27 21:26:34
Finance Department,"D. A. w.e.f. 01st July, 2019 for Revised Scale Employees.",202001041634438505,04-01-2020,3145,https://gr.maharashtra.gov.in/Site/Upload/Government%20Resolutions/English/202001041634438505.pdf,3,3220149,GR_DATASET\pdfs\Finance Department\202001041634438505.pdf,Downloaded,2026-07-27 21:26:36
Finance Department,D.A. wef 1st July 2019 for pre revised scale employees.,202001041631545405,04-01-2020,3170,https://gr.maharashtra.gov.in/Site/Upload/Government%20Resolutions/English/202001041631545405.pdf,4,3245617,GR_DATASET\pdfs\Finance Department\202001041631545405.pdf,Downloaded,2026-07-27 21:26:38
Finance Department,Final Refund of the Defined Contribution Pension Scheme Contributions of Persons Whose services have been terminated before 1.4.2015 due to retirement/ dismissal/ death/ resignation etc.,202001071242052405,04-01-2020,317,https://gr.maharashtra.gov.in/Site/Upload/Government%20Resolutions/English/202001071242052405.pdf,2,324714,GR_DATASET\pdfs\Finance Department\202001071242052405.pdf,Downloaded,2026-07-27 21:26:39
Finance Department,List of Maharashtra State Government Sponsored Lottery schemes Period dt. 06/01/2020. to dt. 12/01/2020.,202001031514546205,03-01-2020,3177,https://gr.maharashtra.gov.in/Site/Upload/Government%20Resolutions/English/202001031514546205.pdf,4,3252803,GR_DATASET\pdfs\Finance Department\202001031514546205.pdf,Downloaded,2026-07-27 21:26:40
Finance Department,Release of Supplementary for the year 2019-20.,202001031529551205,03-01-2020,3133,https://gr.maharashtra.gov.in/Site/Upload/Government%20Resolutions/English/202001031529551205.pdf,1,3208295,GR_DATASET\pdfs\Finance Department\202001031529551205.pdf,Downloaded,2026-07-27 21:26:42
