Department,Title,Unique_Code,GR_Date,Website_Size,PDF_URL,Pages,Downloaded_Size(Bytes),Local_File,Download_Status,Downloaded_On
Housing Department,Regarding the distribution of interest on the Provident Fund of the employees of Maharashtra Housing Board in the financial year 2024-2025.,202412241441398809,24-12-2024,162,https://gr.maharashtra.gov.in/Site/Upload/Government%20Resolutions/English/202412241441398809.pdf,2,166024,GR_DATASET\pdfs\Housing Department\202412241441398809.pdf,Downloaded,2026-07-27 21:34:43
Housing Department,Regarding the distribution of interest on the contributory provident fund of the employees of the Vidarbha Housing Board in the financial year 2024-2025.,202412241442052709,24-12-2024,136,https://gr.maharashtra.gov.in/Site/Upload/Government%20Resolutions/English/202412241442052709.pdf,2,138787,GR_DATASET\pdfs\Housing Department\202412241442052709.pdf,Downloaded,2026-07-27 21:34:44
Housing Department,"Section 91 (a) of the MHAD Act, 1976 for the redevelopment of the property known as 11-13 Modi Street at Land Tax Survey No.1235, Fort Division, Cess No.A-2008-2012-2627, Building No.221 Mint Road, Mumbai. Regarding acquisition of land as per.",202412021712002809,02-12-2024,151,https://gr.maharashtra.gov.in/Site/Upload/Government%20Resolutions/English/202412021712002809.pdf,3,154666,GR_DATASET\pdfs\Housing Department\202412021712002809.pdf,Downloaded,2026-07-27 21:34:44
Housing Department,Regarding the formation of a technical committee for a thorough inquiry into the Phase-1 and Phase-2 scheme implemented by the Slum Rehabilitation Authority for the rehabilitation of encroachers in the Sanjay Gandhi National Park,202411251640113109,25-11-2024,508,https://gr.maharashtra.gov.in/Site/Upload/Government%20Resolutions/English/202411251640113109.pdf,2,520017,GR_DATASET\pdfs\Housing Department\202411251640113109.pdf,Downloaded,2026-07-27 21:34:45
Housing Department,Regarding implementation of One Time Amnesty Scheme for Slum Dwellers who are transferring/buying and selling their Slums after issue of Final Annexure-2 of the stalled Slum Rehabilitation Scheme from long time in Thane Municipal Region.,202410151118530809,15-10-2024,137,https://gr.maharashtra.gov.in/Site/Upload/Government%20Resolutions/English/202410151118530809.pdf,3,140478,GR_DATASET\pdfs\Housing Department\202410151118530809.pdf,Downloaded,2026-07-27 21:34:46
Housing Department,Regarding the return to MHADA of the initial contribution amounting to Rs.300 crores given by MHADA for setting up the Maharashtra Fund...,202410111610417709,11-10-2024,136,https://gr.maharashtra.gov.in/Site/Upload/Government%20Resolutions/English/202410111610417709.pdf,2,139444,GR_DATASET\pdfs\Housing Department\202410111610417709.pdf,Downloaded,2026-07-27 21:34:47
Housing Department,"C.S.No. 343, Girgaon Division, Building No. 35/D-9 Cess no. 592, regarding the acquisition of land known as Mhatre Building at D-592, Tatya Gharpure Path and Mughabhat Cross Lane Mumbai-400004.",202410111844307309,11-10-2024,158,https://gr.maharashtra.gov.in/Site/Upload/Government%20Resolutions/English/202410111844307309.pdf,3,161733,GR_DATASET\pdfs\Housing Department\202410111844307309.pdf,Downloaded,2026-07-27 21:34:47
Housing Department,"C.S. No.865, Girgaon Division, Building No.68-72, Cess No.D-2112, 3rd Cross Lane, Khetwadi Back Road, Girgaon, Mumbai-400 004, regarding the acquisition of land known as Rupawala Building",202410111847178809,11-10-2024,159,https://gr.maharashtra.gov.in/Site/Upload/Government%20Resolutions/English/202410111847178809.pdf,3,163293,GR_DATASET\pdfs\Housing Department\202410111847178809.pdf,Downloaded,2026-07-27 21:34:48
Housing Department,Policy on Creation and distribution of P.A.P. Tenements for persons affected due to implementation of public interest Vital projects,202410091555179609,09-10-2024,203,https://gr.maharashtra.gov.in/Site/Upload/Government%20Resolutions/English/202410091555179609.pdf,2,207594,GR_DATASET\pdfs\Housing Department\202410091555179609.pdf,Downloaded,2026-07-27 21:34:49
Housing Department,Regarding the allotment of Plot No.791/A of 2000.00 sq.ft at Bandra Reclamation for Cricket Traning Centre to Shri. Ajinkya Madhukar Rahane.,202410071744173409,07-10-2024,449,https://gr.maharashtra.gov.in/Site/Upload/Government%20Resolutions/English/202410071744173409.pdf,3,459971,GR_DATASET\pdfs\Housing Department\202410071744173409.pdf,Downloaded,2026-07-27 21:34:50
Housing Department,"No. Geo.No. 791/A, Bandra Reclamation, Ground No.1 at Bandra (W) for beautification, beautification and maintenance. Regarding handing over to Ravindra Joshi Medical Foundation",202410071748419209,07-10-2024,328,https://gr.maharashtra.gov.in/Site/Upload/Government%20Resolutions/English/202410071748419209.pdf,3,336292,GR_DATASET\pdfs\Housing Department\202410071748419209.pdf,Downloaded,2026-07-27 21:34:51
Housing Department,As per IPG-2024 transfer of Mithagara lands..,202410041236221409,04-10-2024,153,https://gr.maharashtra.gov.in/Site/Upload/Government%20Resolutions/English/202410041236221409.pdf,4,156525,GR_DATASET\pdfs\Housing Department\202410041236221409.pdf,Downloaded,2026-07-27 21:34:51
Housing Department,"Regarding constitution of committee for eviction, relocation or regularization of unauthorized places of worship in Dharavi Redevelopment Project.",202410041239495009,04-10-2024,141,https://gr.maharashtra.gov.in/Site/Upload/Government%20Resolutions/English/202410041239495009.pdf,2,144797,GR_DATASET\pdfs\Housing Department\202410041239495009.pdf,Downloaded,2026-07-27 21:34:52
Housing Department,"12:43 pm, 4/10/2024 91 99751 28022: Hi 12:47 pm, 4/10/2024 91 99751 28022: Affordable Rental Housing scheme for ineligible slum dwellers in Dharavi",202410041259536909......,04-10-2024,19818,https://gr.maharashtra.gov.in/Site/Upload/Government%20Resolutions/English/202410041259536909.......pdf,56,20293780,GR_DATASET\pdfs\Housing Department\202410041259536909.......pdf,Downloaded,2026-07-27 21:35:06
Housing Department,Regarding renaming of chalis BDD in Naigaon.,202410041838111009,04-10-2024,844,https://gr.maharashtra.gov.in/Site/Upload/Government%20Resolutions/English/202410041838111009.pdf,2,864397,GR_DATASET\pdfs\Housing Department\202410041838111009.pdf,Downloaded,2026-07-27 21:35:07
Housing Department,In Solapur City City Survey No. 232 regarding the provision of funds from the Maharashtra Shelter Fund for the external facilities of the housing project being constructed by MHADA for journalists under the Pradhan Mantri Awas Yojana...,202410031633040409,03-10-2024,276,https://gr.maharashtra.gov.in/Site/Upload/Government%20Resolutions/English/202410031633040409.pdf,2,282764,GR_DATASET\pdfs\Housing Department\202410031633040409.pdf,Downloaded,2026-07-27 21:35:08
Housing Department,Regarding implementation of One Time Amnesty Scheme for Slum Dwellers who are transferring/buying and selling their Slums after issue of Final Annexure-2 of the stalled Slum Rehabilitation Scheme from long time in Brihanmumbai....,202410011746458409..,01-10-2024,239,https://gr.maharashtra.gov.in/Site/Upload/Government%20Resolutions/English/202410011746458409...pdf,9,245186,GR_DATASET\pdfs\Housing Department\202410011746458409...pdf,Downloaded,2026-07-27 21:35:09
Housing Department,Regarding making funds available from the Maharashtra Nivara Fund for the housing projects implemented through the Maharashtra Housing Development Corporation (Mahahousing)...,202410011253389709,30-09-2024,137,https://gr.maharashtra.gov.in/Site/Upload/Government%20Resolutions/English/202410011253389709.pdf,1,140668,GR_DATASET\pdfs\Housing Department\202410011253389709.pdf,Downloaded,2026-07-27 21:35:10
Housing Department,"Mauje Kumbhari under Pradhan Mantri Awas Yojana (Urban) South Solapur, Dist. Re-Nagar Housing Co. in Solapur. Appointment of PR Agency of Operative Society Federation to prepare Case Study prepare documentary to promulgate Ray Nagar Model Regarding making Rs 2 crore available to Ray Nagar Federation from Maharashtra shelter fund...",202409161728460509,16-09-2024,144,https://gr.maharashtra.gov.in/Site/Upload/Government%20Resolutions/English/202409161728460509.pdf,2,147377,GR_DATASET\pdfs\Housing Department\202409161728460509.pdf,Downloaded,2026-07-27 21:35:10
Housing Department,Regarding the disbursement of Rs 1500 crore from the Maharashtra shelter fund for flats to be constructed for mill workers quarters...,202409161734096609,16-09-2024,231,https://gr.maharashtra.gov.in/Site/Upload/Government%20Resolutions/English/202409161734096609.pdf,2,236148,GR_DATASET\pdfs\Housing Department\202409161734096609.pdf,Downloaded,2026-07-27 21:35:11
Housing Department,Regarding implementation of Slum Rehabilitation Scheme in Mumbai Metropolitan Region through other Government / Semi-Government Corporations / Authorities / Local Self-Government on Joint Venture basis.,202409061713029409,06-09-2024,429,https://gr.maharashtra.gov.in/Site/Upload/Government%20Resolutions/English/202409061713029409.pdf,6,439518,GR_DATASET\pdfs\Housing Department\202409061713029409.pdf,Downloaded,2026-07-27 21:35:12
Housing Department,"Regarding the allotment of Plot No. 5 of CTS No 4 5 at Pratiksha Nagar, Sion, to the Mumbai District Central Cooperative Bank.",202409061732028309,06-09-2024,325,https://gr.maharashtra.gov.in/Site/Upload/Government%20Resolutions/English/202409061732028309.pdf,3,333151,GR_DATASET\pdfs\Housing Department\202409061732028309.pdf,Downloaded,2026-07-27 21:35:12
Housing Department,Regarding disbursement of funds to the Scheduled Tribe (ST Component) category under the Centrally Sponsored Pradhan Mantri Awas Yojana (Urban) in the financial year 2024-25. (Central Share Heading 2216 3123) (State Share Account Head 2216 3132),202409061130444009..,06-09-2024,328,https://gr.maharashtra.gov.in/Site/Upload/Government%20Resolutions/English/202409061130444009...pdf,3,336283,GR_DATASET\pdfs\Housing Department\202409061130444009...pdf,Downloaded,2026-07-27 21:35:13
Housing Department,Regarding disbursement of funds received from Central Government for Geo-tagging in Capacity Building Activities under Pradhan Mantri Awas Yojana (Urban)...,202409061524531609,06-09-2024,153,https://gr.maharashtra.gov.in/Site/Upload/Government%20Resolutions/English/202409061524531609.pdf,2,156225,GR_DATASET\pdfs\Housing Department\202409061524531609.pdf,Downloaded,2026-07-27 21:35:14
Housing Department,Regarding providing funds from the Maharashtra Shelter Fund for the repair of buildings constructed under the Prime Ministers Grant Project...,202408291809361009,29-08-2024,279,https://gr.maharashtra.gov.in/Site/Upload/Government%20Resolutions/English/202408291809361009.pdf,2,286052,GR_DATASET\pdfs\Housing Department\202408291809361009.pdf,Downloaded,2026-07-27 21:35:15
Housing Department,"Policy regarding distribution of flats within quota of 10 share of Government out of plots to be constructed on plots distributed/to be distributed under Regulation 16 of Maharashtra Housing and Regional Development (Disposal of Land) Regulations, 1982",202408301059252509,29-08-2024,151,https://gr.maharashtra.gov.in/Site/Upload/Government%20Resolutions/English/202408301059252509.pdf,3,154579,GR_DATASET\pdfs\Housing Department\202408301059252509.pdf,Downloaded,2026-07-27 21:35:15
Housing Department,Policy on Creation and distribution of P.A.P. Tenements for persons affected due to implementation of public interest Vital projects,202408191734436609,19-08-2024,168,https://gr.maharashtra.gov.in/Site/Upload/Government%20Resolutions/English/202408191734436609.pdf,7,172298,GR_DATASET\pdfs\Housing Department\202408191734436609.pdf,Downloaded,2026-07-27 21:35:16
Housing Department,Regarding the appointment of a study group of experts in Housing Department for Business Process Re-engineering of notified services.,202408121300547909,12-08-2024,567,https://gr.maharashtra.gov.in/Site/Upload/Government%20Resolutions/English/202408121300547909.pdf,3,580810,GR_DATASET\pdfs\Housing Department\202408121300547909.pdf,Downloaded,2026-07-27 21:35:17
Housing Department,"Regarding approval of administrative and financial expenditure to the extent of Rs. 100 crores for publicity and publicity for public awareness, enlightenment and public communication regarding various housing projects going on under the Housing Department as well as Pradhan Mantri Awas Yojana (Urban).",202408051801218909..,05-08-2024,266,https://gr.maharashtra.gov.in/Site/Upload/Government%20Resolutions/English/202408051801218909...pdf,4,272808,GR_DATASET\pdfs\Housing Department\202408051801218909...pdf,Downloaded,2026-07-27 21:35:18
Housing Department,Regarding disbursement of balance of funds received from Central Government for Third Party Quality Assurance (TPQM) under Centrally Sponsored Pradhan Mantri Awas Yojana (Urban)...,202408051807184609,05-08-2024,689,https://gr.maharashtra.gov.in/Site/Upload/Government%20Resolutions/English/202408051807184609.pdf,2,705793,GR_DATASET\pdfs\Housing Department\202408051807184609.pdf,Downloaded,2026-07-27 21:35:19
Housing Department,"Regarding sanctioning implementation of slum rehabilitation scheme in joint partnership of MMRDA and SRA to rehabilitate slum dwellers in Ramabai Ambedkar Nagar, Ghatkopar.",202407311518418009...,31-07-2024,153,https://gr.maharashtra.gov.in/Site/Upload/Government%20Resolutions/English/202407311518418009....pdf,3,156784,GR_DATASET\pdfs\Housing Department\202407311518418009....pdf,Downloaded,2026-07-27 21:35:20
Housing Department,Land acquisition of Nanabahi chawal under Section 91(A) of MHAD Act 1976.,202407241258195609,24-07-2024,150,https://gr.maharashtra.gov.in/Site/Upload/Government%20Resolutions/English/202407241258195609.pdf,3,153870,GR_DATASET\pdfs\Housing Department\202407241258195609.pdf,Downloaded,2026-07-27 21:35:21
Housing Department,"Sections 77, 79 (a) of the MHAD Act, 1976 regarding redevelopment of cessed buildings declared dangerous in the city of Mumbai as well as redevelopment projects of cessed buildings under regulation 33(6), 33(7) and 33(9) of the Development Control Regulations left in a semi-deployed state by the owner/developer, 91 (A) and 95-A Guidelines regarding the action to be taken under the amendment",202407191451499109,19-07-2024,154,https://gr.maharashtra.gov.in/Site/Upload/Government%20Resolutions/English/202407191451499109.pdf,2,157890,GR_DATASET\pdfs\Housing Department\202407191451499109.pdf,Downloaded,2026-07-27 21:35:21
Housing Department,"Appointment for the post of Chairperson, Maharashtra Real Estate Regulatory Authority",202407151807567109,16-07-2024,188,https://gr.maharashtra.gov.in/Site/Upload/Government%20Resolutions/English/202407151807567109.pdf,2,192439,GR_DATASET\pdfs\Housing Department\202407151807567109.pdf,Downloaded,2026-07-27 21:35:22
Housing Department,Remuneration to the owners of cess and noncess building for Redevelopment in Kamathipura.,202407021516177309,02-07-2024,222,https://gr.maharashtra.gov.in/Site/Upload/Government%20Resolutions/English/202407021516177309.pdf,2,227150,GR_DATASET\pdfs\Housing Department\202407021516177309.pdf,Downloaded,2026-07-27 21:35:22
Housing Department,"Regarding appointment to the post of Member (Administrative/Technical), Maharashtra Real Estate Appellate Tribunal",202406131458210409,13-06-2024,164,https://gr.maharashtra.gov.in/Site/Upload/Government%20Resolutions/English/202406131458210409.pdf,2,168113,GR_DATASET\pdfs\Housing Department\202406131458210409.pdf,Downloaded,2026-07-27 21:35:23
Housing Department,"To constitute a committee to make recommendations for amending the Maharashtra Apartment Ownership Act, 1970 and the Maharashtra Apartment Ownership Rules, 1972",202406071329162809,07-06-2024,316,https://gr.maharashtra.gov.in/Site/Upload/Government%20Resolutions/English/202406071329162809.pdf,3,323161,GR_DATASET\pdfs\Housing Department\202406071329162809.pdf,Downloaded,2026-07-27 21:35:24
Housing Department,Regarding appointment of Director for Special Purpose Company (SPV) set up for implementation of Dharavi Redevelopment Project under Dharavi Notified Area.,202406071446273009,07-06-2024,154,https://gr.maharashtra.gov.in/Site/Upload/Government%20Resolutions/English/202406071446273009.pdf,3,157870,GR_DATASET\pdfs\Housing Department\202406071446273009.pdf,Downloaded,2026-07-27 21:35:25
Housing Department,As per Development Control Rules-2022 regarding determination of procedure regarding payment of Land TDR sanctioned for transfer of slum occupied land,202406071442553009,07-06-2024,160,https://gr.maharashtra.gov.in/Site/Upload/Government%20Resolutions/English/202406071442553009.pdf,5,163626,GR_DATASET\pdfs\Housing Department\202406071442553009.pdf,Downloaded,2026-07-27 21:35:25
Housing Department,Regarding disbursement of Cess and Government Contribution to the Maharashtra Housing and Area Development Authority for the financial year 2023-24 Mumbai to be deposited in the Mumbai Building Repair and Reconstruction Board,202403281255554909,28-03-2024,151,https://gr.maharashtra.gov.in/Site/Upload/Government%20Resolutions/English/202403281255554909.pdf,3,154805,GR_DATASET\pdfs\Housing Department\202403281255554909.pdf,Downloaded,2026-07-27 21:35:26
Housing Department,Financial year 2023-24 Regarding disbursement of cess and government contribution to the Maharashtra Housing and Area Development Authority for depositing in the Mumbai Building Repair and Reconstruction Board,202403281733046009,28-03-2024,315,https://gr.maharashtra.gov.in/Site/Upload/Government%20Resolutions/English/202403281733046009.pdf,3,322201,GR_DATASET\pdfs\Housing Department\202403281733046009.pdf,Downloaded,2026-07-27 21:35:27
Housing Department,Regarding disbursement of funds to the Scheduled Tribe (ST Component) category under the Centrally Sponsored Pradhan Mantri Awas Yojana (Urban) in the financial year 2023-24. (Central Share Heading 22163123) (State Share Heading 22163132),202403181823080709,18-03-2024,145,https://gr.maharashtra.gov.in/Site/Upload/Government%20Resolutions/English/202403181823080709.pdf,3,148776,GR_DATASET\pdfs\Housing Department\202403181823080709.pdf,Downloaded,2026-07-27 21:35:28
Housing Department,Regarding disbursement of funds to the Scheduled Caste (SC Component) category under the Centrally Sponsored Pradhan Mantri Awas Yojana (Urban) in the financial year 2023-24. (Central Share Heading 22163232) (State share account head 22163241),202403151935509009,15-03-2024,201,https://gr.maharashtra.gov.in/Site/Upload/Government%20Resolutions/English/202403151935509009.pdf,3,205422,GR_DATASET\pdfs\Housing Department\202403151935509009.pdf,Downloaded,2026-07-27 21:35:28
Housing Department,Regarding provision of housing in Mumbai metropolitan area for mill workers in closed/sick mills in Mumbai.,202403151940147609,15-03-2024,203,https://gr.maharashtra.gov.in/Site/Upload/Government%20Resolutions/English/202403151940147609.pdf,9,207515,GR_DATASET\pdfs\Housing Department\202403151940147609.pdf,Downloaded,2026-07-27 21:35:29
Housing Department,Dharavi Redevelopment Project- Regarding enhancement of powers of Secretary Committee,202403131744412809,13-03-2024,145,https://gr.maharashtra.gov.in/Site/Upload/Government%20Resolutions/English/202403131744412809.pdf,2,148608,GR_DATASET\pdfs\Housing Department\202403131744412809.pdf,Downloaded,2026-07-27 21:35:30
Housing Department,Cluster redevelopment of buildings at Abhudaya Nagar (Kalachowki) layout of MHAD through Construction and Development Agency,202403061519460309..,06-03-2024,172,https://gr.maharashtra.gov.in/Site/Upload/Government%20Resolutions/English/202403061519460309...pdf,5,176677,GR_DATASET\pdfs\Housing Department\202403061519460309...pdf,Downloaded,2026-07-27 21:35:31
Housing Department,Implementation to Senior Citizen Policy 2013.,202403041629406509,04-03-2024,150,https://gr.maharashtra.gov.in/Site/Upload/Government%20Resolutions/English/202403041629406509.pdf,2,154006,GR_DATASET\pdfs\Housing Department\202403041629406509.pdf,Downloaded,2026-07-27 21:35:31
Housing Department,Regarding the extension of time to the study group appointed to recommend to the Government regarding setting up of Slum Rehabilitation Authority for other areas of the State except Slum Rehabilitation Authority Mumbai/Pune and Pimpri Chinchwad and Nagpur as well as Mumbai Metropolitan Region Slum Rehabilitation Authority (MMR-SRA).,202402291420490309,29-02-2024,145,https://gr.maharashtra.gov.in/Site/Upload/Government%20Resolutions/English/202402291420490309.pdf,3,148189,GR_DATASET\pdfs\Housing Department\202402291420490309.pdf,Downloaded,2026-07-27 21:35:32
Housing Department,Regarding disbursement of interest amount on Vidarbha Housing Board Employees Contributory Provident Fund in the financial year 2023-2024,202402291536392709,29-02-2024,139,https://gr.maharashtra.gov.in/Site/Upload/Government%20Resolutions/English/202402291536392709.pdf,2,142622,GR_DATASET\pdfs\Housing Department\202402291536392709.pdf,Downloaded,2026-07-27 21:35:33
Housing Department,Regarding disbursement of interest amount on Employees Provident Fund of Maharashtra Housing Board in the financial year 2023-2024.,202402291539053709,29-02-2024,139,https://gr.maharashtra.gov.in/Site/Upload/Government%20Resolutions/English/202402291539053709.pdf,2,142697,GR_DATASET\pdfs\Housing Department\202402291539053709.pdf,Downloaded,2026-07-27 21:35:33
Housing Department,Regarding disbursement of State share funds corresponding to Central share funds (Other than SC/ST Component) received from Govt.,202402291614160909....,29-02-2024,169,https://gr.maharashtra.gov.in/Site/Upload/Government%20Resolutions/English/202402291614160909.....pdf,2,173361,GR_DATASET\pdfs\Housing Department\202402291614160909.....pdf,Downloaded,2026-07-27 21:35:34
Housing Department,Regarding disbursement of Central Share funds (Other than SC/ST Component) received from Central Government under Pradhan Mantri Awas Yojana (Urban).,202402291618358609,29-02-2024,341,https://gr.maharashtra.gov.in/Site/Upload/Government%20Resolutions/English/202402291618358609.pdf,2,349271,GR_DATASET\pdfs\Housing Department\202402291618358609.pdf,Downloaded,2026-07-27 21:35:35
Housing Department,Regarding disbursement of cess amount to Maharashtra Housing and Area Development Authority for the financial year 2023-24 to be deposited in Mumbai Building Repair and Reconstruction Fund,202402291735173009,29-02-2024,209,https://gr.maharashtra.gov.in/Site/Upload/Government%20Resolutions/English/202402291735173009.pdf,3,213520,GR_DATASET\pdfs\Housing Department\202402291735173009.pdf,Downloaded,2026-07-27 21:35:36
Housing Department,Regarding disbursement of Central Component funds (Other than SC/ST Component) received from Central Government under Pradhan Mantri Awas Yojana (Urban) and not reflected in PFMS system.,202402271245552109,26-02-2024,150,https://gr.maharashtra.gov.in/Site/Upload/Government%20Resolutions/English/202402271245552109.pdf,2,153425,GR_DATASET\pdfs\Housing Department\202402271245552109.pdf,Downloaded,2026-07-27 21:35:37
Housing Department,Regarding disbursement of State share funds (Other than SC/ST Component) received from Central Government under Pradhan Mantri Awas Yojana (Urban) and not reflected in PFMS system.,202402271249511809,26-02-2024,150,https://gr.maharashtra.gov.in/Site/Upload/Government%20Resolutions/English/202402271249511809.pdf,2,154063,GR_DATASET\pdfs\Housing Department\202402271249511809.pdf,Downloaded,2026-07-27 21:35:38
Housing Department,"Regarding redevelopment of 25 buildings of Sindhi refugees, G. T. B. Nagar, Survey No.1/89, 2/89, 2/12 (Pt.) situated at Sion Koliwada.",202402231447455409,23-02-2024,161,https://gr.maharashtra.gov.in/Site/Upload/Government%20Resolutions/English/202402231447455409.pdf,5,165296,GR_DATASET\pdfs\Housing Department\202402231447455409.pdf,Downloaded,2026-07-27 21:35:38
Housing Department,Regarding the implementation of the recommendations of the Committee constituted regarding the constraints / demands of the Labor Co-operative Societies.,202402141758543809,14-02-2024,143,https://gr.maharashtra.gov.in/Site/Upload/Government%20Resolutions/English/202402141758543809.pdf,3,146795,GR_DATASET\pdfs\Housing Department\202402141758543809.pdf,Downloaded,2026-07-27 21:35:39
Housing Department,Guidelines on charging premium to private developers for redevelopment of slums on Government land.,202402071840424109,07-02-2024,137,https://gr.maharashtra.gov.in/Site/Upload/Government%20Resolutions/English/202402071840424109.pdf,2,140695,GR_DATASET\pdfs\Housing Department\202402071840424109.pdf,Downloaded,2026-07-27 21:35:40
Housing Department,Regarding reduction of transfer fee levied on transfer of residential rehabilitation flats under Slum Rehabilitation Scheme after prescribed period.,202402011846017709,01-02-2024,133,https://gr.maharashtra.gov.in/Site/Upload/Government%20Resolutions/English/202402011846017709.pdf,1,136001,GR_DATASET\pdfs\Housing Department\202402011846017709.pdf,Downloaded,2026-07-27 21:35:40
Housing Department,Regarding disbursement of funds to the Scheduled Castes (SC Component) category under the Centrally Sponsored Pradhan Mantri Awas Yojana (Urban) in the financial year 2023-24 (Central share 2216 3232) Rs.30.126 crores,202401311633203709,31-01-2024,143,https://gr.maharashtra.gov.in/Site/Upload/Government%20Resolutions/English/202401311633203709.pdf,2,146118,GR_DATASET\pdfs\Housing Department\202401311633203709.pdf,Downloaded,2026-07-27 21:35:41
Housing Department,Regarding disbursement of funds to the Scheduled Castes (SC Component) category under the Centrally Sponsored Pradhan Mantri Awas Yojana (Urban) in the financial year 2023-24 (State share 2216 3241) Rs.20.084 crores,202401311637118309,31-01-2024,144,https://gr.maharashtra.gov.in/Site/Upload/Government%20Resolutions/English/202401311637118309.pdf,2,147705,GR_DATASET\pdfs\Housing Department\202401311637118309.pdf,Downloaded,2026-07-27 21:35:41
Housing Department,"Mauje Kumbhari under Pradhan Mantri Awas Yojana (Urban) South Solapur, Dist. Ray Nagar Housing Co. in Solapur. Regarding provision of Rs.26.50 lakhs from Maharashtra Nivara Fund to Ray-Nagar Federation for local addresses (Digital Address) of first phase out of 30,000 shelters approved by Operative Society Federation.",202401311640229109,31-01-2024,158,https://gr.maharashtra.gov.in/Site/Upload/Government%20Resolutions/English/202401311640229109.pdf,4,162014,GR_DATASET\pdfs\Housing Department\202401311640229109.pdf,Downloaded,2026-07-27 21:35:42
Housing Department,"Mauje Kumbhari under Pradhan Mantri Awas Yojana (Urban) South Solapur, Dist. Ray Nagar Housing Co. in Solapur. Regarding provision of Rs.23.64 crore from Maharashtra Shelter Fund for access road, street lights and solid waste management for 30000 shelters approved by Operative Society Federation.",202401311643116809,31-01-2024,158,https://gr.maharashtra.gov.in/Site/Upload/Government%20Resolutions/English/202401311643116809.pdf,4,161722,GR_DATASET\pdfs\Housing Department\202401311643116809.pdf,Downloaded,2026-07-27 21:35:43
Housing Department,"Building No.127-129, 131-133, 137-141, 145-146A, 145B, 145C, 145D, 145E, 145F, 145F F (Stall), 145G, 147-151, 153-155, Sane Guruji Marg, 439 , 439- AB, 139-C, 439D, 449-451, 453, 455, 457-463, no. m. Joshi Marg, Byculla Division, for combined reconstruction of these buildings City Survey No - 2054, 2055, 2056, 2058, 2059, 1/2061, 2/2061, 3/2061, 2062, 2064, 2065, 1/2056, 2057, 1 /2057 regarding land acquisition of this property",202401241757044109,24-01-2024,139,https://gr.maharashtra.gov.in/Site/Upload/Government%20Resolutions/English/202401241757044109.pdf,2,142491,GR_DATASET\pdfs\Housing Department\202401241757044109.pdf,Downloaded,2026-07-27 21:35:43
Housing Department,"Regarding permission for construction of office building of Slum Rehabilitation Authority, Pune and Pimpri-Chinchwad Area, Pune.",202401151409206609..,15-01-2024,150,https://gr.maharashtra.gov.in/Site/Upload/Government%20Resolutions/English/202401151409206609...pdf,3,153999,GR_DATASET\pdfs\Housing Department\202401151409206609...pdf,Downloaded,2026-07-27 21:35:44
Housing Department,Regarding preparation of Supplementary Annexure-2 regarding eligibility and disqualification of slum dwellers,202401121646039709,12-01-2024,216,https://gr.maharashtra.gov.in/Site/Upload/Government%20Resolutions/English/202401121646039709.pdf,4,221096,GR_DATASET\pdfs\Housing Department\202401121646039709.pdf,Downloaded,2026-07-27 21:35:45
Housing Department,"City Survey No.1/112 Parel Shivdi Division, Building No.75-75A 75B, Cess No. F/South- 1052(4B) and F/South- 1052 (5-6), Dr. S. S.Rao Road, Lalbagh, Mumbai 400 012.Regarding land acquisition of property known as Panwala Chawl No. 2 3",202401111209143909,11-01-2024,149,https://gr.maharashtra.gov.in/Site/Upload/Government%20Resolutions/English/202401111209143909.pdf,3,152788,GR_DATASET\pdfs\Housing Department\202401111209143909.pdf,Downloaded,2026-07-27 21:35:46
Housing Department,"City Survey No. 563, Final Plot No. 270, TPS-III, Mahim Division, Building No.110A 110, Cess No.C/North-5549(1), C/North-5549 (1A), Senapati Bapat Marg, Matunga (W), Mahim-400 016, regarding the acquisition of land of the property known as Jasoda Co-operative Housing Society at...",202401101609565209,10-01-2024,152,https://gr.maharashtra.gov.in/Site/Upload/Government%20Resolutions/English/202401101609565209.pdf,3,155680,GR_DATASET\pdfs\Housing Department\202401101609565209.pdf,Downloaded,2026-07-27 21:35:46
Housing Department,"City Survey No. / Final Plot No. 53/74, Parel Shivdi Division, Cess No.FS 545(4-4A) (4B) Building No.174 174 A A, Dr. BA Road, Ganesh Galli, Lalbagh, Mumbai-400012, Regarding land acquisition of the property known as Taranath Niwas.",202401101613295109,10-01-2024,151,https://gr.maharashtra.gov.in/Site/Upload/Government%20Resolutions/English/202401101613295109.pdf,3,154699,GR_DATASET\pdfs\Housing Department\202401101613295109.pdf,Downloaded,2026-07-27 21:35:47
Housing Department,"City Survey No.1646 1646/1, Final Plot No.217, TPS-IV, Mahim Division, Building No.31-31 C-53-53I 33, Cess No.C/North-4359(2) 4359 (3), regarding acquisition of land known as RK Building No.1 2 and Swami Samarth Kripa Building at Gokhale Road and Ranade Road, Dadar",202401091233511409.,09-01-2024,148,https://gr.maharashtra.gov.in/Site/Upload/Government%20Resolutions/English/202401091233511409..pdf,3,152411,GR_DATASET\pdfs\Housing Department\202401091233511409..pdf,Downloaded,2026-07-27 21:35:47
Housing Department,FY 2023-24 Regarding disbursement of cess amount to Maharashtra Housing and Area Development Authority for deposit in Mumbai Building Repair and Reconstruction Board,202401091735415209,09-01-2024,319,https://gr.maharashtra.gov.in/Site/Upload/Government%20Resolutions/English/202401091735415209.pdf,3,326473,GR_DATASET\pdfs\Housing Department\202401091735415209.pdf,Downloaded,2026-07-27 21:35:48
Housing Department,Regarding disbursement of funds to the Scheduled Castes (SC Component) category under the Centrally Sponsored Pradhan Mantri Awas Yojana (Urban) Scheme in the financial year 2023-24 (Central Share 2216 3232) Rs.60 Crores,202401081427058509,08-01-2024,748,https://gr.maharashtra.gov.in/Site/Upload/Government%20Resolutions/English/202401081427058509.pdf,2,765479,GR_DATASET\pdfs\Housing Department\202401081427058509.pdf,Downloaded,2026-07-27 21:35:49
Housing Department,Regarding disbursement of funds to the Scheduled Caste (SC Component) category under the Centrally Sponsored Pradhan Mantri Awas Yojana (Urban) Scheme in the financial year 2023-24 (State share 2216 3241) Rs.40 crores,202401081427338509,08-01-2024,328,https://gr.maharashtra.gov.in/Site/Upload/Government%20Resolutions/English/202401081427338509.pdf,2,335885,GR_DATASET\pdfs\Housing Department\202401081427338509.pdf,Downloaded,2026-07-27 21:35:50
Housing Department,Regarding the extension of time to submit recommendations to the Government to the Task Force constituted to formulate policy regarding Alternative Housing for Project Affected Persons (PAP)....,202401081433461809,08-01-2024,137,https://gr.maharashtra.gov.in/Site/Upload/Government%20Resolutions/English/202401081433461809.pdf,2,140246,GR_DATASET\pdfs\Housing Department\202401081433461809.pdf,Downloaded,2026-07-27 21:35:50
Housing Department,Regarding appointment of Director for Special Purpose Company (SPV) set up for implementation of Dharavi Redevelopment Project under Dharavi Notified Area.,202401081817369109....,08-01-2024,138,https://gr.maharashtra.gov.in/Site/Upload/Government%20Resolutions/English/202401081817369109.....pdf,2,141565,GR_DATASET\pdfs\Housing Department\202401081817369109.....pdf,Downloaded,2026-07-27 21:35:51
Housing Department,Regarding reduction of transfer fee levied on transfer of residential rehabilitation Tenements under Slum Rehabilitation Scheme after prescribed period.,202401051240029009,15-12-2023,138,https://gr.maharashtra.gov.in/Site/Upload/Government%20Resolutions/English/202401051240029009.pdf,2,141065,GR_DATASET\pdfs\Housing Department\202401051240029009.pdf,Downloaded,2026-07-27 21:35:52
Housing Department,Regarding setting up of a task force to make recommendations to the Government for formulation of policy regarding Alternative Housing for Project Affected Persons (PAPs).,202311221219205209,22-11-2023,511,https://gr.maharashtra.gov.in/Site/Upload/Government%20Resolutions/English/202311221219205209.pdf,3,522937,GR_DATASET\pdfs\Housing Department\202311221219205209.pdf,Downloaded,2026-07-27 21:35:54
Housing Department,Regarding construction of retaining wall to protect the slum dwellers from heavy rain.,202311201203105309,20-11-2023,503,https://gr.maharashtra.gov.in/Site/Upload/Government%20Resolutions/English/202311201203105309.pdf,2,515410,GR_DATASET\pdfs\Housing Department\202311201203105309.pdf,Downloaded,2026-07-27 21:35:54
Housing Department,Financial Year 2023-24 Regarding disbursement of cess amount and Government contribution to Maharashtra Housing and Area Development Authority for depositing in Bombay Building Repair and Reconstruction Fund,202311101207154909,10-11-2023,143,https://gr.maharashtra.gov.in/Site/Upload/Government%20Resolutions/English/202311101207154909.pdf,2,146168,GR_DATASET\pdfs\Housing Department\202311101207154909.pdf,Downloaded,2026-07-27 21:35:55
Housing Department,"Regarding appointment to the post of Member (Judicial), Maharashtra Real Estate Regulatory Authority..",202311011210372409,01-11-2023,164,https://gr.maharashtra.gov.in/Site/Upload/Government%20Resolutions/English/202311011210372409.pdf,2,168331,GR_DATASET\pdfs\Housing Department\202311011210372409.pdf,Downloaded,2026-07-27 21:35:56
Housing Department,Distribution of Interest amount on contributory General Provident fund amount of the Maharashtra Housing Board Staff for the financial year 2022-23.,202310251129382409,25-10-2023,137,https://gr.maharashtra.gov.in/Site/Upload/Government%20Resolutions/English/202310251129382409.pdf,2,140259,GR_DATASET\pdfs\Housing Department\202310251129382409.pdf,Downloaded,2026-07-27 21:35:56
Housing Department,Distribution of Interest amount on contributory General Provident fund amount of the Vidharbha Housing Board Staff for the financial year 2022-23.,202310251134515909,25-10-2023,137,https://gr.maharashtra.gov.in/Site/Upload/Government%20Resolutions/English/202310251134515909.pdf,2,139997,GR_DATASET\pdfs\Housing Department\202310251134515909.pdf,Downloaded,2026-07-27 21:35:57
Housing Department,Regarding disbursement of State share funds (Other than SC/ST Component) corresponding to Central share received from Central Government under Pradhan Mantri Awas Yojana (Urban).,202310201817476509,20-10-2023,141,https://gr.maharashtra.gov.in/Site/Upload/Government%20Resolutions/English/202310201817476509.pdf,2,144242,GR_DATASET\pdfs\Housing Department\202310201817476509.pdf,Downloaded,2026-07-27 21:35:58
Housing Department,Regarding disbursement of Central Share funds (Other than SC/ST Component) received from Central Government under Pradhan Mantri Awas Yojana (Urban).,202310201821567709,20-10-2023,139,https://gr.maharashtra.gov.in/Site/Upload/Government%20Resolutions/English/202310201821567709.pdf,2,142830,GR_DATASET\pdfs\Housing Department\202310201821567709.pdf,Downloaded,2026-07-27 21:35:58
Housing Department,"Mauje Kumbhari under Pradhan Mantri Awas Yojana (Urban) South Solapur, Dist. Ray Nagar Housing Co. in Solapur. Regarding the provision of 15 of the project cost i.e. Rs 270 crores as seed capital from Maharashtra Nivara Fund for 30,000 shelters approved by the Federation of Operative Societies.",202310181642235909,18-10-2023,209,https://gr.maharashtra.gov.in/Site/Upload/Government%20Resolutions/English/202310181642235909.pdf,4,213555,GR_DATASET\pdfs\Housing Department\202310181642235909.pdf,Downloaded,2026-07-27 21:35:59
Housing Department,Regarding disbursement of Rs.10 crore from the Maharashtra Shelter Fund for administrative expenses to the State Level Project Management Unit (PMU) established for effective implementation of the Pradhan Mantri Awas Yojana (Urban).,202310111155508109,11-10-2023,213,https://gr.maharashtra.gov.in/Site/Upload/Government%20Resolutions/English/202310111155508109.pdf,3,218298,GR_DATASET\pdfs\Housing Department\202310111155508109.pdf,Downloaded,2026-07-27 21:36:00
Housing Department,Delegation of financial powers of Principal secretary/Additional chief secretary (housing department),202310061559083409,06-10-2023,139,https://gr.maharashtra.gov.in/Site/Upload/Government%20Resolutions/English/202310061559083409.pdf,3,142456,GR_DATASET\pdfs\Housing Department\202310061559083409.pdf,Downloaded,2026-07-27 21:36:00
Housing Department,Regarding implementation of Slum Rehabilitation Schemes in Mumbai Metropolitan Region through other Corporations/Authorities/Local Self-Governments on Joint Venture basis.,202309211639459209,21-09-2023,894,https://gr.maharashtra.gov.in/Site/Upload/Government%20Resolutions/English/202309211639459209.pdf,4,914956,GR_DATASET\pdfs\Housing Department\202309211639459209.pdf,Downloaded,2026-07-27 21:36:01
Housing Department,Regarding facilities to be extended to the registered Co-operative Housing Societies for their self-redevelopment.,202308291802019809,29-08-2023,145,https://gr.maharashtra.gov.in/Site/Upload/Government%20Resolutions/English/202308291802019809.pdf,3,148661,GR_DATASET\pdfs\Housing Department\202308291802019809.pdf,Downloaded,2026-07-27 21:36:02
Housing Department,"Guidelines for Actions to be taken as per amended Sections 77, 79 (A),91 (A) and 95-A of MHAD Act, 1976. For redevelopment of cessed buildings declared dangerous in the city of Mumbai as well as redevelopment of Stalled cessed buildings projects under regulation 33(6), 33(7) and 33(9) of the Development Control Rules.",202308221715038409,22-08-2023,205,https://gr.maharashtra.gov.in/Site/Upload/Government%20Resolutions/English/202308221715038409.pdf,14,209714,GR_DATASET\pdfs\Housing Department\202308221715038409.pdf,Downloaded,2026-07-27 21:36:02
Housing Department,Documents to be considered for the eligibility of Non residential slum dwellers/ stall holders for redeveloped tenement.,202308181802054109,18-08-2023,148,https://gr.maharashtra.gov.in/Site/Upload/Government%20Resolutions/English/202308181802054109.pdf,3,151934,GR_DATASET\pdfs\Housing Department\202308181802054109.pdf,Downloaded,2026-07-27 21:36:03
Housing Department,Regarding establishment of State level Project Management Unit (PMU) for effective implementation of Pradhan Mantri Awas Yojana (Urban).,202308141730315809,14-08-2023,334,https://gr.maharashtra.gov.in/Site/Upload/Government%20Resolutions/English/202308141730315809.pdf,12,342314,GR_DATASET\pdfs\Housing Department\202308141730315809.pdf,Downloaded,2026-07-27 21:36:04
Housing Department,Guidelines regarding allotment of with cost rehabilitation tenaments in slum rehabilitation scheme.,202308141817210609,14-08-2023,784,https://gr.maharashtra.gov.in/Site/Upload/Government%20Resolutions/English/202308141817210609.pdf,3,803126,GR_DATASET\pdfs\Housing Department\202308141817210609.pdf,Downloaded,2026-07-27 21:36:05
Housing Department,Regarding reduction in transfer fee levied on transfer of rehabilitation tenements/Non residential shops to close relatives under Slum Rehabilitation Scheme.,202308021928282409,02-08-2023,1303,https://gr.maharashtra.gov.in/Site/Upload/Government%20Resolutions/English/202308021928282409.pdf,2,1333781,GR_DATASET\pdfs\Housing Department\202308021928282409.pdf,Downloaded,2026-07-27 21:36:06
Housing Department,Regarding the extension of time to the study group appointed to recommend to the Government regarding setting up of Slum Rehabilitation Authority for other areas of the State except Slum Rehabilitation Authority Mumbai/Pune and Pimpri Chinchwad and Nagpur as well as Mumbai Metropolitan Region Slum Rehabilitation Authority (MMR-SRA).,202307181309445109,18-07-2023,900,https://gr.maharashtra.gov.in/Site/Upload/Government%20Resolutions/English/202307181309445109.pdf,3,921391,GR_DATASET\pdfs\Housing Department\202307181309445109.pdf,Downloaded,2026-07-27 21:36:07
Housing Department,Regarding measures to be taken for effective implementation of Pradhan Mantri Awas Yojana (Urban).,202307181324002409,17-07-2023,997,https://gr.maharashtra.gov.in/Site/Upload/Government%20Resolutions/English/202307181324002409.pdf,6,1021080,GR_DATASET\pdfs\Housing Department\202307181324002409.pdf,Downloaded,2026-07-27 21:36:08
Housing Department,Allocation of financial provisions for the financial year 2023-24 for the scheme Development of New Chandrapur City.,202307131450026009,13-07-2023,921,https://gr.maharashtra.gov.in/Site/Upload/Government%20Resolutions/English/202307131450026009.pdf,3,942864,GR_DATASET\pdfs\Housing Department\202307131450026009.pdf,Downloaded,2026-07-27 21:36:09
Housing Department,Regarding appointment of lead partner for implementation of Dharavi Redevelopment Project under Dharavi Notified Area.,202307141137205809,13-07-2023,898,https://gr.maharashtra.gov.in/Site/Upload/Government%20Resolutions/English/202307141137205809.pdf,3,919158,GR_DATASET\pdfs\Housing Department\202307141137205809.pdf,Downloaded,2026-07-27 21:36:10
Housing Department,Regarding the constitution of a committee in pursuance of giving approval to complete the stalled slum rehabilitation scheme.,202307121217395609,12-07-2023,888,https://gr.maharashtra.gov.in/Site/Upload/Government%20Resolutions/English/202307121217395609.pdf,2,909107,GR_DATASET\pdfs\Housing Department\202307121217395609.pdf,Downloaded,2026-07-27 21:36:10
Housing Department,Regarding the construction of protective wall to protect the slum dwellers situated along the drains during floods due to heavy rains.,202307101659309809,10-07-2023,888,https://gr.maharashtra.gov.in/Site/Upload/Government%20Resolutions/English/202307101659309809.pdf,2,909168,GR_DATASET\pdfs\Housing Department\202307101659309809.pdf,Downloaded,2026-07-27 21:36:11
Housing Department,Regarding fixation of cost for paid rehabilitation tenements under Slum Rehabilitation Scheme.,202305251320009509,25-05-2023,1071,https://gr.maharashtra.gov.in/Site/Upload/Government%20Resolutions/English/202305251320009509.pdf,2,1096359,GR_DATASET\pdfs\Housing Department\202305251320009509.pdf,Downloaded,2026-07-27 21:36:12
Housing Department,"To set up a committee for controlling issues regarding eligibility of mill workers, lottery allocations, getting ownership of tenement house to lottery-winner mill workers within permissible time limit.",202305161539449909,16-05-2023,144,https://gr.maharashtra.gov.in/Site/Upload/Government%20Resolutions/English/202305161539449909.pdf,3,146996,GR_DATASET\pdfs\Housing Department\202305161539449909.pdf,Downloaded,2026-07-27 21:36:13
Housing Department,"For Dharavi Redevelopment Project, Slum Rehabilitation Authority has provided an additional Rs. 300 crore regarding the provision of funds.",202305111712523809.....,11-05-2023,1070,https://gr.maharashtra.gov.in/Site/Upload/Government%20Resolutions/English/202305111712523809......pdf,0,0,GR_DATASET\pdfs\Housing Department\202305111712523809......pdf,404 Client Error: Not Found for url: https://gr.maharashtra.gov.in/Site/Upload/Government%20Resolutions/English/202305111712523809......pdf,2026-07-27 21:36:13
Housing Department,"Regarding the transfer of additional charge of the post of Managing Director and Chief Executive Officer, Maharashtra Housing Development Corporation to Mr. Ajit Kawade, Deputy Secretary, Housing Department.",202305041418317409,04-05-2023,1101,https://gr.maharashtra.gov.in/Site/Upload/Government%20Resolutions/English/202305041418317409.pdf,2,1127630,GR_DATASET\pdfs\Housing Department\202305041418317409.pdf,Downloaded,2026-07-27 21:36:14
Housing Department,Regarding regularization of unauthorized stalls in Bombay Development Department chawls area.,202304181654594309,17-04-2023,245,https://gr.maharashtra.gov.in/Site/Upload/Government%20Resolutions/English/202304181654594309.pdf,6,251021,GR_DATASET\pdfs\Housing Department\202304181654594309.pdf,Downloaded,2026-07-27 21:36:15
Housing Department,"Cancellation of land acquisition Proceedings of bearing C.S.No. No.1A/1479 Byculla Division, 130 Thawar Mansion NO.2, Shivdas Chapsi Marg, Mumbai-400009 Property acquired under MHADA Act, 1976, Chapter VIII-A Section 103 (B).",202304131236475609,13-04-2023,147,https://gr.maharashtra.gov.in/Site/Upload/Government%20Resolutions/English/202304131236475609.pdf,0,0,GR_DATASET\pdfs\Housing Department\202304131236475609.pdf,404 Client Error: Not Found for url: https://gr.maharashtra.gov.in/Site/Upload/Government%20Resolutions/English/202304131236475609.pdf,2026-07-27 21:36:17
Housing Department,"Exhibition on Construction Materials and Furniture related to Building and Construction trade by BAU, Munich and Salone Del Mobile, Milan.",202304171837240409,13-04-2023,190,https://gr.maharashtra.gov.in/Site/Upload/Government%20Resolutions/English/202304171837240409.pdf,2,194133,GR_DATASET\pdfs\Housing Department\202304171837240409.pdf,Downloaded,2026-07-27 21:36:17
Housing Department,Regarding setting up of Civil Service Board to make recommendations to the competent authority regarding the transfers of all the officers belonging to Maharashtra Housing and Area Development Authority and all the divisional boards under Group A and Group B (Class-I and Class-I).,202303291826386209,29-03-2023,1154,https://gr.maharashtra.gov.in/Site/Upload/Government%20Resolutions/English/202303291826386209.pdf,3,1181359,GR_DATASET\pdfs\Housing Department\202303291826386209.pdf,Downloaded,2026-07-27 21:36:19
Housing Department,Financial Year 2022-23 Regarding disbursement of cess amount to Maharashtra Housing and Area Development Authority for depositing in Bombay Building Repair and Reconstruction Fund...,202303311217141609,29-03-2023,167,https://gr.maharashtra.gov.in/Site/Upload/Government%20Resolutions/English/202303311217141609.pdf,3,171147,GR_DATASET\pdfs\Housing Department\202303311217141609.pdf,Downloaded,2026-07-27 21:36:20
Housing Department,Financial Year 2022-23 Regarding distribution of contribution amount to Maharashtra Housing and Area Development Authority for depositing in Bombay Building Repair and Reconstruction Fund...,202303311221542809,29-03-2023,167,https://gr.maharashtra.gov.in/Site/Upload/Government%20Resolutions/English/202303311221542809.pdf,3,171108,GR_DATASET\pdfs\Housing Department\202303311221542809.pdf,Downloaded,2026-07-27 21:36:21
Housing Department,Allocation of financial provisions for the financial year 2022-23 for the scheme Development of New Chandrapur City.,202303242017197609,24-03-2023,148,https://gr.maharashtra.gov.in/Site/Upload/Government%20Resolutions/English/202303242017197609.pdf,3,151840,GR_DATASET\pdfs\Housing Department\202303242017197609.pdf,Downloaded,2026-07-27 21:36:21
Housing Department,Regarding Publication of Annexure-2 ( Original Supplementary) on Official website of the slum Rehabilitation Authority which already Prepared and is to be prepared in slum Rehabilitation Scheme.,202303201824083109,20-03-2023,614,https://gr.maharashtra.gov.in/Site/Upload/Government%20Resolutions/English/202303201824083109.pdf,4,628781,GR_DATASET\pdfs\Housing Department\202303201824083109.pdf,Downloaded,2026-07-27 21:36:22
Housing Department,Regarding revising the permissible mat area and income limit for the categories of Very Low Income Group (EWS) / Low Income Group (LIG) / Middle Income Group (MIG) / High Income Group (HIG) for housing projects implemented through MHADA.,202303161811132009,16-03-2023,1526,https://gr.maharashtra.gov.in/Site/Upload/Government%20Resolutions/English/202303161811132009.pdf,3,1562637,GR_DATASET\pdfs\Housing Department\202303161811132009.pdf,Downloaded,2026-07-27 21:36:24
Housing Department,Regarding certified copies of Annexure-II Prepared in Slum Rehabilitation scheme.,202303091819320609,09-03-2023,165,https://gr.maharashtra.gov.in/Site/Upload/Government%20Resolutions/English/202303091819320609.pdf,2,168692,GR_DATASET\pdfs\Housing Department\202303091819320609.pdf,Downloaded,2026-07-27 21:36:25
Housing Department,Regarding the formation of a committee to examine the proposals regarding improvement in the rates of cottages in approved projects under the Pradhan Mantri Awas Yojana (Urban) before submitting them to SLAC and SLSMC as per prevailing government decision.,202303081840189109,08-03-2023,1232,https://gr.maharashtra.gov.in/Site/Upload/Government%20Resolutions/English/202303081840189109.pdf,4,1262057,GR_DATASET\pdfs\Housing Department\202303081840189109.pdf,Downloaded,2026-07-27 21:36:26
Housing Department,Component No.04 of Pradhan Mantri Awas Yojana (Urban) for Economically Weaker Blocks (BLC) regarding allowing more than one beneficiary of the same family to construct a multi-storied building on a common site.,202303031601531109,03-03-2023,1205,https://gr.maharashtra.gov.in/Site/Upload/Government%20Resolutions/English/202303031601531109.pdf,0,0,GR_DATASET\pdfs\Housing Department\202303031601531109.pdf,404 Client Error: Not Found for url: https://gr.maharashtra.gov.in/Site/Upload/Government%20Resolutions/English/202303031601531109.pdf,2026-07-27 21:36:26
Housing Department,Regarding distribution of State share funds (SC/ST Component) corresponding to the Central share received from the Central Government under the Pradhan Mantri Awas Yojana (Urban).,202303031854541509,03-03-2023,233,https://gr.maharashtra.gov.in/Site/Upload/Government%20Resolutions/English/202303031854541509.pdf,2,238724,GR_DATASET\pdfs\Housing Department\202303031854541509.pdf,Downloaded,2026-07-27 21:36:27
Housing Department,Regarding disbursement of Central Share funds (SC/ST Component) received from Central Government under Pradhan Mantri Awas Yojana (Urban).,202303031901497509,03-03-2023,232,https://gr.maharashtra.gov.in/Site/Upload/Government%20Resolutions/English/202303031901497509.pdf,2,237737,GR_DATASET\pdfs\Housing Department\202303031901497509.pdf,Downloaded,2026-07-27 21:36:27
Housing Department,1) Regarding the extension of time to the committee set up by the Mumbai Building Repair and Reconstruction Board to improve the process of allotment of transit camps and through the Master list.,202303011601544309,01-03-2023,159,https://gr.maharashtra.gov.in/Site/Upload/Government%20Resolutions/English/202303011601544309.pdf,2,162596,GR_DATASET\pdfs\Housing Department\202303011601544309.pdf,Downloaded,2026-07-27 21:36:28
Housing Department,Financial Year 2022-23 Regarding disbursement of cess amount to Maharashtra Housing and Area Development Authority for depositing in Bombay Building Repair and Reconstruction Fund...,202302171510252109,16-02-2023,166,https://gr.maharashtra.gov.in/Site/Upload/Government%20Resolutions/English/202302171510252109.pdf,2,169678,GR_DATASET\pdfs\Housing Department\202302171510252109.pdf,Downloaded,2026-07-27 21:36:29
Housing Department,Financial Year 2022-23 Regarding disbursement of cess amount to Maharashtra Housing and Area Development Authority for depositing in Bombay Building Repair and Reconstruction Fund...,202302171519178809,16-02-2023,190,https://gr.maharashtra.gov.in/Site/Upload/Government%20Resolutions/English/202302171519178809.pdf,2,195024,GR_DATASET\pdfs\Housing Department\202302171519178809.pdf,Downloaded,2026-07-27 21:36:29
Housing Department,Regarding distribution of central share funds (Other than SC/ST Component) received from Central Government under Pradhan Mantri Awas Yojana (Urban).,202301271441292609,27-01-2023,1319,https://gr.maharashtra.gov.in/Site/Upload/Government%20Resolutions/English/202301271441292609.pdf,0,0,GR_DATASET\pdfs\Housing Department\202301271441292609.pdf,404 Client Error: Not Found for url: https://gr.maharashtra.gov.in/Site/Upload/Government%20Resolutions/English/202301271441292609.pdf,2026-07-27 21:36:30
Housing Department,Regarding distribution of State share funds (Other than SC/ST Component) Proportional to the Central share received from the Central Government under the Pradhan Mantri Awas Yojana (Urban).,202301271450159309,27-01-2023,1913,https://gr.maharashtra.gov.in/Site/Upload/Government%20Resolutions/English/202301271450159309.pdf,3,1958848,GR_DATASET\pdfs\Housing Department\202301271450159309.pdf,Downloaded,2026-07-27 21:36:31
Housing Department,Allocation of financial provisions for the financial year 2022-23 for the scheme Development of New Chandrapur City.,202301201804040709,20-01-2023,178,https://gr.maharashtra.gov.in/Site/Upload/Government%20Resolutions/English/202301201804040709.pdf,0,0,GR_DATASET\pdfs\Housing Department\202301201804040709.pdf,404 Client Error: Not Found for url: https://gr.maharashtra.gov.in/Site/Upload/Government%20Resolutions/English/202301201804040709.pdf,2026-07-27 21:36:31
Housing Department,Regarding the formation of a committee to improve the procedure for allotment of transit camps as well as master list through the Mumbai Building Repair and Reconstruction Board.,202301171622500809,17-01-2023,171,https://gr.maharashtra.gov.in/Site/Upload/Government%20Resolutions/English/202301171622500809.pdf,3,175538,GR_DATASET\pdfs\Housing Department\202301171622500809.pdf,Downloaded,2026-07-27 21:36:32
Housing Department,Distribution of Interest amount on contributory General Provident fund amount of the Maharashtra Housing Board Staff for the financial year 2022-23.,202301131620453409...,13-01-2023,175,https://gr.maharashtra.gov.in/Site/Upload/Government%20Resolutions/English/202301131620453409....pdf,0,0,GR_DATASET\pdfs\Housing Department\202301131620453409....pdf,404 Client Error: Not Found for url: https://gr.maharashtra.gov.in/Site/Upload/Government%20Resolutions/English/202301131620453409....pdf,2026-07-27 21:36:33
Housing Department,Distribution of Interest amount on contributory General Provident fund amount of the Vidharbha Housing Board Staff for the financial year 2022-23.,202301131624568309,13-01-2023,167,https://gr.maharashtra.gov.in/Site/Upload/Government%20Resolutions/English/202301131624568309.pdf,2,170931,GR_DATASET\pdfs\Housing Department\202301131624568309.pdf,Downloaded,2026-07-27 21:36:33
Housing Department,"Mr. M. R. More, Upper Registrar Co-operative Society on deputation to the post of Chief Officer, Konkan Housing and Area Development Board, Mumbai.",202301121458497009,12-01-2023,184,https://gr.maharashtra.gov.in/Site/Upload/Government%20Resolutions/English/202301121458497009.pdf,2,188505,GR_DATASET\pdfs\Housing Department\202301121458497009.pdf,Downloaded,2026-07-27 21:36:34
Housing Department,"Guidelines regarding administrative approval, technical sanction, tender process of works under Maharashtra housing and area development authority",202301121539495509,12-01-2023,169,https://gr.maharashtra.gov.in/Site/Upload/Government%20Resolutions/English/202301121539495509.pdf,2,173353,GR_DATASET\pdfs\Housing Department\202301121539495509.pdf,Downloaded,2026-07-27 21:36:35
Housing Department,"Cluster redevelopment of old and dilapidated cessed and non-cessed buildings and plots in Gali No. 1 to 15 in Kamathipura area of South Mumbai through MHADA, under Development Control and Promotion Rules 2034, Regulation 33(9).",202301131058338309,12-01-2023,170,https://gr.maharashtra.gov.in/Site/Upload/Government%20Resolutions/English/202301131058338309.pdf,6,173899,GR_DATASET\pdfs\Housing Department\202301131058338309.pdf,Downloaded,2026-07-27 21:36:35
Housing Department,Regarding the appointment of the Chairperson to the Maharashtra Real Estate Appellate Tribunal.,202301051721355909,05-01-2023,139,https://gr.maharashtra.gov.in/Site/Upload/Government%20Resolutions/English/202301051721355909.pdf,0,0,GR_DATASET\pdfs\Housing Department\202301051721355909.pdf,404 Client Error: Not Found for url: https://gr.maharashtra.gov.in/Site/Upload/Government%20Resolutions/English/202301051721355909.pdf,2026-07-27 21:36:36
Housing Department,"Regarding distribution of Tit-Bit, Plot under Maharashtra Housing and Area Development Authority.",202212301224213609,29-12-2022,142,https://gr.maharashtra.gov.in/Site/Upload/Government%20Resolutions/English/202212301224213609.pdf,0,0,GR_DATASET\pdfs\Housing Department\202212301224213609.pdf,404 Client Error: Not Found for url: https://gr.maharashtra.gov.in/Site/Upload/Government%20Resolutions/English/202212301224213609.pdf,2026-07-27 21:36:36
Housing Department,Dharavi Redevelopment Project- Regarding the Reconstitution of the CoS.,202212121428209409...,12-12-2022,1307,https://gr.maharashtra.gov.in/Site/Upload/Government%20Resolutions/English/202212121428209409....pdf,0,0,GR_DATASET\pdfs\Housing Department\202212121428209409....pdf,404 Client Error: Not Found for url: https://gr.maharashtra.gov.in/Site/Upload/Government%20Resolutions/English/202212121428209409....pdf,2026-07-27 21:36:37
Housing Department,Regarding taking measures to complete the stalled slum rehabilitation scheme.,202212091456486309,09-12-2022,1313,https://gr.maharashtra.gov.in/Site/Upload/Government%20Resolutions/English/202212091456486309.pdf,2,1344341,GR_DATASET\pdfs\Housing Department\202212091456486309.pdf,Downloaded,2026-07-27 21:36:38
Housing Department,Regarding constitution of sub-committee for site inspection and determination of households and economic feasibility study for projects in Aurangabad under Pradhan Mantri Awas Yojana (Urban).,202212091635190509,09-12-2022,167,https://gr.maharashtra.gov.in/Site/Upload/Government%20Resolutions/English/202212091635190509.pdf,4,170972,GR_DATASET\pdfs\Housing Department\202212091635190509.pdf,Downloaded,2026-07-27 21:36:38
Housing Department,Consideration of joint redevelopment proposal of one or more building / institute / layout under Maharashtra Housing and Area Development Authority (MHADA) without redevelopment of single buildings.,202212061612586209....,06-12-2022,135,https://gr.maharashtra.gov.in/Site/Upload/Government%20Resolutions/English/202212061612586209.....pdf,0,0,GR_DATASET\pdfs\Housing Department\202212061612586209.....pdf,404 Client Error: Not Found for url: https://gr.maharashtra.gov.in/Site/Upload/Government%20Resolutions/English/202212061612586209.....pdf,2026-07-27 21:36:39
Housing Department,Committee under Pradhan Mantri Awas Yojana (Urban) for Aurangabad Projects.,202212061123099909,05-12-2022,1735,https://gr.maharashtra.gov.in/Site/Upload/Government%20Resolutions/English/202212061123099909.pdf,2,1776360,GR_DATASET\pdfs\Housing Department\202212061123099909.pdf,Downloaded,2026-07-27 21:36:40
Housing Department,Under the Pradhan Mantri Awas Yojana (Urban) the eligible beneficiaries of the projects approved by the CSMC will be allowed as state share each Rs. 1 lakh Regarding disbursement of subsidy of from Maharashtra Nivara Nidhi,202211221228353509,22-11-2022,1382,https://gr.maharashtra.gov.in/Site/Upload/Government%20Resolutions/English/202211221228353509.pdf,2,1415303,GR_DATASET\pdfs\Housing Department\202211221228353509.pdf,Downloaded,2026-07-27 21:36:41
Housing Department,Regarding disbursement of funds received from Central Government under Pradhan Mantri Awas Yojana (Urban).,202211171330553409,17-11-2022,1746,https://gr.maharashtra.gov.in/Site/Upload/Government%20Resolutions/English/202211171330553409.pdf,2,1788077,GR_DATASET\pdfs\Housing Department\202211171330553409.pdf,Downloaded,2026-07-27 21:36:42
Housing Department,"Formation of cabinet sub-committee for disposal of MHADAs Residential/Non- Residential plots under the Regulation 16 of Maharashtra Housing and Area Development (Disposal of Land), Regulation, 1982.",202211161744554309,16-11-2022,137,https://gr.maharashtra.gov.in/Site/Upload/Government%20Resolutions/English/202211161744554309.pdf,2,140613,GR_DATASET\pdfs\Housing Department\202211161744554309.pdf,Downloaded,2026-07-27 21:36:43
Housing Department,Clarification regarding implementation of Dharavi Redevelopment Project through revised global tendering process with additional concessions for transfer of railway land under Special Purpose Company model with mentioned terms and conditions.,202211091233066109,09-11-2022,1332,https://gr.maharashtra.gov.in/Site/Upload/Government%20Resolutions/English/202211091233066109.pdf,2,1363721,GR_DATASET\pdfs\Housing Department\202211091233066109.pdf,Downloaded,2026-07-27 21:36:45
Housing Department,Implementation to Senior Citizen Policy 2013.,202210101306249909,07-10-2022,1354,https://gr.maharashtra.gov.in/Site/Upload/Government%20Resolutions/English/202210101306249909.pdf,2,1386952,GR_DATASET\pdfs\Housing Department\202210101306249909.pdf,Downloaded,2026-07-27 21:36:46
Housing Department,Regarding the implementation of the Dharavi Redevelopment Project through a newly revised global tendering process with additional concession to the project with the mentioned terms and conditions for the transfer of Railway Land under the special purpose company model.,202209281331490209....,28-09-2022,1177,https://gr.maharashtra.gov.in/Site/Upload/Government%20Resolutions/English/202209281331490209.....pdf,0,0,GR_DATASET\pdfs\Housing Department\202209281331490209.....pdf,404 Client Error: Not Found for url: https://gr.maharashtra.gov.in/Site/Upload/Government%20Resolutions/English/202209281331490209.....pdf,2026-07-27 21:36:46
Housing Department,Decentralization of powers for development works implemented by Maharashtra Housing and Area Development Authority,202209161454402209,15-09-2022,1378,https://gr.maharashtra.gov.in/Site/Upload/Government%20Resolutions/English/202209161454402209.pdf,2,1411186,GR_DATASET\pdfs\Housing Department\202209161454402209.pdf,Downloaded,2026-07-27 21:36:47
Housing Department,Decentralization of powers for development works implemented by Maharashtra Housing and Area Development Authority,202209161455510309,15-09-2022,135,https://gr.maharashtra.gov.in/Site/Upload/Government%20Resolutions/English/202209161455510309.pdf,2,138401,GR_DATASET\pdfs\Housing Department\202209161455510309.pdf,Downloaded,2026-07-27 21:36:48
Housing Department,Decentralization of powers for development works implemented by Maharashtra Housing and Area Development Authority,202209161458292809,15-09-2022,1378,https://gr.maharashtra.gov.in/Site/Upload/Government%20Resolutions/English/202209161458292809.pdf,2,1411511,GR_DATASET\pdfs\Housing Department\202209161458292809.pdf,Downloaded,2026-07-27 21:36:50
Housing Department,Decentralization of powers for development works implemented by Maharashtra Housing and Area Development Authority,202209161502232709,15-09-2022,1379,https://gr.maharashtra.gov.in/Site/Upload/Government%20Resolutions/English/202209161502232709.pdf,0,0,GR_DATASET\pdfs\Housing Department\202209161502232709.pdf,404 Client Error: Not Found for url: https://gr.maharashtra.gov.in/Site/Upload/Government%20Resolutions/English/202209161502232709.pdf,2026-07-27 21:36:50
Housing Department,Decentralization of powers for development works implemented by Maharashtra Housing and Area Development Authority,202209161502223809,15-09-2022,134,https://gr.maharashtra.gov.in/Site/Upload/Government%20Resolutions/English/202209161502223809.pdf,2,137694,GR_DATASET\pdfs\Housing Department\202209161502223809.pdf,Downloaded,2026-07-27 21:36:51
Housing Department,Decentralization of powers for development works implemented by Maharashtra Housing and Area Development Authority,202209161505059309,15-09-2022,1378,https://gr.maharashtra.gov.in/Site/Upload/Government%20Resolutions/English/202209161505059309.pdf,2,1411496,GR_DATASET\pdfs\Housing Department\202209161505059309.pdf,Downloaded,2026-07-27 21:36:52
Housing Department,Decentralization of powers for development works implemented by Maharashtra Housing and Area Development Authority,202209161507244409,15-09-2022,135,https://gr.maharashtra.gov.in/Site/Upload/Government%20Resolutions/English/202209161507244409.pdf,2,138311,GR_DATASET\pdfs\Housing Department\202209161507244409.pdf,Downloaded,2026-07-27 21:36:53
Housing Department,Decentralization of powers for development works implemented by Maharashtra Housing and Area Development Authority,202209161508066909,15-09-2022,1379,https://gr.maharashtra.gov.in/Site/Upload/Government%20Resolutions/English/202209161508066909.pdf,2,1412459,GR_DATASET\pdfs\Housing Department\202209161508066909.pdf,Downloaded,2026-07-27 21:36:54
Housing Department,Decentralization of powers for development works implemented by Maharashtra Housing and Area Development Authority,202209161511573109,15-09-2022,136,https://gr.maharashtra.gov.in/Site/Upload/Government%20Resolutions/English/202209161511573109.pdf,2,139086,GR_DATASET\pdfs\Housing Department\202209161511573109.pdf,Downloaded,2026-07-27 21:36:55
Housing Department,Decentralization of powers for development works implemented by Maharashtra Housing and Area Development Authority,202209161512169009,15-09-2022,1378,https://gr.maharashtra.gov.in/Site/Upload/Government%20Resolutions/English/202209161512169009.pdf,2,1410884,GR_DATASET\pdfs\Housing Department\202209161512169009.pdf,Downloaded,2026-07-27 21:36:58
Housing Department,Regarding the construction cost on redeveloped tenement of Police Quarter in B.D.D. Chawl.,202208301645126509,30-08-2022,145,https://gr.maharashtra.gov.in/Site/Upload/Government%20Resolutions/English/202208301645126509.pdf,3,148006,GR_DATASET\pdfs\Housing Department\202208301645126509.pdf,Downloaded,2026-07-27 21:36:58
Housing Department,"Regarding appointment to the post of Member (Judicial), Maharashtra Real Estate Regulatory Authority",202208121458085109,12-08-2022,107,https://gr.maharashtra.gov.in/Site/Upload/Government%20Resolutions/English/202208121458085109.pdf,2,109062,GR_DATASET\pdfs\Housing Department\202208121458085109.pdf,Downloaded,2026-07-27 21:36:59
Housing Department,Distribution of Interest amount on contributory General Provident fund amount of the Maharashtra Housing Board Staff for the financial year 2022-23.,202207201747055109,20-07-2022,162,https://gr.maharashtra.gov.in/Site/Upload/Government%20Resolutions/English/202207201747055109.pdf,2,166246,GR_DATASET\pdfs\Housing Department\202207201747055109.pdf,Downloaded,2026-07-27 21:36:59
Housing Department,Distribution of Interest amount on contributory General Provident fund amount of the Maharashtra Housing Board Staff for the financial year 2022-23.Distribution of Interest amount on contributory General Provident fund amount of the Vidharbha Housing Board Staff for the financial year 2022-23.,202207201750081609,20-07-2022,163,https://gr.maharashtra.gov.in/Site/Upload/Government%20Resolutions/English/202207201750081609.pdf,2,167043,GR_DATASET\pdfs\Housing Department\202207201750081609.pdf,Downloaded,2026-07-27 21:37:00
Housing Department,Regarding disbursement of funds received from Central Government under Pradhan Mantri Awas Yojana (Urban)..,202207191459497909,19-07-2022,129,https://gr.maharashtra.gov.in/Site/Upload/Government%20Resolutions/English/202207191459497909.pdf,1,132030,GR_DATASET\pdfs\Housing Department\202207191459497909.pdf,Downloaded,2026-07-27 21:37:01
Housing Department,Regarding distribution of funds received from Central Government under Pradhan Mantri Awas Yojana (Urban).,202207141831006709,14-07-2022,363,https://gr.maharashtra.gov.in/Site/Upload/Government%20Resolutions/English/202207141831006709.pdf,2,371268,GR_DATASET\pdfs\Housing Department\202207141831006709.pdf,Downloaded,2026-07-27 21:37:01
Housing Department,"Regarding appointment to the post of Member (Administrative / Technical), Maharashtra Real Estate Regulatory Authority.",202207061204177309...,05-07-2022,162,https://gr.maharashtra.gov.in/Site/Upload/Government%20Resolutions/English/202207061204177309....pdf,0,0,GR_DATASET\pdfs\Housing Department\202207061204177309....pdf,404 Client Error: Not Found for url: https://gr.maharashtra.gov.in/Site/Upload/Government%20Resolutions/English/202207061204177309....pdf,2026-07-27 21:37:02
Housing Department,Regarding improvement in the procedure of allotment of transit camps as well as Master list through Mumbai Building Repair and Reconstruction Board.,202206301517282109,29-06-2022,168,https://gr.maharashtra.gov.in/Site/Upload/Government%20Resolutions/English/202206301517282109.pdf,3,172392,GR_DATASET\pdfs\Housing Department\202206301517282109.pdf,Downloaded,2026-07-27 21:37:03
Housing Department,Regarding cancellation of allotment of 2000 sq.m. Plot allotted to Cricketer Shri Sunil Gavaskar at Bandra Reclamation.,202206241525176909,23-06-2022,141,https://gr.maharashtra.gov.in/Site/Upload/Government%20Resolutions/English/202206241525176909.pdf,2,144005,GR_DATASET\pdfs\Housing Department\202206241525176909.pdf,Downloaded,2026-07-27 21:37:04
Housing Department,Regarding the appointment of members in the committee to be appointed for the implementation of the Advertising Media Plan at the Housing Department level.,202206221307379609,21-06-2022,218,https://gr.maharashtra.gov.in/Site/Upload/Government%20Resolutions/English/202206221307379609.pdf,2,223053,GR_DATASET\pdfs\Housing Department\202206221307379609.pdf,Downloaded,2026-07-27 21:37:04
Housing Department,Regarding modification of allowable carpet area and income limit for Housing Project houses implemented by MHADA for the category of Low Income Group (EWS) / Low Income Group (LIG) / Middle Income Group (MIG) / High Income Group (HIG).,202206141528403509,14-06-2022,150,https://gr.maharashtra.gov.in/Site/Upload/Government%20Resolutions/English/202206141528403509.pdf,3,153552,GR_DATASET\pdfs\Housing Department\202206141528403509.pdf,Downloaded,2026-07-27 21:37:05
Housing Department,To constitute for implementation of amnesty scheme to complete stucked Slum Rehabilitation Schemes and to recommend appointment of developers by tender process.,202206081501557209,07-06-2022,138,https://gr.maharashtra.gov.in/Site/Upload/Government%20Resolutions/English/202206081501557209.pdf,2,141794,GR_DATASET\pdfs\Housing Department\202206081501557209.pdf,Downloaded,2026-07-27 21:37:06
Housing Department,"In Greater Mumbai, development / beautification of reserved plot should be done by MHADA itself in MHADA colony.",202206201632456209,03-06-2022,168,https://gr.maharashtra.gov.in/Site/Upload/Government%20Resolutions/English/202206201632456209.pdf,3,172154,GR_DATASET\pdfs\Housing Department\202206201632456209.pdf,Downloaded,2026-07-27 21:37:06
Housing Department,"Renaming the B.D.D. Chawl of Worli, N.M.Joshi Marg and Naigaon.",202206031057080709,03-06-2022,142,https://gr.maharashtra.gov.in/Site/Upload/Government%20Resolutions/English/202206031057080709.pdf,2,145431,GR_DATASET\pdfs\Housing Department\202206031057080709.pdf,Downloaded,2026-07-27 21:37:07
Housing Department,Regarding allowable carpet area and income limit for Housing Project houses implemented by MHADA for the category of Economical Weaker Section (EWS) / Low Income Group (LIG) / Middle Income Group (MIG) / High Income Group (HIG).,202205251127576709,25-05-2022,564,https://gr.maharashtra.gov.in/Site/Upload/Government%20Resolutions/English/202205251127576709.pdf,3,577354,GR_DATASET\pdfs\Housing Department\202205251127576709.pdf,Downloaded,2026-07-27 21:37:08
Housing Department,Regarding measures to be taken to complete the stuck slum rehabilitation scheme.,202205251326055609,25-05-2022,191,https://gr.maharashtra.gov.in/Site/Upload/Government%20Resolutions/English/202205251326055609.pdf,4,195653,GR_DATASET\pdfs\Housing Department\202205251326055609.pdf,Downloaded,2026-07-27 21:37:08
Housing Department,"Regarding the authority/rights of Chief Officer in the Konkan, Pune, Aurangabad, Nashik, Amravati and Nagpur Divisional Boards under the Maharashtra Housing and Regional Development Authority.",202205241307275909,24-05-2022,333,https://gr.maharashtra.gov.in/Site/Upload/Government%20Resolutions/English/202205241307275909.pdf,2,340702,GR_DATASET\pdfs\Housing Department\202205241307275909.pdf,Downloaded,2026-07-27 21:37:09
Housing Department,Regarding setting up of Civil Service Board to make recommendations to the competent authority regarding the transfers of all the officers belonging to Maharashtra Housing and Area Development Authority and all the divisional boards under Group A and Group B (Class-I and Class-I).,202205201634130609,20-05-2022,143,https://gr.maharashtra.gov.in/Site/Upload/Government%20Resolutions/English/202205201634130609.pdf,3,146445,GR_DATASET\pdfs\Housing Department\202205201634130609.pdf,Downloaded,2026-07-27 21:37:10
Housing Department,"Regarding Empanelment of construction technicians for good quality, durability and attractive construction in MHADA.",202205181554222309,18-05-2022,659,https://gr.maharashtra.gov.in/Site/Upload/Government%20Resolutions/English/202205181554222309.pdf,4,674869,GR_DATASET\pdfs\Housing Department\202205181554222309.pdf,Downloaded,2026-07-27 21:37:11
Housing Department,Pradhan Mantri Awas Yojana effective in the state about implementation,202204291306539709,28-04-2022,739,https://gr.maharashtra.gov.in/Site/Upload/Government%20Resolutions/English/202204291306539709.pdf,4,757107,GR_DATASET\pdfs\Housing Department\202204291306539709.pdf,Downloaded,2026-07-27 21:37:12
Housing Department,Consideration of joint redevelopment proposal of one or more building / institute / layout under Maharashtra Housing and Area Development Authority (MHADA) without redevelopment of single buildings.,202205061641260409,28-04-2022,507,https://gr.maharashtra.gov.in/Site/Upload/Government%20Resolutions/English/202205061641260409.pdf,2,519078,GR_DATASET\pdfs\Housing Department\202205061641260409.pdf,Downloaded,2026-07-27 21:37:12
Housing Department,"Regarding providing funds from Maharashtra Shelter Fund for necessary external facilities for 30000 households sanctioned by Operative Society Federation under Pradhan Mantri Awas Yojana Mauje Kumbhari Ta. South Solapur, Dist. Ray Nagar Housing Co. at Solapur.",202204201426586609,20-04-2022,569,https://gr.maharashtra.gov.in/Site/Upload/Government%20Resolutions/English/202204201426586609.pdf,3,582553,GR_DATASET\pdfs\Housing Department\202204201426586609.pdf,Downloaded,2026-07-27 21:37:13
Housing Department,Financial Year 2021-2022 Payment of Cess Collection to MHADA for credit to Mumbai Building Repairs and Reconstruction Board.,202203311556215409,31-03-2022,140,https://gr.maharashtra.gov.in/Site/Upload/Government%20Resolutions/English/202203311556215409.pdf,3,143712,GR_DATASET\pdfs\Housing Department\202203311556215409.pdf,Downloaded,2026-07-27 21:37:14
Housing Department,Financial Year 2021-22 Payment to MHADA as Government Contribution to Mumbai Building Repair and Reconstruction fund.,202203311600443009,31-03-2022,141,https://gr.maharashtra.gov.in/Site/Upload/Government%20Resolutions/English/202203311600443009.pdf,3,144001,GR_DATASET\pdfs\Housing Department\202203311600443009.pdf,Downloaded,2026-07-27 21:37:15
Housing Department,Supplementary demands 2021-2022 (December 2021 ) (Corrigendum).,202203301436101009,30-03-2022,132,https://gr.maharashtra.gov.in/Site/Upload/Government%20Resolutions/English/202203301436101009.pdf,1,134746,GR_DATASET\pdfs\Housing Department\202203301436101009.pdf,Downloaded,2026-07-27 21:37:15
Housing Department,Guidelines for charging premium from private developers when redeveloping slums on public land.,202203221625560709,22-03-2022,154,https://gr.maharashtra.gov.in/Site/Upload/Government%20Resolutions/English/202203221625560709.pdf,2,157855,GR_DATASET\pdfs\Housing Department\202203221625560709.pdf,Downloaded,2026-07-27 21:37:16
Housing Department,Regarding distribution of funds received from Central Government under Pradhan Mantri Awas Yojana (Urban).,202203161636135709,16-03-2022,208,https://gr.maharashtra.gov.in/Site/Upload/Government%20Resolutions/English/202203161636135709.pdf,2,213087,GR_DATASET\pdfs\Housing Department\202203161636135709.pdf,Downloaded,2026-07-27 21:37:17
Housing Department,Financial Year 2021-22 Payment to MHADA as Government Contribution to Mumbai Building Repair and Reconstruction fund.,202203101558579809,10-03-2022,1484,https://gr.maharashtra.gov.in/Site/Upload/Government%20Resolutions/English/202203101558579809.pdf,3,1519761,GR_DATASET\pdfs\Housing Department\202203101558579809.pdf,Downloaded,2026-07-27 21:37:18
Housing Department,Financial Year 2021-2022 Payment of Cess Collection to MHADA for credit to Mumbai Building Repairs and Reconstruction Board.,202203101600354609,10-03-2022,140,https://gr.maharashtra.gov.in/Site/Upload/Government%20Resolutions/English/202203101600354609.pdf,3,143194,GR_DATASET\pdfs\Housing Department\202203101600354609.pdf,Downloaded,2026-07-27 21:37:18
Housing Department,About blacklisting M/s G.A. Software Technologies Pvt. Ltd. Company appointed for MHADA Direct Recruitment -2021 process.,202203031657247509,03-03-2022,743,https://gr.maharashtra.gov.in/Site/Upload/Government%20Resolutions/English/202203031657247509.pdf,2,760973,GR_DATASET\pdfs\Housing Department\202203031657247509.pdf,Downloaded,2026-07-27 21:37:19
Housing Department,Regarding distribution of funds received from Central Government under Pradhan Mantri Awas Yojana (Urban).,202202251501184109,25-02-2022,1904,https://gr.maharashtra.gov.in/Site/Upload/Government%20Resolutions/English/202202251501184109.pdf,2,1949811,GR_DATASET\pdfs\Housing Department\202202251501184109.pdf,Downloaded,2026-07-27 21:37:20
Housing Department,"To approve grant of Rs. 50 Lakh to family of Late Manohar Laxman Jadhav, Peon, Deputy Collector (Encr./Rem.) died due to Covid-19.",202202221246140709,22-02-2022,144,https://gr.maharashtra.gov.in/Site/Upload/Government%20Resolutions/English/202202221246140709.pdf,2,147637,GR_DATASET\pdfs\Housing Department\202202221246140709.pdf,Downloaded,2026-07-27 21:37:21
Housing Department,"Extension of time limit to Study Committee to submit its report about implementing SRA Schemes in Rest of the State Excluding SRA Mumbai, Pune-Pimpari Chinchwad, Nagpur and Mumbai Metropolitan Region.",202202031312450709,03-02-2022,1456,https://gr.maharashtra.gov.in/Site/Upload/Government%20Resolutions/English/202202031312450709.pdf,3,1490818,GR_DATASET\pdfs\Housing Department\202202031312450709.pdf,Downloaded,2026-07-27 21:37:22
Housing Department,"Cancellation of land acquisition of bearing C.S.No. 2/394, Final plot no. 56, TPS III, Mahim Division, Building no. 21-21A, Sakharam Kir Road, Mahim, Mumbai - 400 016 - Kapoorwala Building Named property acquired under MHADA Act, 1976, Chapter VIII -A Section 103 (B).",202202031635553709,03-02-2022,1521,https://gr.maharashtra.gov.in/Site/Upload/Government%20Resolutions/English/202202031635553709.pdf,3,1557316,GR_DATASET\pdfs\Housing Department\202202031635553709.pdf,Downloaded,2026-07-27 21:37:23
Housing Department,Distribution of Interest amount on contributory General Provident fund amount of the Maharashtra Housing Board Staff for the financial year 2021-22.,202201311636289009,31-01-2022,1454,https://gr.maharashtra.gov.in/Site/Upload/Government%20Resolutions/English/202201311636289009.pdf,2,1489231,GR_DATASET\pdfs\Housing Department\202201311636289009.pdf,Downloaded,2026-07-27 21:37:24
Housing Department,Distribution of Interest amount on contributory General Provident fund amount of the Vidharbha Housing Board Staff for the financial year 2021-22.,202201311639400409,31-01-2022,1454,https://gr.maharashtra.gov.in/Site/Upload/Government%20Resolutions/English/202201311639400409.pdf,2,1489038,GR_DATASET\pdfs\Housing Department\202201311639400409.pdf,Downloaded,2026-07-27 21:37:26
Housing Department,Redevelopment of Savli Building in B.D.D. Chawl and Allotment of rehab tenement in leu of service quarter.,202201281633463109,28-01-2022,984,https://gr.maharashtra.gov.in/Site/Upload/Government%20Resolutions/English/202201281633463109.pdf,3,1007934,GR_DATASET\pdfs\Housing Department\202201281633463109.pdf,Downloaded,2026-07-27 21:37:27
Housing Department,"Supplementary Demands 2021-2022 (December, 2021).",202201121726196409,12-01-2022,141,https://gr.maharashtra.gov.in/Site/Upload/Government%20Resolutions/English/202201121726196409.pdf,3,144279,GR_DATASET\pdfs\Housing Department\202201121726196409.pdf,Downloaded,2026-07-27 21:37:27
Housing Department,Guidelines for identification of eligible tenants in redevelopment of B.D.D. Chawl.,202201051715452809,27-12-2021,1026,https://gr.maharashtra.gov.in/Site/Upload/Government%20Resolutions/English/202201051715452809.pdf,2,1051130,GR_DATASET\pdfs\Housing Department\202201051715452809.pdf,Downloaded,2026-07-27 21:37:28
Housing Department,"Regarding construction of new houses by MHADA for the affected families of Village-Taliye, Tal-Mahad due to heavy rainfall.",202112231650588509,23-12-2021,674,https://gr.maharashtra.gov.in/Site/Upload/Government%20Resolutions/English/202112231650588509.pdf,2,690461,GR_DATASET\pdfs\Housing Department\202112231650588509.pdf,Downloaded,2026-07-27 21:37:30
Housing Department,"Regarding transfer of posts in various cadres in the office of Deputy Collector (Encr./Remc.) to the office of the competent Authority - 1 to 10, slum Rehabilitation Authority, Mumbai.",202112221859146509,22-12-2021,1399,https://gr.maharashtra.gov.in/Site/Upload/Government%20Resolutions/English/202112221859146509.pdf,8,1432178,GR_DATASET\pdfs\Housing Department\202112221859146509.pdf,Downloaded,2026-07-27 21:37:30
Housing Department,Declaration of Area for Deputy Collector (Encr./Remv.) regarding the removal of encroachments on Government land in Mumbai City and Mumbai Suburban Districts.,202112221839175609,22-12-2021,1308,https://gr.maharashtra.gov.in/Site/Upload/Government%20Resolutions/English/202112221839175609.pdf,5,1338910,GR_DATASET\pdfs\Housing Department\202112221839175609.pdf,Downloaded,2026-07-27 21:37:31
Housing Department,Distribution of Interest amount on contributory General Provident fund amount of the Maharashtra Housing Board Staff for the financial year 2021-22.,202111231143414909,23-11-2021,1209,https://gr.maharashtra.gov.in/Site/Upload/Government%20Resolutions/English/202111231143414909.pdf,2,1237683,GR_DATASET\pdfs\Housing Department\202111231143414909.pdf,Downloaded,2026-07-27 21:37:32
Housing Department,Distribution of Interest amount on contributory General Provident fund amount of the Vidharbha Housing Board Staff for the financial year 2021-22.,202111231147158709,23-11-2021,1208,https://gr.maharashtra.gov.in/Site/Upload/Government%20Resolutions/English/202111231147158709.pdf,2,1237046,GR_DATASET\pdfs\Housing Department\202111231147158709.pdf,Downloaded,2026-07-27 21:37:33
Housing Department,Regarding eligibility of Legal heirs in B.D.D. Chawl redevelopment Project.,202110141236304909,14-10-2021,1373,https://gr.maharashtra.gov.in/Site/Upload/Government%20Resolutions/English/202110141236304909.pdf,3,1406322,GR_DATASET\pdfs\Housing Department\202110141236304909.pdf,Downloaded,2026-07-27 21:37:34
Housing Department,Regarding eligibility of tenants in B.D.D. Chawl redevelopment Project.,202110141240285909,14-10-2021,1367,https://gr.maharashtra.gov.in/Site/Upload/Government%20Resolutions/English/202110141240285909.pdf,2,1399468,GR_DATASET\pdfs\Housing Department\202110141240285909.pdf,Downloaded,2026-07-27 21:37:36
Housing Department,"Redevelopment of MHADA Colony Motilal Nagar 1, 2 and 3 situated at Goregaon, Mumbai.",202110061702285109,06-10-2021,1490,https://gr.maharashtra.gov.in/Site/Upload/Government%20Resolutions/English/202110061702285109.pdf,5,1525950,GR_DATASET\pdfs\Housing Department\202110061702285109.pdf,Downloaded,2026-07-27 21:37:37
Housing Department,"Maharashtra Housing and Regional Development Authority, Slum Rehabilitation Authority and Shivshahi Rehabilitation Project for setting up of Maharashtra Housing Development Corporation for construction of large settlement projects under Pradhan Mantri Awas Yojana about investing from. ..........",202109281701254909,28-09-2021,558,https://gr.maharashtra.gov.in/Site/Upload/Government%20Resolutions/English/202109281701254909.pdf,2,571081,GR_DATASET\pdfs\Housing Department\202109281701254909.pdf,Downloaded,2026-07-27 21:37:38
Housing Department,Appointment of Single Nodal Agency (SNA) and Nodal Officer for PFMS (Public Financial Management System) for fund distribution and appropriation management of Centrally Sponsored Schemes.,202109291125432609,28-09-2021,228,https://gr.maharashtra.gov.in/Site/Upload/Government%20Resolutions/English/202109291125432609.pdf,2,233040,GR_DATASET\pdfs\Housing Department\202109291125432609.pdf,Downloaded,2026-07-27 21:37:39
Housing Department,"Regarding the appointment of the Director, Mumbai Development Department (B.D.D.) Chawl as the competent authority to determine the eligibility of the tenants of BDD Chawl in redevelopment project of B.D.D. Chawl.",202109221211494209,22-09-2021,387,https://gr.maharashtra.gov.in/Site/Upload/Government%20Resolutions/English/202109221211494209.pdf,3,396536,GR_DATASET\pdfs\Housing Department\202109221211494209.pdf,Downloaded,2026-07-27 21:37:40
Housing Department,Regarding the allotment of MHADA Plot to Cricketer Shri Sunil Gavaskar.,202109211236056409,21-09-2021,1518,https://gr.maharashtra.gov.in/Site/Upload/Government%20Resolutions/English/202109211236056409.pdf,1,1554317,GR_DATASET\pdfs\Housing Department\202109211236056409.pdf,Downloaded,2026-07-27 21:37:41
Housing Department,Regarding allotment of 2000 sq.mt. plot in Bandra-Kurla Complex to the Cricketer Shri Sunil Gavaskar.,202109151256477809..,15-09-2021,1575,https://gr.maharashtra.gov.in/Site/Upload/Government%20Resolutions/English/202109151256477809...pdf,3,1613539,GR_DATASET\pdfs\Housing Department\202109151256477809...pdf,Downloaded,2026-07-27 21:37:42
Housing Department,Regarding relaxation of condition of sale of flats distributed by MHADA to eligible mill workers / their heirs.,202108301226176209....,30-08-2021,319,https://gr.maharashtra.gov.in/Site/Upload/Government%20Resolutions/English/202108301226176209.....pdf,2,326807,GR_DATASET\pdfs\Housing Department\202108301226176209.....pdf,Downloaded,2026-07-27 21:37:43
Housing Department,"Extension of time limit to Study Committee to submit its report about implementing SRA Schemes in Rest of the State Excluding SRA Mumbai, Pune-Pimpari Chinchwad, Nagpur and Mumbai Metropolitan Region.",202108271433207109,27-08-2021,139,https://gr.maharashtra.gov.in/Site/Upload/Government%20Resolutions/English/202108271433207109.pdf,2,142235,GR_DATASET\pdfs\Housing Department\202108271433207109.pdf,Downloaded,2026-07-27 21:37:43
Housing Department,Release the central funds under PMAY (U).,202108181138201809,18-08-2021,1724,https://gr.maharashtra.gov.in/Site/Upload/Government%20Resolutions/English/202108181138201809.pdf,2,1765524,GR_DATASET\pdfs\Housing Department\202108181138201809.pdf,Downloaded,2026-07-27 21:37:45
Housing Department,Allotment of rehab tenement to the Police Employees Residing in Police Quarter of B.D.D. Chawls.,202108181905194509,18-08-2021,1791,https://gr.maharashtra.gov.in/Site/Upload/Government%20Resolutions/English/202108181905194509.pdf,4,1833891,GR_DATASET\pdfs\Housing Department\202108181905194509.pdf,Downloaded,2026-07-27 21:37:47
Housing Department,Guidelines for determined the eligibility of beneficiaries for the redevelopment of B.D.D. Chawl.,202108101808201109,10-08-2021,1777,https://gr.maharashtra.gov.in/Site/Upload/Government%20Resolutions/English/202108101808201109.pdf,3,1819138,GR_DATASET\pdfs\Housing Department\202108101808201109.pdf,Downloaded,2026-07-27 21:37:48
Housing Department,Regarding obtaining prior approval of the Government before issuing all tenders for redevelopment under Development Control Rules under Maharashtra Housing and Area Development Authority (MHADA).,202107191238177209,19-07-2021,401,https://gr.maharashtra.gov.in/Site/Upload/Government%20Resolutions/English/202107191238177209.pdf,3,410271,GR_DATASET\pdfs\Housing Department\202107191238177209.pdf,Downloaded,2026-07-27 21:37:49
Housing Department,To release State Share to CSMC approved BLC Projects under PMAY scheme from Maharashtra Niwara Nidhi.,202107151223533109,15-07-2021,260,https://gr.maharashtra.gov.in/Site/Upload/Government%20Resolutions/English/202107151223533109.pdf,3,266642,GR_DATASET\pdfs\Housing Department\202107151223533109.pdf,Downloaded,2026-07-27 21:37:50
Housing Department,Changing in the name of Designation of New Competent Authority who decides the eligibility of slum dwellers in Mumbai City and Sub Urban and formation of one Umbrella System of Competent Authority and Appellate Authority.,202107141652390509,14-07-2021,1974,https://gr.maharashtra.gov.in/Site/Upload/Government%20Resolutions/English/202107141652390509.pdf,5,2021204,GR_DATASET\pdfs\Housing Department\202107141652390509.pdf,Downloaded,2026-07-27 21:37:51
Housing Department,Guidelines for charging premium from private developers when redeveloping slums on public land.,202107121625423109,12-07-2021,3258,https://gr.maharashtra.gov.in/Site/Upload/Government%20Resolutions/English/202107121625423109.pdf,2,3335752,GR_DATASET\pdfs\Housing Department\202107121625423109.pdf,Downloaded,2026-07-27 21:37:53
Housing Department,Regarding service quarters allotted to Police Employee in B.D.D Chawl.,202107091744498509,09-07-2021,184,https://gr.maharashtra.gov.in/Site/Upload/Government%20Resolutions/English/202107091744498509.pdf,2,188517,GR_DATASET\pdfs\Housing Department\202107091744498509.pdf,Downloaded,2026-07-27 21:37:53
Housing Department,Pre approval of Government for offer letters issued by MHADA to redevelopment of MHADA Projects.,202107091750493109,09-07-2021,135,https://gr.maharashtra.gov.in/Site/Upload/Government%20Resolutions/English/202107091750493109.pdf,2,138456,GR_DATASET\pdfs\Housing Department\202107091750493109.pdf,Downloaded,2026-07-27 21:37:54
Housing Department,Redevelopment of Goregaon Sidharth Nagar Co-operative Housing Society (Patra Chawl) of MHADA.,202107091757080009,09-07-2021,158,https://gr.maharashtra.gov.in/Site/Upload/Government%20Resolutions/English/202107091757080009.pdf,5,161797,GR_DATASET\pdfs\Housing Department\202107091757080009.pdf,Downloaded,2026-07-27 21:37:55
Housing Department,Guidelines for determining the eligibility of beneficiaries for B.D.D. Chawls redevelopment project.,202107011244017209,01-07-2021,380,https://gr.maharashtra.gov.in/Site/Upload/Government%20Resolutions/English/202107011244017209.pdf,2,389311,GR_DATASET\pdfs\Housing Department\202107011244017209.pdf,Downloaded,2026-07-27 21:37:55
Housing Department,Extension of term to the committee appointed to suggest measures for pending redevelopment of MHADAs Goregaon Siddharth Nagar (Patrachal) Co-operative Housing Society.,202107011247256909,01-07-2021,133,https://gr.maharashtra.gov.in/Site/Upload/Government%20Resolutions/English/202107011247256909.pdf,2,136553,GR_DATASET\pdfs\Housing Department\202107011247256909.pdf,Downloaded,2026-07-27 21:37:56
Housing Department,"Regarding government approval for administrative, financial and tenders for works worth more than Rs. 1 crore.",202106291507109909,29-06-2021,1879,https://gr.maharashtra.gov.in/Site/Upload/Government%20Resolutions/English/202106291507109909.pdf,1,1924188,GR_DATASET\pdfs\Housing Department\202106291507109909.pdf,Downloaded,2026-07-27 21:37:57
Housing Department,Release the Central Fund under PMAY(U).,202106211143152109,21-06-2021,139,https://gr.maharashtra.gov.in/Site/Upload/Government%20Resolutions/English/202106211143152109.pdf,2,142500,GR_DATASET\pdfs\Housing Department\202106211143152109.pdf,Downloaded,2026-07-27 21:37:58
Housing Department,Regarding setting up of Civil Service Board to make recommendations to the competent authority regarding the transfers of all the officers belonging to Maharashtra Housing and Area Development Authority and all the divisional boards under Group A and Group B (Class-I and Class-I).,202105271220500809,27-05-2021,143,https://gr.maharashtra.gov.in/Site/Upload/Government%20Resolutions/English/202105271220500809.pdf,3,146101,GR_DATASET\pdfs\Housing Department\202105271220500809.pdf,Downloaded,2026-07-27 21:37:58
Housing Department,To change in the Government Resolution dated 18.02.2020 regarding filling the post in encrochment and Removal office by deputation.,202105271225376309,27-05-2021,142,https://gr.maharashtra.gov.in/Site/Upload/Government%20Resolutions/English/202105271225376309.pdf,3,145621,GR_DATASET\pdfs\Housing Department\202105271225376309.pdf,Downloaded,2026-07-27 21:37:59
Housing Department,Prior approval of Government for N.O.C. to be issued by MHADA for converting project of 2.5 F.S.I. to 3 F.S.I. under D.C Regulation 33(7).,202105041205597509,04-05-2021,2017,https://gr.maharashtra.gov.in/Site/Upload/Government%20Resolutions/English/202105041205597509.pdf,2,2065871,GR_DATASET\pdfs\Housing Department\202105041205597509.pdf,Downloaded,2026-07-27 21:38:00
Housing Department,Financial Year 2020-2021 Payment of Cess Collection to MHADA for credit to Bombay Building Repairs and Reconstruction Board.,202103301830245809,30-03-2021,2089,https://gr.maharashtra.gov.in/Site/Upload/Government%20Resolutions/English/202103301830245809.pdf,3,2139513,GR_DATASET\pdfs\Housing Department\202103301830245809.pdf,Downloaded,2026-07-27 21:38:01
Housing Department,Financial Year 2020-21 Payment to MHADA as Government Contribution to Bombay Building Repair and Reconstruction fund.,202103301839446409,30-03-2021,2091,https://gr.maharashtra.gov.in/Site/Upload/Government%20Resolutions/English/202103301839446409.pdf,3,2141447,GR_DATASET\pdfs\Housing Department\202103301839446409.pdf,Downloaded,2026-07-27 21:38:03
Housing Department,Release the fund under Pradhan Mantri Awas Yojana (Urban).,202103301402402909,30-03-2021,2159,https://gr.maharashtra.gov.in/Site/Upload/Government%20Resolutions/English/202103301402402909.pdf,2,2211049,GR_DATASET\pdfs\Housing Department\202103301402402909.pdf,Downloaded,2026-07-27 21:38:05
Housing Department,Release the Central Share under Pradhan Mantri Avas Yojana (Urbun).,202103221640063909,22-03-2021,420,https://gr.maharashtra.gov.in/Site/Upload/Government%20Resolutions/English/202103221640063909.pdf,2,430579,GR_DATASET\pdfs\Housing Department\202103221640063909.pdf,Downloaded,2026-07-27 21:38:06
Housing Department,Regarding obtaining prior approval of the Government before issuing all tenders for redevelopment under Development Control Rules under Maharashtra Housing and Area Development Authority (MHADA).,202103191718124709,19-03-2021,2143,https://gr.maharashtra.gov.in/Site/Upload/Government%20Resolutions/English/202103191718124709.pdf,2,2194815,GR_DATASET\pdfs\Housing Department\202103191718124709.pdf,Downloaded,2026-07-27 21:38:07
Housing Department,Regarding concluding tripartite agreement between MHADA concerned housing societies and developers for redevelopment of buildings under Maharashtra Housing and Regional Development Authority (MHADA).,202103161439076209,16-03-2021,165,https://gr.maharashtra.gov.in/Site/Upload/Government%20Resolutions/English/202103161439076209.pdf,2,168490,GR_DATASET\pdfs\Housing Department\202103161439076209.pdf,Downloaded,2026-07-27 21:38:08
Housing Department,"Regarding government approval for administrative, financial and tenders for works worth more than Rs. 1 crore",202103161443249909,16-03-2021,155,https://gr.maharashtra.gov.in/Site/Upload/Government%20Resolutions/English/202103161443249909.pdf,2,158537,GR_DATASET\pdfs\Housing Department\202103161443249909.pdf,Downloaded,2026-07-27 21:38:08
Housing Department,"Details of the provisions approved by supplement in the December, 2020 session of the Legislature.",202103151725371209,15-03-2021,139,https://gr.maharashtra.gov.in/Site/Upload/Government%20Resolutions/English/202103151725371209.pdf,3,141835,GR_DATASET\pdfs\Housing Department\202103151725371209.pdf,Downloaded,2026-07-27 21:38:09
Housing Department,Guidelines for fixation of eligibility of beneficiaries in B.D.D. chawls,202103091431197909,09-03-2021,141,https://gr.maharashtra.gov.in/Site/Upload/Government%20Resolutions/English/202103091431197909.pdf,2,144204,GR_DATASET\pdfs\Housing Department\202103091431197909.pdf,Downloaded,2026-07-27 21:38:09
Housing Department,Regarding the approval of the Government of Maharashtra Housing and Development Authority.,202103101504410709,09-03-2021,136,https://gr.maharashtra.gov.in/Site/Upload/Government%20Resolutions/English/202103101504410709.pdf,2,139376,GR_DATASET\pdfs\Housing Department\202103101504410709.pdf,Downloaded,2026-07-27 21:38:10
Housing Department,Guidelines for Speedy Redevelopment of Old and Dilapidated cessed building in island city of Mumbai.,202103051713472809,05-03-2021,188,https://gr.maharashtra.gov.in/Site/Upload/Government%20Resolutions/English/202103051713472809.pdf,6,192751,GR_DATASET\pdfs\Housing Department\202103051713472809.pdf,Downloaded,2026-07-27 21:38:11
Housing Department,Release the Central Grant under Pradhan Mantri Awas Yojana (U).,202103041152116009,04-03-2021,2213,https://gr.maharashtra.gov.in/Site/Upload/Government%20Resolutions/English/202103041152116009.pdf,2,2265749,GR_DATASET\pdfs\Housing Department\202103041152116009.pdf,Downloaded,2026-07-27 21:38:12
Housing Department,Eligible beneficiaries of projects sanctioned by the Central Sanction and Monitoring Committee under Pradhan Mantri Awas Yojana (Urban) will be release Rs. 1 Lakh from Maharashtra Shelter Fund.,202103041621247909,04-03-2021,2119,https://gr.maharashtra.gov.in/Site/Upload/Government%20Resolutions/English/202103041621247909.pdf,2,2169651,GR_DATASET\pdfs\Housing Department\202103041621247909.pdf,Downloaded,2026-07-27 21:38:14
Housing Department,"As per the provisions of the Rights of Persons with Disabilities Act, 2016, on the lines of the Ministry of Social Justice and Empowerment of the Government, New Delhi, to ensure posts for persons with disabilities in the office establishments of the Maharashtra Housing and Regional Development Authority and the Appellate Authority, Mumbai.",202102221235102909,22-02-2021,685,https://gr.maharashtra.gov.in/Site/Upload/Government%20Resolutions/English/202102221235102909.pdf,74,701153,GR_DATASET\pdfs\Housing Department\202102221235102909.pdf,Downloaded,2026-07-27 21:38:15
Housing Department,"As per the provisions of the Rights of Persons with Disabilities Act, 2016, on the lines of the Ministry of Social Justice and Empowerment of the Government, New Delhi, to ensure posts for persons with disabilities in the office establishments of the competent authority all rent control court.",202102221535530209,22-02-2021,2341,https://gr.maharashtra.gov.in/Site/Upload/Government%20Resolutions/English/202102221535530209.pdf,6,2396947,GR_DATASET\pdfs\Housing Department\202102221535530209.pdf,Downloaded,2026-07-27 21:38:16
Housing Department,"Identification of posts for persons with disability, in the office of Competent Authority (Government Premises Eviction), Greater Mumbai, as per the provisions of the RPWD Act, 2016 of Social Justice and Empowerment Ministry, New Delhi.",202102221602513809,22-02-2021,223,https://gr.maharashtra.gov.in/Site/Upload/Government%20Resolutions/English/202102221602513809.pdf,6,228304,GR_DATASET\pdfs\Housing Department\202102221602513809.pdf,Downloaded,2026-07-27 21:38:17
Housing Department,"As per the Rights of Persons with Disabilities Act, 2016, to ensure posts for persons with disabilities for the posts of Group-D cadre in the Ministry of Housing (Proper) Ministry, Mumbai ...",202102181243382109,17-02-2021,2324,https://gr.maharashtra.gov.in/Site/Upload/Government%20Resolutions/English/202102181243382109.pdf,3,2379382,GR_DATASET\pdfs\Housing Department\202102181243382109.pdf,Downloaded,2026-07-27 21:38:18
Housing Department,Distribution of Interest amount on contributory General Provident fund amount of the Maharashtra Housing Board Staff for the financial year 2020-21.,202102151506023009,12-02-2021,2149,https://gr.maharashtra.gov.in/Site/Upload/Government%20Resolutions/English/202102151506023009.pdf,2,2200699,GR_DATASET\pdfs\Housing Department\202102151506023009.pdf,Downloaded,2026-07-27 21:38:19
Housing Department,Distribution of Interest amount on contributory General Provident fund amount of the Vidharbha Housing Board Staff for the financial year 2020-21.,202102151513376209,12-02-2021,2218,https://gr.maharashtra.gov.in/Site/Upload/Government%20Resolutions/English/202102151513376209.pdf,2,2271586,GR_DATASET\pdfs\Housing Department\202102151513376209.pdf,Downloaded,2026-07-27 21:38:20
Housing Department,"Appointment to the post of Chairperson, Maharashtra Real Estate Regulatory Authority.",202102111201221909,11-02-2021,642,https://gr.maharashtra.gov.in/Site/Upload/Government%20Resolutions/English/202102111201221909.pdf,4,656955,GR_DATASET\pdfs\Housing Department\202102111201221909.pdf,Downloaded,2026-07-27 21:38:22
Housing Department,Regarding the extension of the committee appointed for immediate measures for B.D.D. Chawal redevelopment project.,202101191135552909,18-01-2021,132,https://gr.maharashtra.gov.in/Site/Upload/Government%20Resolutions/English/202101191135552909.pdf,2,135561,GR_DATASET\pdfs\Housing Department\202101191135552909.pdf,Downloaded,2026-07-27 21:38:23
Housing Department,"As per the approval given by the State Level Vehicle review committee, a total of 4 Vehicles are allowed for the Housing Department (Proper) ...",202101011320303009,01-01-2021,2075,https://gr.maharashtra.gov.in/Site/Upload/Government%20Resolutions/English/202101011320303009.pdf,2,2124903,GR_DATASET\pdfs\Housing Department\202101011320303009.pdf,Downloaded,2026-07-27 21:38:24
Housing Department,"Regarding the appointment of supplier for the Housing Department (Proper) for the period 01-01-2021 to 31-12-2021 for recycling and supplying toner of Printers RK Enterprises, Fort, Mumbai",202101011333080909,01-01-2021,2191,https://gr.maharashtra.gov.in/Site/Upload/Government%20Resolutions/English/202101011333080909.pdf,2,2243448,GR_DATASET\pdfs\Housing Department\202101011333080909.pdf,Downloaded,2026-07-27 21:38:25
Housing Department,Regarding immediate action on pending redevelopment project of B.D.D. Chawls,202012291327234809,29-12-2020,207,https://gr.maharashtra.gov.in/Site/Upload/Government%20Resolutions/English/202012291327234809.pdf,2,211638,GR_DATASET\pdfs\Housing Department\202012291327234809.pdf,Downloaded,2026-07-27 21:38:26
Housing Department,Regarding the extension of the committee appointed to suggest measures for the pending redevelopment project of Goregaon Siddharth Nagar (PatraChwal) Cooperative Housing Society of Mhada.,202012241445452109,23-12-2020,377,https://gr.maharashtra.gov.in/Site/Upload/Government%20Resolutions/English/202012241445452109.pdf,2,385888,GR_DATASET\pdfs\Housing Department\202012241445452109.pdf,Downloaded,2026-07-27 21:38:27
Housing Department,Cancelling the tender process for the ongoing Dharavi Redevelopment Project and inviting New Tenders.,202011051716055509,05-11-2020,2020,https://gr.maharashtra.gov.in/Site/Upload/Government%20Resolutions/English/202011051716055509.pdf,3,2068540,GR_DATASET\pdfs\Housing Department\202011051716055509.pdf,Downloaded,2026-07-27 21:38:28
Housing Department,Guidelines for Speedy Redevelopment of Old and Dilapidated Cessed Building in Mumbai City.,202011051824215309,05-11-2020,2054,https://gr.maharashtra.gov.in/Site/Upload/Government%20Resolutions/English/202011051824215309.pdf,6,2103550,GR_DATASET\pdfs\Housing Department\202011051824215309.pdf,Downloaded,2026-07-27 21:38:29
Housing Department,Regarding the Purchas of Computers and Printers for the Housing Department.,202011051519546509,04-11-2020,2010,https://gr.maharashtra.gov.in/Site/Upload/Government%20Resolutions/English/202011051519546509.pdf,1,2058414,GR_DATASET\pdfs\Housing Department\202011051519546509.pdf,Downloaded,2026-07-27 21:38:30
Housing Department,Regarding purchase of new computer and printer for Housing Department,202010201657348609,20-10-2020,2582,https://gr.maharashtra.gov.in/Site/Upload/Government%20Resolutions/English/202010201657348609.pdf,3,2644416,GR_DATASET\pdfs\Housing Department\202010201657348609.pdf,Downloaded,2026-07-27 21:38:33
Housing Department,Regarding the extension of the committee appointed to suggest measures for the pending redevelopment project of Goregaon Siddharth Nagar (PatraChwal) Cooperative Housing Society of Mhada.,202010201319457909,16-10-2020,2455,https://gr.maharashtra.gov.in/Site/Upload/Government%20Resolutions/English/202010201319457909.pdf,2,2513479,GR_DATASET\pdfs\Housing Department\202010201319457909.pdf,Downloaded,2026-07-27 21:38:35
Housing Department,Regarding formation of committee to suggest measures for making Maharashtra slum free.,202010071328123709...,07-10-2020,390,https://gr.maharashtra.gov.in/Site/Upload/Government%20Resolutions/English/202010071328123709....pdf,2,400048,GR_DATASET\pdfs\Housing Department\202010071328123709....pdf,Downloaded,2026-07-27 21:38:36
Housing Department,Guidelines for charging premium to private developers redeveloping slums on public land.,202009241128535509,22-09-2020,406,https://gr.maharashtra.gov.in/Site/Upload/Government%20Resolutions/English/202009241128535509.pdf,3,416048,GR_DATASET\pdfs\Housing Department\202009241128535509.pdf,Downloaded,2026-07-27 21:38:37
Housing Department,"Slum rehabilitation authority Mumbai/Pune and Pimpri Chinchwad and Nagpur as well as Mumbai Metro Politan Region, Slum Rehabilitation for other areas of the state recommendation to the Government regarding establish of authority to establish a study group.",202009181635545609,18-09-2020,414,https://gr.maharashtra.gov.in/Site/Upload/Government%20Resolutions/English/202009181635545609.pdf,3,424379,GR_DATASET\pdfs\Housing Department\202009181635545609.pdf,Downloaded,2026-07-27 21:38:38
Housing Department,Regarding distribution of Central Share under PMAY (U).,202009081644177809,08-09-2020,3136,https://gr.maharashtra.gov.in/Site/Upload/Government%20Resolutions/English/202009081644177809.pdf,2,3211507,GR_DATASET\pdfs\Housing Department\202009081644177809.pdf,Downloaded,2026-07-27 21:38:39
Housing Department,"Regarding cancellation of Appointment of Shri. Rajendra Sukhdev Mirgane, Co-Chairman, Maharashtra Housing Development Corporation (MahaHousing).",202009031323226709,03-09-2020,3163,https://gr.maharashtra.gov.in/Site/Upload/Government%20Resolutions/English/202009031323226709.pdf,3,3238453,GR_DATASET\pdfs\Housing Department\202009031323226709.pdf,Downloaded,2026-07-27 21:38:40
Housing Department,Regarding the extension of the committee appointed to suggest measures for the pending redevelopment project of Goregaon Siddharth Nagar (PatraChwal) Cooperative Housing Society of Mhada.,202009031510087409,02-09-2020,3160,https://gr.maharashtra.gov.in/Site/Upload/Government%20Resolutions/English/202009031510087409.pdf,2,3235563,GR_DATASET\pdfs\Housing Department\202009031510087409.pdf,Downloaded,2026-07-27 21:38:44
Housing Department,Extension of committee regarding the measures to be taken immediately for the pending redevelopment project of Goregaon Siddharth Nagar (PatraChwal) Co-operative Housing Society of Mhada ...,202007291207225609,24-07-2020,3142,https://gr.maharashtra.gov.in/Site/Upload/Government%20Resolutions/English/202007291207225609.pdf,2,3217009,GR_DATASET\pdfs\Housing Department\202007291207225609.pdf,Downloaded,2026-07-27 21:38:45
Housing Department,Financial Year 2018 -19 Payment of Cess Collection to MHADA for credit to Bombay Building Repairs and Reconstruction Board.,202003191736246509,19-03-2020,3164,https://gr.maharashtra.gov.in/Site/Upload/Government%20Resolutions/English/202003191736246509.pdf,3,3239620,GR_DATASET\pdfs\Housing Department\202003191736246509.pdf,Downloaded,2026-07-27 21:38:46
Housing Department,Financial Year 2018 -19 Payment to MHADA as Government Contribution to Bombay Building Repair and Reconstruction fund.,202003191740445209,19-03-2020,3164,https://gr.maharashtra.gov.in/Site/Upload/Government%20Resolutions/English/202003191740445209.pdf,3,3239670,GR_DATASET\pdfs\Housing Department\202003191740445209.pdf,Downloaded,2026-07-27 21:38:50
Housing Department,Formation of Separate cell for conversion of 269 sq.feet rehab DUs in to 300 sq.feet of rehab DUs in stipulated time period.,202003191923442609,19-03-2020,368,https://gr.maharashtra.gov.in/Site/Upload/Government%20Resolutions/English/202003191923442609.pdf,2,377033,GR_DATASET\pdfs\Housing Department\202003191923442609.pdf,Downloaded,2026-07-27 21:38:51
Housing Department,Regarding implementation of Joint Venture Policy in the State under the Pradhan Mantri Awas Yojana (PMAY).,202003091111024809,09-03-2020,3159,https://gr.maharashtra.gov.in/Site/Upload/Government%20Resolutions/English/202003091111024809.pdf,2,3234886,GR_DATASET\pdfs\Housing Department\202003091111024809.pdf,Downloaded,2026-07-27 21:38:53
Housing Department,To Sanction Grant in aid to MHADA for providing basic amenities in slum for the financial year 2019-20.,202003041655120709,04-03-2020,3185,https://gr.maharashtra.gov.in/Site/Upload/Government%20Resolutions/English/202003041655120709.pdf,6,3261580,GR_DATASET\pdfs\Housing Department\202003041655120709.pdf,Downloaded,2026-07-27 21:38:54
Housing Department,Group A and Group B for transfer of the all officers from Mhada Authority and various boards under Mhada.,202002281113102309,27-02-2020,3141,https://gr.maharashtra.gov.in/Site/Upload/Government%20Resolutions/English/202002281113102309.pdf,2,3216363,GR_DATASET\pdfs\Housing Department\202002281113102309.pdf,Downloaded,2026-07-27 21:38:56
Housing Department,"Procedure for filling posts in Mhada Authority and various boards under Mhada, by deputation.",202002201129201409,20-02-2020,3178,https://gr.maharashtra.gov.in/Site/Upload/Government%20Resolutions/English/202002201129201409.pdf,5,3254430,GR_DATASET\pdfs\Housing Department\202002201129201409.pdf,Downloaded,2026-07-27 21:38:57
Housing Department,Regarding Deputation posts in Encroachment/Removal office which is under the control of Housing Department.,202002181251064009,18-02-2020,3155,https://gr.maharashtra.gov.in/Site/Upload/Government%20Resolutions/English/202002181251064009.pdf,6,3231025,GR_DATASET\pdfs\Housing Department\202002181251064009.pdf,Downloaded,2026-07-27 21:38:58
Housing Department,To establish a committee to inquire into irregularities in slum rehabilitation scheme of Kurla Mahanand Nagar.,202002181700175309....,18-02-2020,330,https://gr.maharashtra.gov.in/Site/Upload/Government%20Resolutions/English/202002181700175309.....pdf,2,338468,GR_DATASET\pdfs\Housing Department\202002181700175309.....pdf,Downloaded,2026-07-27 21:38:59
Housing Department,Regarding the deputation of a committee for the appointment of officers of Group A and Group B (Gazetted).,202002121140262009,12-02-2020,3155,https://gr.maharashtra.gov.in/Site/Upload/Government%20Resolutions/English/202002121140262009.pdf,2,3230849,GR_DATASET\pdfs\Housing Department\202002121140262009.pdf,Downloaded,2026-07-27 21:39:00
Housing Department,"Regarding cancellation of Appointment of Shri. Sanjay Upadhyay, Vice President, Maharashtra Housing Development Corporation(MahaHousing).",202002121257449509,12-02-2020,3160,https://gr.maharashtra.gov.in/Site/Upload/Government%20Resolutions/English/202002121257449509.pdf,2,3235577,GR_DATASET\pdfs\Housing Department\202002121257449509.pdf,Downloaded,2026-07-27 21:39:04
Housing Department,Regarding the extension of the committee appointed to suggest measures for the pending Redevelopment Project of Goregaon Siddharth Nagar (PatraChwal) Co-Operative Housing Society of MHADA.,202002131253420609,12-02-2020,3135,https://gr.maharashtra.gov.in/Site/Upload/Government%20Resolutions/English/202002131253420609.pdf,2,3210136,GR_DATASET\pdfs\Housing Department\202002131253420609.pdf,Downloaded,2026-07-27 21:39:07
Housing Department,Reconstruction of the high level Committee to monitor and review the redevelopment project of B. D. D. Chawls.,202002041153369609,03-02-2020,3135,https://gr.maharashtra.gov.in/Site/Upload/Government%20Resolutions/English/202002041153369609.pdf,2,3210479,GR_DATASET\pdfs\Housing Department\202002041153369609.pdf,Downloaded,2026-07-27 21:39:09
Housing Department,"Granting Administrative Approval to the proposals of purchasing official commodities for the offices of Competent Authority, Rent Control Act Court, Nagpur/Mumbai/Pune and Nashik.",202001271727125909,27-01-2020,3217,https://gr.maharashtra.gov.in/Site/Upload/Government%20Resolutions/English/202001271727125909.pdf,4,3294120,GR_DATASET\pdfs\Housing Department\202001271727125909.pdf,Downloaded,2026-07-27 21:39:11
Housing Department,"Regarding immediate action on pending redevelopment of Siddharth Nagar Co-operative Housing Society of MHADA, Goregaon.",202001161648548209,16-01-2020,3160,https://gr.maharashtra.gov.in/Site/Upload/Government%20Resolutions/English/202001161648548209.pdf,2,3235954,GR_DATASET\pdfs\Housing Department\202001161648548209.pdf,Downloaded,2026-07-27 21:39:12
Housing Department,Formation of Project Implementation Committee for e-governance in Housing Department.,202001091536369009,08-01-2020,3138,https://gr.maharashtra.gov.in/Site/Upload/Government%20Resolutions/English/202001091536369009.pdf,2,3213275,GR_DATASET\pdfs\Housing Department\202001091536369009.pdf,Downloaded,2026-07-27 21:39:15
