Department,Title,Unique_Code,GR_Date,Website_Size,PDF_URL,Pages,Downloaded_Size(Bytes),Local_File,Download_Status,Downloaded_On
Marathi Language Department,"Regarding the celebration of Marathi Language Preservation Fortnight from 14th January to 28th January, 2025",202412311310110733,31-12-2024,199,https://gr.maharashtra.gov.in/Site/Upload/Government%20Resolutions/English/202412311310110733.pdf,5,203556,GR_DATASET\pdfs\Marathi Language Department\202412311310110733.pdf,Downloaded,2026-07-27 21:47:50
Marathi Language Department,"Regarding granting administrative approval and disbursing funds for the expenditure for the purchase of computers, printers and scanners to the office of Maharashtra State Literature and Culture Board, Mumbai.",202411271529255033,27-11-2024,222,https://gr.maharashtra.gov.in/Site/Upload/Government%20Resolutions/English/202411271529255033.pdf,2,226854,GR_DATASET\pdfs\Marathi Language Department\202411271529255033.pdf,Downloaded,2026-07-27 21:47:51
Marathi Language Department,Regarding the administrative approval of the expenses for making available the two glossaries Designation Glossary and Financial Terminology of the Directorate of Languages and the information of various examinations conducted by the Directorate of Languages on the mobile application Government Dictionary Part-1.,202411261115163033,26-11-2024,352,https://gr.maharashtra.gov.in/Site/Upload/Government%20Resolutions/English/202411261115163033.pdf,2,360113,GR_DATASET\pdfs\Marathi Language Department\202411261115163033.pdf,Downloaded,2026-07-27 21:47:52
Marathi Language Department,Regarding the reorganization of the Maharashtra Rajya Marathi Vishvakosh Nirmiti Mandal.,202411261406311033,26-11-2024,314,https://gr.maharashtra.gov.in/Site/Upload/Government%20Resolutions/English/202411261406311033.pdf,3,321408,GR_DATASET\pdfs\Marathi Language Department\202411261406311033.pdf,Downloaded,2026-07-27 21:47:53
Marathi Language Department,Regarding the reorganization of the Maharashtra Rajya Sahitya and Sanskriti Mandal,202410151438500233,15-10-2024,386,https://gr.maharashtra.gov.in/Site/Upload/Government%20Resolutions/English/202410151438500233.pdf,3,395316,GR_DATASET\pdfs\Marathi Language Department\202410151438500233.pdf,Downloaded,2026-07-27 21:47:54
Marathi Language Department,"Regarding disbursement of funds for CRZ no-obligation certificate and other matters of plot for the project of Marathi Bhasha Bhawan, Maharashtra, Mumbai.",202410111726066433,11-10-2024,179,https://gr.maharashtra.gov.in/Site/Upload/Government%20Resolutions/English/202410111726066433.pdf,3,182937,GR_DATASET\pdfs\Marathi Language Department\202410111726066433.pdf,Downloaded,2026-07-27 21:47:55
Marathi Language Department,"Officers in the cadre of Deputy Director of Language (Law), Group-A (Gazetted) on the establishment of the Directorate of Languages. Provisional Seniority List as on 01.01.2024.",202410071130311433,07-10-2024,154,https://gr.maharashtra.gov.in/Site/Upload/Government%20Resolutions/English/202410071130311433.pdf,3,157688,GR_DATASET\pdfs\Marathi Language Department\202410071130311433.pdf,Downloaded,2026-07-27 21:47:55
Marathi Language Department,Regarding changing the name of Anya Sahitya sammelan to Jilha Sahitya Sammelan and increasing the amount of Grant in- aid of it,202410031215059133,03-10-2024,178,https://gr.maharashtra.gov.in/Site/Upload/Government%20Resolutions/English/202410031215059133.pdf,4,182508,GR_DATASET\pdfs\Marathi Language Department\202410031215059133.pdf,Downloaded,2026-07-27 21:47:56
Marathi Language Department,Temporary posts in Directorate of Languages dt. 01.09.2024 to dt. Regarding extension of time till 28.02.2025.,202409301242249133,30-09-2024,153,https://gr.maharashtra.gov.in/Site/Upload/Government%20Resolutions/English/202409301242249133.pdf,2,156186,GR_DATASET\pdfs\Marathi Language Department\202409301242249133.pdf,Downloaded,2026-07-27 21:47:57
Marathi Language Department,Temporary posts in Maharashtra State Marathi Encyclopaedia Production Board dt. 01.09.2024 to dt. 28.02.2025 regarding extension of time for this period.,202409301245243333,30-09-2024,152,https://gr.maharashtra.gov.in/Site/Upload/Government%20Resolutions/English/202409301245243333.pdf,3,155334,GR_DATASET\pdfs\Marathi Language Department\202409301245243333.pdf,Downloaded,2026-07-27 21:47:57
Marathi Language Department,Temporary posts in the office of Maharashtra State Board of Literature and Culture dt. 01.09.2024 to dt. Regarding extension of time till 28.02.2025.,202409301247065433,30-09-2024,145,https://gr.maharashtra.gov.in/Site/Upload/Government%20Resolutions/English/202409301247065433.pdf,2,148115,GR_DATASET\pdfs\Marathi Language Department\202409301247065433.pdf,Downloaded,2026-07-27 21:47:58
Marathi Language Department,Regarding declaration of Virtual Personal Deposit Account Administrator for drawing and disbursing officers and non-governmental implementing authorities for speedy disbursement and control of Subsidiary Grant...,202409301540023833,30-09-2024,302,https://gr.maharashtra.gov.in/Site/Upload/Government%20Resolutions/English/202409301540023833.pdf,3,309142,GR_DATASET\pdfs\Marathi Language Department\202409301540023833.pdf,Downloaded,2026-07-27 21:47:59
Marathi Language Department,regarding increasing the amount of Vinda Karandikar Jeevan Gaurav Puraskar and Shri.P.Bhagwat Puraskar,202409271817411933,27-09-2024,331,https://gr.maharashtra.gov.in/Site/Upload/Government%20Resolutions/English/202409271817411933.pdf,5,338576,GR_DATASET\pdfs\Marathi Language Department\202409271817411933.pdf,Downloaded,2026-07-27 21:48:00
Marathi Language Department,"Deputy Director of State Marathi Development Institute appointed by deputation for 2 years- Mrs. An.Ja. Dhamal, Deputy Commissioner of State Tax, Goods and Services Tax Department, Pune.",202409191753295533,19-09-2024,233,https://gr.maharashtra.gov.in/Site/Upload/Government%20Resolutions/English/202409191753295533.pdf,6,238532,GR_DATASET\pdfs\Marathi Language Department\202409191753295533.pdf,Downloaded,2026-07-27 21:48:01
Marathi Language Department,"Regarding implementation of Kavite Gaon as an initiative at Ubhadanda, Vengurle in Konkan Division through State Marathi Development Institute",202409131937424533,13-09-2024,327,https://gr.maharashtra.gov.in/Site/Upload/Government%20Resolutions/English/202409131937424533.pdf,4,335227,GR_DATASET\pdfs\Marathi Language Department\202409131937424533.pdf,Downloaded,2026-07-27 21:48:01
Marathi Language Department,"To Celebrate 15th October, Birthday of former President late Dr. A.P.J. Abdul Kalam, as Reading Inspiration Day.",202409131939571233,13-09-2024,455,https://gr.maharashtra.gov.in/Site/Upload/Government%20Resolutions/English/202409131939571233.pdf,6,465918,GR_DATASET\pdfs\Marathi Language Department\202409131939571233.pdf,Downloaded,2026-07-27 21:48:02
Marathi Language Department,"Regarding increase in emoluments of Chairman, Maharashtra Rajya Sahitya Aani Sanskruti Mandal, Chairman Bhasha Sallagar Samiti Bhasha Sanchanalaya, Mumbai.",202409111535329233,11-09-2024,449,https://gr.maharashtra.gov.in/Site/Upload/Government%20Resolutions/English/202409111535329233.pdf,2,460257,GR_DATASET\pdfs\Marathi Language Department\202409111535329233.pdf,Downloaded,2026-07-27 21:48:03
Marathi Language Department,Regarding setting up a committee to follow up with the central government to get the status of classical language to Marathi.,202409101124279533,10-09-2024,140,https://gr.maharashtra.gov.in/Site/Upload/Government%20Resolutions/English/202409101124279533.pdf,2,143646,GR_DATASET\pdfs\Marathi Language Department\202409101124279533.pdf,Downloaded,2026-07-27 21:48:04
Marathi Language Department,"Final seniority list of officers in the cadre of Deputy Director of Language (Legal), Group-A on the establishment of Directorate of Languages for the period from 01.01.2022 to 01.01.2023.",202409051202396233.....,05-09-2024,555,https://gr.maharashtra.gov.in/Site/Upload/Government%20Resolutions/English/202409051202396233......pdf,3,568648,GR_DATASET\pdfs\Marathi Language Department\202409051202396233......pdf,Downloaded,2026-07-27 21:48:04
Marathi Language Department,"Final seniority list of officers in the cadre of Assistant Language Director, Group-B (Gazetted) on establishment of Directorate of Languages for the period dated 01.01.2020 to 01.01.2023.",202409051206559333....,05-09-2024,466,https://gr.maharashtra.gov.in/Site/Upload/Government%20Resolutions/English/202409051206559333.....pdf,5,477572,GR_DATASET\pdfs\Marathi Language Department\202409051206559333.....pdf,Downloaded,2026-07-27 21:48:05
Marathi Language Department,"Language Officer (Hindi), Group-B (Gazetted) Cadre officers on the establishment of Language Directorate dated 01. 01. Provisional Seniority List as on 2024.",202409051211300433.....,05-09-2024,408,https://gr.maharashtra.gov.in/Site/Upload/Government%20Resolutions/English/202409051211300433......pdf,3,418306,GR_DATASET\pdfs\Marathi Language Department\202409051211300433......pdf,Downloaded,2026-07-27 21:48:06
Marathi Language Department,"Officers in the cadre of Deputy Director of Language (Legal), Group-A (Gazetted) on the establishment of the Directorate of Languages. Provisional Seniority List as on 01.01.2024.",202409051231428433....,05-09-2024,383,https://gr.maharashtra.gov.in/Site/Upload/Government%20Resolutions/English/202409051231428433.....pdf,3,392298,GR_DATASET\pdfs\Marathi Language Department\202409051231428433.....pdf,Downloaded,2026-07-27 21:48:07
Marathi Language Department,"Provisional seniority list for the period dated 01.01.2022 to dated 01.01.2024 of the officers of Secretary, Group-A (Gazetted) cadre on the establishment of Maharashtra State Marathi Encyclopaedia Production Board.",202409051235119033....,05-09-2024,367,https://gr.maharashtra.gov.in/Site/Upload/Government%20Resolutions/English/202409051235119033.....pdf,4,376060,GR_DATASET\pdfs\Marathi Language Department\202409051235119033.....pdf,Downloaded,2026-07-27 21:48:08
Marathi Language Department,"Maharashtra State Board of Literature and Culture Establishment Secretary, Group-A (Gazetted) Cadre Officers dated 01. 01. 2023 to date 01. 01. Provisional Seniority List as on 2024.",202409051239239133...,05-09-2024,409,https://gr.maharashtra.gov.in/Site/Upload/Government%20Resolutions/English/202409051239239133....pdf,3,418832,GR_DATASET\pdfs\Marathi Language Department\202409051239239133....pdf,Downloaded,2026-07-27 21:48:09
Marathi Language Department,Officers in the single cadre of Assistant Language Director (Training and Establishment) Group-B (Gazetted) on the establishment of the Directorate of Languages. 01.01.2023 and dt. 01. 01. Provisional Seniority List for the year 2024.,202409051255462333.....,05-09-2024,386,https://gr.maharashtra.gov.in/Site/Upload/Government%20Resolutions/English/202409051255462333......pdf,4,395420,GR_DATASET\pdfs\Marathi Language Department\202409051255462333......pdf,Downloaded,2026-07-27 21:48:10
Marathi Language Department,"Officers in the cadre of Assistant Language Director, Group-B (Gazetted) on the establishment of the Directorate of Languages. Provisional Seniority List as on 01.01.2024.",202409051301049033...,05-09-2024,539,https://gr.maharashtra.gov.in/Site/Upload/Government%20Resolutions/English/202409051301049033....pdf,4,552158,GR_DATASET\pdfs\Marathi Language Department\202409051301049033....pdf,Downloaded,2026-07-27 21:48:10
Marathi Language Department,Provisional Seniority List dated 01.01.2024 of Officers in Group-B (Gazetted) Cadre of Assistant Secretary on Establishment of Maharashtra State Marathi Encyclopaedia Production Board.,202409051304149233.....,05-09-2024,293,https://gr.maharashtra.gov.in/Site/Upload/Government%20Resolutions/English/202409051304149233......pdf,3,300942,GR_DATASET\pdfs\Marathi Language Department\202409051304149233......pdf,Downloaded,2026-07-27 21:48:11
Marathi Language Department,Regarding the formation of a committee to settle the claim filed by me. Kalpana Struct Con Pvt. Ltd.,202408301119465433,30-08-2024,226,https://gr.maharashtra.gov.in/Site/Upload/Government%20Resolutions/English/202408301119465433.pdf,4,231611,GR_DATASET\pdfs\Marathi Language Department\202408301119465433.pdf,Downloaded,2026-07-27 21:48:12
Marathi Language Department,Final Common Seniority List as on 01.01.2024 of of Peon cadre employees (for the period 01.01.2023 to 31.12.2023) in Marathi Language Department.,202408281717168233,28-08-2024,190,https://gr.maharashtra.gov.in/Site/Upload/Government%20Resolutions/English/202408281717168233.pdf,2,195049,GR_DATASET\pdfs\Marathi Language Department\202408281717168233.pdf,Downloaded,2026-07-27 21:48:13
Marathi Language Department,"Regarding temporary promotion to the post of Language Officer (Hindi), Group-B (Gazetted) in the Directorate of Languages.",202408231451352133,23-08-2024,650,https://gr.maharashtra.gov.in/Site/Upload/Government%20Resolutions/English/202408231451352133.pdf,2,665231,GR_DATASET\pdfs\Marathi Language Department\202408231451352133.pdf,Downloaded,2026-07-27 21:48:14
Marathi Language Department,"Under the Village of Books expansion scheme, Amalner in Nashik Revenue Division, Distt. Regarding recognition of book villages in Jalgaon.",202408201234554833,20-08-2024,658,https://gr.maharashtra.gov.in/Site/Upload/Government%20Resolutions/English/202408201234554833.pdf,2,673415,GR_DATASET\pdfs\Marathi Language Department\202408201234554833.pdf,Downloaded,2026-07-27 21:48:15
Marathi Language Department,Regarding giving administrative approval to Directorate of Languages Office for purchase of new Photo Copy Machine for office use.,202408191152376033,19-08-2024,148,https://gr.maharashtra.gov.in/Site/Upload/Government%20Resolutions/English/202408191152376033.pdf,2,151233,GR_DATASET\pdfs\Marathi Language Department\202408191152376033.pdf,Downloaded,2026-07-27 21:48:15
Marathi Language Department,Provisional seniority list dated 01.01.2024 of officers in the cadre of Deputy Director of Languages (Translation and Terminology)- Group A on establishment of Directorate of Languages.,202408161456444333.,16-08-2024,251,https://gr.maharashtra.gov.in/Site/Upload/Government%20Resolutions/English/202408161456444333..pdf,3,257338,GR_DATASET\pdfs\Marathi Language Department\202408161456444333..pdf,Downloaded,2026-07-27 21:48:16
Marathi Language Department,Regarding Release of fund to Maharashtra marathi vishvkosh nirmiti mandal to Payment of pending Goods and service tax and office rent for the year of 2024-25 of the offices of Mumbai and wai.,202408061526044833,06-08-2024,152,https://gr.maharashtra.gov.in/Site/Upload/Government%20Resolutions/English/202408061526044833.pdf,3,155569,GR_DATASET\pdfs\Marathi Language Department\202408061526044833.pdf,Downloaded,2026-07-27 21:48:17
Marathi Language Department,Provisional seniority list dated 01.01.2024 of officers in the cadre of Deputy Director of Languages (Translation and Terminology)- Group A on establishment of Directorate of Languages.,202407261116385733,26-07-2024,194,https://gr.maharashtra.gov.in/Site/Upload/Government%20Resolutions/English/202407261116385733.pdf,3,198309,GR_DATASET\pdfs\Marathi Language Department\202407261116385733.pdf,Downloaded,2026-07-27 21:48:18
Marathi Language Department,"Regarding payment of stamp duty and registration fee for registration of affidavit deed in respect of income CS No. 1736 and 1/1736 Division Girgaon for the project of Marathi Bhasha Bhawan, Maharashtra, Mumbai.",202407231241293633,23-07-2024,146,https://gr.maharashtra.gov.in/Site/Upload/Government%20Resolutions/English/202407231241293633.pdf,3,149977,GR_DATASET\pdfs\Marathi Language Department\202407231241293633.pdf,Downloaded,2026-07-27 21:48:18
Marathi Language Department,Regarding contracting as per Government of Indias guidelines while rearing poultry on contract basis.,202407221220325233,22-07-2024,213,https://gr.maharashtra.gov.in/Site/Upload/Government%20Resolutions/English/202407221220325233.pdf,2,218417,GR_DATASET\pdfs\Marathi Language Department\202407221220325233.pdf,Downloaded,2026-07-27 21:48:19
Marathi Language Department,"Regarding payment of plan approval fee for the project of Marathi Bhasha Bhavan, Maharashtra, Mumbai",202406241151366133,24-06-2024,147,https://gr.maharashtra.gov.in/Site/Upload/Government%20Resolutions/English/202406241151366133.pdf,3,150309,GR_DATASET\pdfs\Marathi Language Department\202406241151366133.pdf,Downloaded,2026-07-27 21:48:20
Marathi Language Department,To Fix the diagram of posts in Marathi Language Department and its Allied offices.,202406061627022033..,06-06-2024,137,https://gr.maharashtra.gov.in/Site/Upload/Government%20Resolutions/English/202406061627022033...pdf,2,141161,GR_DATASET\pdfs\Marathi Language Department\202406061627022033...pdf,Downloaded,2026-07-27 21:48:20
Marathi Language Department,Regarding providing funds for the work and ancillary matters of Abhijat Marathi Language Pursuit Committee,202405281152213833,28-05-2024,146,https://gr.maharashtra.gov.in/Site/Upload/Government%20Resolutions/English/202405281152213833.pdf,3,149383,GR_DATASET\pdfs\Marathi Language Department\202405281152213833.pdf,Downloaded,2026-07-27 21:48:21
Marathi Language Department,"Regarding authorizing the Joint Secretary / Deputy Secretary, Department of Marathi Language to sign off the plans of the building of Marathi Language Bhawan, Maharashtra, Mumbai...",202405281600192133,28-05-2024,153,https://gr.maharashtra.gov.in/Site/Upload/Government%20Resolutions/English/202405281600192133.pdf,2,157073,GR_DATASET\pdfs\Marathi Language Department\202405281600192133.pdf,Downloaded,2026-07-27 21:48:22
Marathi Language Department,"Regarding payment of property tax on the plot acquired in pursuance of the construction of Marathi Bhasha Bhawan, Sub Centre, Airoli.",202404191657323233,19-04-2024,144,https://gr.maharashtra.gov.in/Site/Upload/Government%20Resolutions/English/202404191657323233.pdf,2,147441,GR_DATASET\pdfs\Marathi Language Department\202404191657323233.pdf,Downloaded,2026-07-27 21:48:22
Marathi Language Department,Regarding setting up a committee to follow up with the central government to get the status of classical language to Marathi language.,202403141232356033,14-03-2024,137,https://gr.maharashtra.gov.in/Site/Upload/Government%20Resolutions/English/202403141232356033.pdf,2,140408,GR_DATASET\pdfs\Marathi Language Department\202403141232356033.pdf,Downloaded,2026-07-27 21:48:23
Marathi Language Department,Marathi Language Policy of Maharashtra State,202403141232424033,14-03-2024,564,https://gr.maharashtra.gov.in/Site/Upload/Government%20Resolutions/English/202403141232424033.pdf,12,577397,GR_DATASET\pdfs\Marathi Language Department\202403141232424033.pdf,Downloaded,2026-07-27 21:48:24
Marathi Language Department,"Regarding disbursement of funds for CRZ survey of the plot of land for the project of Marathi Bhasha Bhawan, Maharashtra, Mumbai and obtaining ancillary permissions.",202403011721396933,01-03-2024,150,https://gr.maharashtra.gov.in/Site/Upload/Government%20Resolutions/English/202403011721396933.pdf,3,153179,GR_DATASET\pdfs\Marathi Language Department\202403011721396933.pdf,Downloaded,2026-07-27 21:48:25
Marathi Language Department,"Regarding grant of administrative approval for construction of Marathi Bhasha Bhawan, Maharashtra, Mumbai",202403011726475033,01-03-2024,315,https://gr.maharashtra.gov.in/Site/Upload/Government%20Resolutions/English/202403011726475033.pdf,6,322375,GR_DATASET\pdfs\Marathi Language Department\202403011726475033.pdf,Downloaded,2026-07-27 21:48:25
Marathi Language Department,Regarding funding for Akhil Bhartiya Marathi Santa Sahitya Sammelan.,202402291410020333,29-02-2024,263,https://gr.maharashtra.gov.in/Site/Upload/Government%20Resolutions/English/202402291410020333.pdf,2,269314,GR_DATASET\pdfs\Marathi Language Department\202402291410020333.pdf,Downloaded,2026-07-27 21:48:26
Marathi Language Department,Continuation for the temporary posts in Maharashtra State Marathi Vishwakosh Nirmiti Mandal for the period from 01.03.2024 to 31.08.2024.,202402291508260633,29-02-2024,143,https://gr.maharashtra.gov.in/Site/Upload/Government%20Resolutions/English/202402291508260633.pdf,3,146344,GR_DATASET\pdfs\Marathi Language Department\202402291508260633.pdf,Downloaded,2026-07-27 21:48:27
Marathi Language Department,Continuation for the temporary posts in Maharashtra State Rajya Sahitya and Sanskruti for the period from 01.03.2024 to 31.08.2024.,202402291513120533,29-02-2024,139,https://gr.maharashtra.gov.in/Site/Upload/Government%20Resolutions/English/202402291513120533.pdf,2,142751,GR_DATASET\pdfs\Marathi Language Department\202402291513120533.pdf,Downloaded,2026-07-27 21:48:27
Marathi Language Department,Continuation for the temporary posts in Maharashtra State Bhasha Sanchalayfor the period from 01.03.2024 to 31.08.2024.,202402291517520533,29-02-2024,144,https://gr.maharashtra.gov.in/Site/Upload/Government%20Resolutions/English/202402291517520533.pdf,2,147108,GR_DATASET\pdfs\Marathi Language Department\202402291517520533.pdf,Downloaded,2026-07-27 21:48:28
Marathi Language Department,"Regarding deposit of Rs.10 Crores to Vidarbha Sahitya Sangh, Nagpur on the centenary year of Vidarbha Sahitya Sangh, Nagpur.",202402271229494133,27-02-2024,621,https://gr.maharashtra.gov.in/Site/Upload/Government%20Resolutions/English/202402271229494133.pdf,3,636215,GR_DATASET\pdfs\Marathi Language Department\202402271229494133.pdf,Downloaded,2026-07-27 21:48:29
Marathi Language Department,"Regarding disbursement of funds for payment of pending GST and office rent of the office of Maharashtra State Board of Literature and Culture, Mumbai for the year 2023-24.",202402161447284033,16-02-2024,136,https://gr.maharashtra.gov.in/Site/Upload/Government%20Resolutions/English/202402161447284033.pdf,2,138964,GR_DATASET\pdfs\Marathi Language Department\202402161447284033.pdf,Downloaded,2026-07-27 21:48:30
Marathi Language Department,Regarding the formation of a committee to follow up with the Central Government regarding the status of Marathi language as a classical language,202402141130452833,14-02-2024,148,https://gr.maharashtra.gov.in/Site/Upload/Government%20Resolutions/English/202402141130452833.pdf,3,151418,GR_DATASET\pdfs\Marathi Language Department\202402141130452833.pdf,Downloaded,2026-07-27 21:48:31
Marathi Language Department,Regarding the announcement of Mr. Yashwantrao Chavan State Literary Award 2022.,202402091740390433,09-02-2024,191,https://gr.maharashtra.gov.in/Site/Upload/Government%20Resolutions/English/202402091740390433.pdf,8,195765,GR_DATASET\pdfs\Marathi Language Department\202402091740390433.pdf,Downloaded,2026-07-27 21:48:32
Marathi Language Department,Declaration of Vinda Karandikar Jeevan Gaurav Puraskar - Year 2023 and Shri.P.Bhagwat Puraskar - Year 2023.,202402091742573933,09-02-2024,218,https://gr.maharashtra.gov.in/Site/Upload/Government%20Resolutions/English/202402091742573933.pdf,2,223224,GR_DATASET\pdfs\Marathi Language Department\202402091742573933.pdf,Downloaded,2026-07-27 21:48:32
Marathi Language Department,To declare Award for the Enrichment and Development of Marathi Language - 2023,202402091746477233,09-02-2024,329,https://gr.maharashtra.gov.in/Site/Upload/Government%20Resolutions/English/202402091746477233.pdf,2,336697,GR_DATASET\pdfs\Marathi Language Department\202402091746477233.pdf,Downloaded,2026-07-27 21:48:33
Marathi Language Department,"Regarding allocation of funds for payment of pending GST and office rent of the office of Maharashtra State Board of Literature and Culture, Mumbai for the year 2023-24.",202402081702444933,08-02-2024,145,https://gr.maharashtra.gov.in/Site/Upload/Government%20Resolutions/English/202402081702444933.pdf,3,148956,GR_DATASET\pdfs\Marathi Language Department\202402081702444933.pdf,Downloaded,2026-07-27 21:48:34
Marathi Language Department,To fix Revised Diagram of Directorate of Languages,202401311146332033,31-01-2024,141,https://gr.maharashtra.gov.in/Site/Upload/Government%20Resolutions/English/202401311146332033.pdf,2,144097,GR_DATASET\pdfs\Marathi Language Department\202401311146332033.pdf,Downloaded,2026-07-27 21:48:34
Marathi Language Department,Regarding the central concept of Vishwa Marathi Sammelan - 2024 and giving administrative approval in accordance with the planning of the meeting.,202401021552066533,02-01-2024,1130,https://gr.maharashtra.gov.in/Site/Upload/Government%20Resolutions/English/202401021552066533.pdf,5,1157289,GR_DATASET\pdfs\Marathi Language Department\202401021552066533.pdf,Downloaded,2026-07-27 21:48:35
Marathi Language Department,"To celebrate 27th February, birth of Senior poet V. V. Shirwadkar alias Kusumagraj as Marathi Bhasha Gaurav Din.",202312291656185833,29-12-2023,168,https://gr.maharashtra.gov.in/Site/Upload/Government%20Resolutions/English/202312291656185833.pdf,5,172218,GR_DATASET\pdfs\Marathi Language Department\202312291656185833.pdf,Downloaded,2026-07-27 21:48:36
Marathi Language Department,"For the organization of All India Marathi Sahitya Sammelan organized by Akhil Bharatiya Marathi Sahitya Mahamandal, Rs. Regarding the sanction of financial assistance of Rs. 2 crores.....",202312221750521233,22-12-2023,529,https://gr.maharashtra.gov.in/Site/Upload/Government%20Resolutions/English/202312221750521233.pdf,3,542122,GR_DATASET\pdfs\Marathi Language Department\202312221750521233.pdf,Downloaded,2026-07-27 21:48:37
Marathi Language Department,"Regarding the celebration of Marathi Language Preservation Fortnight from 14th January to 28th January, 2024.",202312191153517133,19-12-2023,299,https://gr.maharashtra.gov.in/Site/Upload/Government%20Resolutions/English/202312191153517133.pdf,5,305980,GR_DATASET\pdfs\Marathi Language Department\202312191153517133.pdf,Downloaded,2026-07-27 21:48:37
Marathi Language Department,"Regarding the approval of revised plans and additional matters for the building of Marathi Bhasha Bhawan, Maharashtra, Mumbai",202312151735181633,15-12-2023,159,https://gr.maharashtra.gov.in/Site/Upload/Government%20Resolutions/English/202312151735181633.pdf,4,163114,GR_DATASET\pdfs\Marathi Language Department\202312151735181633.pdf,Downloaded,2026-07-27 21:48:38
Marathi Language Department,Regarding granting administrative and financial approval for purchase of computers and scanners for officers/ in Marathi language department,202312071601494333,07-12-2023,731,https://gr.maharashtra.gov.in/Site/Upload/Government%20Resolutions/English/202312071601494333.pdf,2,748991,GR_DATASET\pdfs\Marathi Language Department\202312071601494333.pdf,Downloaded,2026-07-27 21:48:39
Marathi Language Department,"Regarding providing a grant of Rs.1.50 crores to Konkan Marathi Sahitya Parishad, Ratnagiri for going to the Marathi Sahitya Samela scheduled at Mauritius.",202311281219182333,28-11-2023,568,https://gr.maharashtra.gov.in/Site/Upload/Government%20Resolutions/English/202311281219182333.pdf,3,581797,GR_DATASET\pdfs\Marathi Language Department\202311281219182333.pdf,Downloaded,2026-07-27 21:48:40
Marathi Language Department,"Regarding payment of property tax on the plot acquired in pursuance of the construction of Marathi Bhasha Bhawan, Sub Centre, Airoli.",202311221508492433,22-11-2023,144,https://gr.maharashtra.gov.in/Site/Upload/Government%20Resolutions/English/202311221508492433.pdf,2,147055,GR_DATASET\pdfs\Marathi Language Department\202311221508492433.pdf,Downloaded,2026-07-27 21:48:41
Marathi Language Department,Regarding giving administrative approval for purchase of new vehicle in place of deregistered vehicle in office use of Secretary (Marathi language).,202311171243100333,17-11-2023,146,https://gr.maharashtra.gov.in/Site/Upload/Government%20Resolutions/English/202311171243100333.pdf,2,149397,GR_DATASET\pdfs\Marathi Language Department\202311171243100333.pdf,Downloaded,2026-07-27 21:48:42
Marathi Language Department,Granting administrative and financial approval for the electrical renewal work of the administrative office of the Marathi Language Department on the 8th floor in the new administrative building...,202311061219168533,06-11-2023,144,https://gr.maharashtra.gov.in/Site/Upload/Government%20Resolutions/English/202311061219168533.pdf,2,147016,GR_DATASET\pdfs\Marathi Language Department\202311061219168533.pdf,Downloaded,2026-07-27 21:48:42
Marathi Language Department,To Celebrate December as Bhartiya Bhasha Divas in the memory Subramania Bharti,202311061849350833,06-11-2023,249,https://gr.maharashtra.gov.in/Site/Upload/Government%20Resolutions/English/202311061849350833.pdf,6,254643,GR_DATASET\pdfs\Marathi Language Department\202311061849350833.pdf,Downloaded,2026-07-27 21:48:43
Marathi Language Department,3)Continuation for the temporary posts in Directorate of Languages for the period from 01.09.2023 to 29.02.2024.,202309131554067933,13-09-2023,691,https://gr.maharashtra.gov.in/Site/Upload/Government%20Resolutions/English/202309131554067933.pdf,2,707171,GR_DATASET\pdfs\Marathi Language Department\202309131554067933.pdf,Downloaded,2026-07-27 21:48:44
Marathi Language Department,1) Continuation for the temporary posts in Maharashtra State Marathi Vishwakosh Nirmiti Mandal for the period from 01.09.2023 to 29.02.2024.,202309131558515933,13-09-2023,691,https://gr.maharashtra.gov.in/Site/Upload/Government%20Resolutions/English/202309131558515933.pdf,3,707439,GR_DATASET\pdfs\Marathi Language Department\202309131558515933.pdf,Downloaded,2026-07-27 21:48:45
Marathi Language Department,1)Continuation for the temporary posts in Maharashtra State Board for Literature and Culture for the period from 01.09.2023 to 29.02.2024.,202309131600252133,13-09-2023,695,https://gr.maharashtra.gov.in/Site/Upload/Government%20Resolutions/English/202309131600252133.pdf,2,712067,GR_DATASET\pdfs\Marathi Language Department\202309131600252133.pdf,Downloaded,2026-07-27 21:48:46
Marathi Language Department,"To Celebrate 15th October, Birthday of former President late Dr. A.P.J. Abdul Kalam, as Reading Inspiration Day.",202309111250528033,11-09-2023,827,https://gr.maharashtra.gov.in/Site/Upload/Government%20Resolutions/English/202309111250528033.pdf,6,846365,GR_DATASET\pdfs\Marathi Language Department\202309111250528033.pdf,Downloaded,2026-07-27 21:48:47
Marathi Language Department,"Regarding Promotion on temporary basis to the Post of Secretary, Maharashtra State Marathi Encyclopaedia Production Board Mumbai",202308291250461333,29-08-2023,937,https://gr.maharashtra.gov.in/Site/Upload/Government%20Resolutions/English/202308291250461333.pdf,3,959397,GR_DATASET\pdfs\Marathi Language Department\202308291250461333.pdf,Downloaded,2026-07-27 21:48:48
Marathi Language Department,Cancellation of Adhoc Boards of Marathi/Hindi/Marathi shorthand/Marathi typing Examination.,202307211300189433,21-07-2023,165,https://gr.maharashtra.gov.in/Site/Upload/Government%20Resolutions/English/202307211300189433.pdf,2,169336,GR_DATASET\pdfs\Marathi Language Department\202307211300189433.pdf,Downloaded,2026-07-27 21:48:49
Marathi Language Department,Establishment of Marathi Bhasha Yuvak Mandal.,202307131254482233,13-07-2023,970,https://gr.maharashtra.gov.in/Site/Upload/Government%20Resolutions/English/202307131254482233.pdf,4,993185,GR_DATASET\pdfs\Marathi Language Department\202307131254482233.pdf,Downloaded,2026-07-27 21:48:50
Marathi Language Department,"Maharashtra Parichay Kendra, New Delhi/Goa Different Language activities for Marathi speakers.",202307131154107933,13-07-2023,964,https://gr.maharashtra.gov.in/Site/Upload/Government%20Resolutions/English/202307131154107933.pdf,4,986988,GR_DATASET\pdfs\Marathi Language Department\202307131154107933.pdf,Downloaded,2026-07-27 21:48:51
Marathi Language Department,Regarding Extension from 13.02.2022 onwards for deputation to the post of Director in State Marathi Development Institute.,202307121741050533,12-07-2023,1144,https://gr.maharashtra.gov.in/Site/Upload/Government%20Resolutions/English/202307121741050533.pdf,2,1171140,GR_DATASET\pdfs\Marathi Language Department\202307121741050533.pdf,Downloaded,2026-07-27 21:48:52
Marathi Language Department,"Regarding formation of selection committee for filling post of Group B (Non Gagazetted), Group C and Group- D in the jurisdiction of the ex-subordinate selection board (outside preview of MPSC) for the establishments of allies offices under Marathi Language Department.",202307061213519033,06-07-2023,970,https://gr.maharashtra.gov.in/Site/Upload/Government%20Resolutions/English/202307061213519033.pdf,2,993481,GR_DATASET\pdfs\Marathi Language Department\202307061213519033.pdf,Downloaded,2026-07-27 21:48:53
Marathi Language Department,"Appointment by Deputation to the post of Deputy Director in State Marathi Development Institute for 2 Years - Smt. A. J. Dhamal, Dy. Commissioner of Goods and Services Tax Office, Pune",202306261925277933,26-06-2023,209,https://gr.maharashtra.gov.in/Site/Upload/Government%20Resolutions/English/202306261925277933.pdf,2,213917,GR_DATASET\pdfs\Marathi Language Department\202306261925277933.pdf,Downloaded,2026-07-27 21:48:54
Marathi Language Department,To give extension for Marathi Vishwakosh Dnyanmandal.,202306141756479133,14-06-2023,1019,https://gr.maharashtra.gov.in/Site/Upload/Government%20Resolutions/English/202306141756479133.pdf,3,1043592,GR_DATASET\pdfs\Marathi Language Department\202306141756479133.pdf,Downloaded,2026-07-27 21:48:55
Marathi Language Department,Final Seniority List for the Officers in the cadre of Bhasha Adhikari (Hindi) Group-B (Gazetted) in the Directorate of Languages from 01.01.2011 to 01.01.2023.,202306131453224033,13-06-2023,1105,https://gr.maharashtra.gov.in/Site/Upload/Government%20Resolutions/English/202306131453224033.pdf,7,1131825,GR_DATASET\pdfs\Marathi Language Department\202306131453224033.pdf,Downloaded,2026-07-27 21:48:56
Marathi Language Department,Final Seniority list for the officers in the cadre of Deputy Director of Languages (Translation and Terminology) in the Directorate of Languages for the years 1.1.2022 to 1.1.2023.,202306131453056233,13-06-2023,1073,https://gr.maharashtra.gov.in/Site/Upload/Government%20Resolutions/English/202306131453056233.pdf,3,1098782,GR_DATASET\pdfs\Marathi Language Department\202306131453056233.pdf,Downloaded,2026-07-27 21:48:57
Marathi Language Department,"Regarding the creation of a new budget head for payment of property tax on land and building of Marathi Bhasha Bhawan, Main Centre, Charni Marg, Mumbai and Marathi Bhasha Bhawan, Sub Centre, Airoli, Navi Mumbai.",202306061109038533,06-06-2023,209,https://gr.maharashtra.gov.in/Site/Upload/Government%20Resolutions/English/202306061109038533.pdf,2,214519,GR_DATASET\pdfs\Marathi Language Department\202306061109038533.pdf,Downloaded,2026-07-27 21:48:57
Marathi Language Department,"Final Seniority List of Assistant Secretary, Group-B in the office of State Board of Production in Marathi Vishwakosh 01.01.2022 and 01.01.2023.",202305261311399833,26-05-2023,1152,https://gr.maharashtra.gov.in/Site/Upload/Government%20Resolutions/English/202305261311399833.pdf,0,0,GR_DATASET\pdfs\Marathi Language Department\202305261311399833.pdf,404 Client Error: Not Found for url: https://gr.maharashtra.gov.in/Site/Upload/Government%20Resolutions/English/202305261311399833.pdf,2026-07-27 21:48:58
Marathi Language Department,"Temporary Seniority List of Assistant Secretary, Group-B in the office of State Board of Production in Marathi Vishwakosh 01.01.2022 and 01.01.2023.",202305091603134933,09-05-2023,1182,https://gr.maharashtra.gov.in/Site/Upload/Government%20Resolutions/English/202305091603134933.pdf,3,1210109,GR_DATASET\pdfs\Marathi Language Department\202305091603134933.pdf,Downloaded,2026-07-27 21:48:59
Marathi Language Department,"Regarding formation of selection committee for filling post of Group B ( Non Gazetted), Group C and Group-D in the jurisdiction of the ex-subordinate selection board (outside preview of MPSC) for the establishments of allies offices under Marathi Language Department.",202305081302214233,08-05-2023,1173,https://gr.maharashtra.gov.in/Site/Upload/Government%20Resolutions/English/202305081302214233.pdf,3,1200930,GR_DATASET\pdfs\Marathi Language Department\202305081302214233.pdf,Downloaded,2026-07-27 21:49:00
Marathi Language Department,Temporary Seniority List for the Officers in the cadre of Deputy Director of Languages (Law) Group-A in the Directorate of Languages 01.01.2022 and 01.01.2023.,202305081302405633,08-05-2023,1166,https://gr.maharashtra.gov.in/Site/Upload/Government%20Resolutions/English/202305081302405633.pdf,3,1194489,GR_DATASET\pdfs\Marathi Language Department\202305081302405633.pdf,Downloaded,2026-07-27 21:49:01
Marathi Language Department,Temporary Seniority List for the Officers in the cadre of Deputy Director of Languages (Translation and Terminology) in the Directorate of Languages from 01.01.2020 to 01.01.2023.,202305081302497733,08-05-2023,1242,https://gr.maharashtra.gov.in/Site/Upload/Government%20Resolutions/English/202305081302497733.pdf,11,1271673,GR_DATASET\pdfs\Marathi Language Department\202305081302497733.pdf,Downloaded,2026-07-27 21:49:02
Marathi Language Department,Temporary Seniority list for the officers in the cadre of Deputy Director of Languages (Translation and Terminology) in the Directorate of Languages for the years 1.1.2022 to 1.1.2023.,202305081302597533,08-05-2023,1166,https://gr.maharashtra.gov.in/Site/Upload/Government%20Resolutions/English/202305081302597533.pdf,0,0,GR_DATASET\pdfs\Marathi Language Department\202305081302597533.pdf,404 Client Error: Not Found for url: https://gr.maharashtra.gov.in/Site/Upload/Government%20Resolutions/English/202305081302597533.pdf,2026-07-27 21:49:03
Marathi Language Department,Posting order of Assistant Language Director Group -B (Gazetted) under Language Directorate.,202304241447298733,24-04-2023,1294,https://gr.maharashtra.gov.in/Site/Upload/Government%20Resolutions/English/202304241447298733.pdf,0,0,GR_DATASET\pdfs\Marathi Language Department\202304241447298733.pdf,404 Client Error: Not Found for url: https://gr.maharashtra.gov.in/Site/Upload/Government%20Resolutions/English/202304241447298733.pdf,2026-07-27 21:49:03
Marathi Language Department,Seniority List for the Officers in the cadre of Deputy Director of Languages (Law) Group-A in the Directorate of Languages from 01.01.2019 to 01.01.2021.,202304111156157233,11-04-2023,1513,https://gr.maharashtra.gov.in/Site/Upload/Government%20Resolutions/English/202304111156157233.pdf,0,0,GR_DATASET\pdfs\Marathi Language Department\202304111156157233.pdf,404 Client Error: Not Found for url: https://gr.maharashtra.gov.in/Site/Upload/Government%20Resolutions/English/202304111156157233.pdf,2026-07-27 21:49:03
Marathi Language Department,Temporary Seniority List for the Officers in the cadre of Bhasha Adhikari (Hindi) Group-B (Gazetted) in the Directorate of Languages from 01.01.2011 to 01.01.2023.,202303291554100833,29-03-2023,1558,https://gr.maharashtra.gov.in/Site/Upload/Government%20Resolutions/English/202303291554100833.pdf,7,1595724,GR_DATASET\pdfs\Marathi Language Department\202303291554100833.pdf,Downloaded,2026-07-27 21:49:05
Marathi Language Department,Final Seniority List for the Officers in the cadre of Deputy Director of Languages (Translation and Terminology) in the Directorate of Languages for 01.01.2019.,202303291553595533,29-03-2023,1347,https://gr.maharashtra.gov.in/Site/Upload/Government%20Resolutions/English/202303291553595533.pdf,3,1379168,GR_DATASET\pdfs\Marathi Language Department\202303291553595533.pdf,Downloaded,2026-07-27 21:49:06
Marathi Language Department,"Regarding Promotion to the post of assistant director of language (Transaction and Terminology), Group - B (Gazetted) in the directorate of language.",202303061823006533,06-03-2023,1246,https://gr.maharashtra.gov.in/Site/Upload/Government%20Resolutions/English/202303061823006533.pdf,3,1275759,GR_DATASET\pdfs\Marathi Language Department\202303061823006533.pdf,Downloaded,2026-07-27 21:49:07
Marathi Language Department,"Regarding Promotion to the post of assistant director of language (Training and Establishment), Group - B (Gazetted) in the directorate of language.",202303061822367533,06-03-2023,1244,https://gr.maharashtra.gov.in/Site/Upload/Government%20Resolutions/English/202303061822367533.pdf,3,1274328,GR_DATASET\pdfs\Marathi Language Department\202303061822367533.pdf,Downloaded,2026-07-27 21:49:08
Marathi Language Department,Continuation for the temporary posts in Directorate of Languages for the period from 01.03.2023 to 31.08.2023.,202303031225007833,03-03-2023,1259,https://gr.maharashtra.gov.in/Site/Upload/Government%20Resolutions/English/202303031225007833.pdf,3,1289204,GR_DATASET\pdfs\Marathi Language Department\202303031225007833.pdf,Downloaded,2026-07-27 21:49:09
Marathi Language Department,Regarding the disbursement of grant to Rajya Marathi Vikas Sanstha to pay the expenses incurred for organization of Vishwa Marathi Sammelan -2023.,202303021659385033,02-03-2023,1198,https://gr.maharashtra.gov.in/Site/Upload/Government%20Resolutions/English/202303021659385033.pdf,4,1227087,GR_DATASET\pdfs\Marathi Language Department\202303021659385033.pdf,Downloaded,2026-07-27 21:49:10
Marathi Language Department,To organize Literature conference through Brihanmaharashtra Mandal Administrative approval for grant of Rs. 25 Lakhs.,202302231211416033,23-02-2023,1268,https://gr.maharashtra.gov.in/Site/Upload/Government%20Resolutions/English/202302231211416033.pdf,3,1298260,GR_DATASET\pdfs\Marathi Language Department\202302231211416033.pdf,Downloaded,2026-07-27 21:49:11
Marathi Language Department,Language Directorate Posting order of Assistant Director Group -B (Gazetted).,202302171137324333,17-02-2023,1288,https://gr.maharashtra.gov.in/Site/Upload/Government%20Resolutions/English/202302171137324333.pdf,0,0,GR_DATASET\pdfs\Marathi Language Department\202302171137324333.pdf,404 Client Error: Not Found for url: https://gr.maharashtra.gov.in/Site/Upload/Government%20Resolutions/English/202302171137324333.pdf,2026-07-27 21:49:11
Marathi Language Department,Vachan Prerana Din Municipal Corporation Competition Result,202302161521474133,16-02-2023,1287,https://gr.maharashtra.gov.in/Site/Upload/Government%20Resolutions/English/202302161521474133.pdf,3,1318245,GR_DATASET\pdfs\Marathi Language Department\202302161521474133.pdf,Downloaded,2026-07-27 21:49:12
Marathi Language Department,Declaration of Vinda Karandikar Jeevan Gaurav Puraskar 2022 and Shri P.Bhagwat Puraskar 2022.,202302161521239833,16-02-2023,1289,https://gr.maharashtra.gov.in/Site/Upload/Government%20Resolutions/English/202302161521239833.pdf,2,1319597,GR_DATASET\pdfs\Marathi Language Department\202302161521239833.pdf,Downloaded,2026-07-27 21:49:14
Marathi Language Department,To declare Award for the Enrichment and Development of Marathi Language - 2022.,202302161521353333,16-02-2023,1283,https://gr.maharashtra.gov.in/Site/Upload/Government%20Resolutions/English/202302161521353333.pdf,2,1313980,GR_DATASET\pdfs\Marathi Language Department\202302161521353333.pdf,Downloaded,2026-07-27 21:49:15
Marathi Language Department,Continuation for the temporary posts in Maharashtra State Marathi Vishwakosh Nirmiti Mandal for the period from 01.03.2023 to 31.08.2023.,202302151413531933,15-02-2023,1311,https://gr.maharashtra.gov.in/Site/Upload/Government%20Resolutions/English/202302151413531933.pdf,0,0,GR_DATASET\pdfs\Marathi Language Department\202302151413531933.pdf,404 Client Error: Not Found for url: https://gr.maharashtra.gov.in/Site/Upload/Government%20Resolutions/English/202302151413531933.pdf,2026-07-27 21:49:15
Marathi Language Department,Continuation for the temporary posts in Maharashtra State Board for Literature and Culture for the period from 01.09.2022 to 28.02.2023.,202302151413444333,15-02-2023,1300,https://gr.maharashtra.gov.in/Site/Upload/Government%20Resolutions/English/202302151413444333.pdf,0,0,GR_DATASET\pdfs\Marathi Language Department\202302151413444333.pdf,404 Client Error: Not Found for url: https://gr.maharashtra.gov.in/Site/Upload/Government%20Resolutions/English/202302151413444333.pdf,2026-07-27 21:49:16
Marathi Language Department,Regarding funding for Akhil Bhartiya Marathi Santa Sahitya Sammelan.,202302091458539733,09-02-2023,1324,https://gr.maharashtra.gov.in/Site/Upload/Government%20Resolutions/English/202302091458539733.pdf,3,1355869,GR_DATASET\pdfs\Marathi Language Department\202302091458539733.pdf,Downloaded,2026-07-27 21:49:17
Marathi Language Department,Continuation of Additional Charge for Director of Languages beyond 01.04.2022.,202302031109210233,03-02-2023,1438,https://gr.maharashtra.gov.in/Site/Upload/Government%20Resolutions/English/202302031109210233.pdf,2,1472121,GR_DATASET\pdfs\Marathi Language Department\202302031109210233.pdf,Downloaded,2026-07-27 21:49:18
Marathi Language Department,Rs. Two Crore Grant for All India Marathi Sahitya Mahamandal Akhil Bhartiya Marathi Sahitya Sammelan Wardha.,202302021153538833,02-02-2023,1325,https://gr.maharashtra.gov.in/Site/Upload/Government%20Resolutions/English/202302021153538833.pdf,3,1357032,GR_DATASET\pdfs\Marathi Language Department\202302021153538833.pdf,Downloaded,2026-07-27 21:49:19
Marathi Language Department,Regarding Maharashtra Rajya Sahitya /sanskruti Mandal Rule No. 24,202302021509002333,02-02-2023,1426,https://gr.maharashtra.gov.in/Site/Upload/Government%20Resolutions/English/202302021509002333.pdf,2,1460579,GR_DATASET\pdfs\Marathi Language Department\202302021509002333.pdf,Downloaded,2026-07-27 21:49:20
Marathi Language Department,To give extension for Marathi Vishwakosh Dnyanmandal.To give extension for Marathi Vishwakosh Dnyanmandal.,202301311710230033,31-01-2023,1738,https://gr.maharashtra.gov.in/Site/Upload/Government%20Resolutions/English/202301311710230033.pdf,3,1779932,GR_DATASET\pdfs\Marathi Language Department\202301311710230033.pdf,Downloaded,2026-07-27 21:49:21
Marathi Language Department,"Supplementary Letter Regarding Distribution of Funds to Maharashtra Industrial Development Corporation for the Construction of Marathi Bhasha Bhavan, Main Center During the Financial Year 2022-23",202301231446123033,23-01-2023,424,https://gr.maharashtra.gov.in/Site/Upload/Government%20Resolutions/English/202301231446123033.pdf,3,433724,GR_DATASET\pdfs\Marathi Language Department\202301231446123033.pdf,Downloaded,2026-07-27 21:49:22
Marathi Language Department,"Grant release to Maharashtra Industrial Development Corporation for the construction of Marathi Bhasha Bhavan, Main Centre, Charni Road, Mumbai.",202301161137083433,16-01-2023,145,https://gr.maharashtra.gov.in/Site/Upload/Government%20Resolutions/English/202301161137083433.pdf,3,148502,GR_DATASET\pdfs\Marathi Language Department\202301161137083433.pdf,Downloaded,2026-07-27 21:49:23
Marathi Language Department,To arrange Various Programmes in Marathi Bhasha Savardhan Pandharwada.,202301161237490133,16-01-2023,1348,https://gr.maharashtra.gov.in/Site/Upload/Government%20Resolutions/English/202301161237490133.pdf,0,0,GR_DATASET\pdfs\Marathi Language Department\202301161237490133.pdf,404 Client Error: Not Found for url: https://gr.maharashtra.gov.in/Site/Upload/Government%20Resolutions/English/202301161237490133.pdf,2026-07-27 21:49:23
Marathi Language Department,"Extension to implementation of Government Resolution dated 10/11/2022 regarding Devnagari script in Government Affairs and Alphabetical Marathi Handwriting for Typing, Printing and Computers.",202301021718159833,02-01-2023,1289,https://gr.maharashtra.gov.in/Site/Upload/Government%20Resolutions/English/202301021718159833.pdf,3,1320266,GR_DATASET\pdfs\Marathi Language Department\202301021718159833.pdf,Downloaded,2026-07-27 21:49:24
Marathi Language Department,Final Seniority list for the officers in the cadre of Deputy Director of Languages (Translation and Terminology) in the Directorate of Languages for the years 1.1.2019 to 1.1.2021.,202212141150135433,14-12-2022,1325,https://gr.maharashtra.gov.in/Site/Upload/Government%20Resolutions/English/202212141150135433.pdf,0,0,GR_DATASET\pdfs\Marathi Language Department\202212141150135433.pdf,404 Client Error: Not Found for url: https://gr.maharashtra.gov.in/Site/Upload/Government%20Resolutions/English/202212141150135433.pdf,2026-07-27 21:49:25
Marathi Language Department,Regarding the cancellation of the Late Yashwantrao Chavan State Literary Award Review Committee and the cancellation of the award given to the book Fractured Freedom: Prison Memories and Thoughts in the genre of Madhya Vadmay translated.,202212121119178633,12-12-2022,1315,https://gr.maharashtra.gov.in/Site/Upload/Government%20Resolutions/English/202212121119178633.pdf,2,1346972,GR_DATASET\pdfs\Marathi Language Department\202212121119178633.pdf,Downloaded,2026-07-27 21:49:26
Marathi Language Department,Regarding the announcement of Mr. Yashwantrao Chavan State Literary Award 2021.,202212061651334033,06-12-2022,1410,https://gr.maharashtra.gov.in/Site/Upload/Government%20Resolutions/English/202212061651334033.pdf,0,0,GR_DATASET\pdfs\Marathi Language Department\202212061651334033.pdf,404 Client Error: Not Found for url: https://gr.maharashtra.gov.in/Site/Upload/Government%20Resolutions/English/202212061651334033.pdf,2026-07-27 21:49:27
Marathi Language Department,Declaration of Logo of Marathi Language Department.,202211301327580133...........,30-11-2022,182,https://gr.maharashtra.gov.in/Site/Upload/Government%20Resolutions/English/202211301327580133............pdf,0,0,GR_DATASET\pdfs\Marathi Language Department\202211301327580133............pdf,404 Client Error: Not Found for url: https://gr.maharashtra.gov.in/Site/Upload/Government%20Resolutions/English/202211301327580133............pdf,2026-07-27 21:49:27
Marathi Language Department,An e-book Containing a Compilation of Strategic Orders/Decisions related to Marathi Language Department.,202211301515402433,30-11-2022,1338,https://gr.maharashtra.gov.in/Site/Upload/Government%20Resolutions/English/202211301515402433.pdf,0,0,GR_DATASET\pdfs\Marathi Language Department\202211301515402433.pdf,404 Client Error: Not Found for url: https://gr.maharashtra.gov.in/Site/Upload/Government%20Resolutions/English/202211301515402433.pdf,2026-07-27 21:49:28
Marathi Language Department,Administrative Approval to Financial Aid for Marathi Language Culture and Development in Maharashtra-Karnataka Border Area.,202211301511106933,30-11-2022,1328,https://gr.maharashtra.gov.in/Site/Upload/Government%20Resolutions/English/202211301511106933.pdf,3,1360269,GR_DATASET\pdfs\Marathi Language Department\202211301511106933.pdf,Downloaded,2026-07-27 21:49:29
Marathi Language Department,"To celebrate 27th February, birth of Senior poet V. V. Shirwadkar alias Kusumagraj as Marathi Bhasha Gaurav Din.",202211231740408433,23-11-2022,1598,https://gr.maharashtra.gov.in/Site/Upload/Government%20Resolutions/English/202211231740408433.pdf,4,1636693,GR_DATASET\pdfs\Marathi Language Department\202211231740408433.pdf,Downloaded,2026-07-27 21:49:32
Marathi Language Department,Marathi Tiuka Melwawa (Vishwa Sammelan)- Regarding granting administrative approval for the project.,202211211646146233,21-11-2022,1329,https://gr.maharashtra.gov.in/Site/Upload/Government%20Resolutions/English/202211211646146233.pdf,3,1360758,GR_DATASET\pdfs\Marathi Language Department\202211211646146233.pdf,Downloaded,2026-07-27 21:49:34
Marathi Language Department,Celebration of Marathi Language Conservation fortnight from 14th January to 28 th January 2023.,202211111205403933,11-11-2022,1444,https://gr.maharashtra.gov.in/Site/Upload/Government%20Resolutions/English/202211111205403933.pdf,6,1478301,GR_DATASET\pdfs\Marathi Language Department\202211111205403933.pdf,Downloaded,2026-07-27 21:49:35
Marathi Language Department,Organizing competitions in municipal areas for awareness and affection of Marathi in the memory of President Dr. APJ Abdul Kalam (Vachan Prerana Din).,202211101217033233,10-11-2022,1598,https://gr.maharashtra.gov.in/Site/Upload/Government%20Resolutions/English/202211101217033233.pdf,2,1636620,GR_DATASET\pdfs\Marathi Language Department\202211101217033233.pdf,Downloaded,2026-07-27 21:49:36
Marathi Language Department,"Updation of Devnagari Script and alphabet adopted for printing, computer as well as Marathi writing, typing in government affairs.",202211101530029233.....,10-11-2022,1393,https://gr.maharashtra.gov.in/Site/Upload/Government%20Resolutions/English/202211101530029233......pdf,0,0,GR_DATASET\pdfs\Marathi Language Department\202211101530029233......pdf,404 Client Error: Not Found for url: https://gr.maharashtra.gov.in/Site/Upload/Government%20Resolutions/English/202211101530029233......pdf,2026-07-27 21:49:36
Marathi Language Department,organizing competitions in municipal areas for awareness and affection of Marathi in the memory of President Dr. APJ Abdul Kalam (Vachan Prerana Din),202211041549096033,04-11-2022,1428,https://gr.maharashtra.gov.in/Site/Upload/Government%20Resolutions/English/202211041549096033.pdf,2,1462488,GR_DATASET\pdfs\Marathi Language Department\202211041549096033.pdf,Downloaded,2026-07-27 21:49:37
Marathi Language Department,organizing competitions in municipal areas for awareness and affection of Marathi in the memory of President Dr. APJ Abdul Kalam (Vachan Prerana Din),202211031113254733,03-11-2022,1658,https://gr.maharashtra.gov.in/Site/Upload/Government%20Resolutions/English/202211031113254733.pdf,0,0,GR_DATASET\pdfs\Marathi Language Department\202211031113254733.pdf,404 Client Error: Not Found for url: https://gr.maharashtra.gov.in/Site/Upload/Government%20Resolutions/English/202211031113254733.pdf,2026-07-27 21:49:38
Marathi Language Department,"Collection of rules regarding compulsory Marathi Shorthand and Marathi Typing Examinations for English Stenographers, Steno typists and Typists.",202210171827019933,17-10-2022,3828,https://gr.maharashtra.gov.in/Site/Upload/Government%20Resolutions/English/202210171827019933.pdf,29,3920327,GR_DATASET\pdfs\Marathi Language Department\202210171827019933.pdf,Downloaded,2026-07-27 21:49:40
Marathi Language Department,"Final Seniority List of Secretary, Group-A (Gazetted) in the office of Maharashtra State Board literature and culture as on 01.01.2019 to 01.01.2022.",202209271223073933,27-09-2022,1453,https://gr.maharashtra.gov.in/Site/Upload/Government%20Resolutions/English/202209271223073933.pdf,3,1488247,GR_DATASET\pdfs\Marathi Language Department\202209271223073933.pdf,Downloaded,2026-07-27 21:49:41
Marathi Language Department,"To Celebrate 15th October, Birthday of former President late Dr. A.P.J. Abdul Kalam, as Reading Inspiration Day.",202209261701558333.......,26-09-2022,1407,https://gr.maharashtra.gov.in/Site/Upload/Government%20Resolutions/English/202209261701558333........pdf,0,0,GR_DATASET\pdfs\Marathi Language Department\202209261701558333........pdf,404 Client Error: Not Found for url: https://gr.maharashtra.gov.in/Site/Upload/Government%20Resolutions/English/202209261701558333........pdf,2026-07-27 21:49:42
Marathi Language Department,Continuation for the temporary posts in Directorate of Languages for the period from 01.09.2022 to 28.02.2023.,202209131520038233,15-09-2022,1467,https://gr.maharashtra.gov.in/Site/Upload/Government%20Resolutions/English/202209131520038233.pdf,3,1502715,GR_DATASET\pdfs\Marathi Language Department\202209131520038233.pdf,Downloaded,2026-07-27 21:49:43
Marathi Language Department,Continuation for the temporary posts in Maharashtra State Board for Literature and Culture for the period from 01.09.2022 to 28.02.2023.,202208251951460733,26-08-2022,1418,https://gr.maharashtra.gov.in/Site/Upload/Government%20Resolutions/English/202208251951460733.pdf,3,1451688,GR_DATASET\pdfs\Marathi Language Department\202208251951460733.pdf,Downloaded,2026-07-27 21:49:45
Marathi Language Department,Continuation for the temporary posts in Maharashtra State Marathi Vishwakosh Nirmiti Mandal for the period from 01.09.2022 to 28.02.2023.,202208261617189333,26-08-2022,1485,https://gr.maharashtra.gov.in/Site/Upload/Government%20Resolutions/English/202208261617189333.pdf,3,1520976,GR_DATASET\pdfs\Marathi Language Department\202208261617189333.pdf,Downloaded,2026-07-27 21:49:46
Marathi Language Department,"Final Seniority List of Assistant Director of Languages (Training and Establishment), Group-B (Gazetted) in the office of Directorate of Languages as on 01.01.2011 to 01.01.2022.",202208041240517133,04-08-2022,1474,https://gr.maharashtra.gov.in/Site/Upload/Government%20Resolutions/English/202208041240517133.pdf,5,1509035,GR_DATASET\pdfs\Marathi Language Department\202208041240517133.pdf,Downloaded,2026-07-27 21:49:47
Marathi Language Department,"Provisional Seniority List of Secretary, Group-A (Gazetted) in the office of Maharashtra State Board literature and culture as on 01.01.2019 to 01.01.2022.",202207261045053333,26-07-2022,1522,https://gr.maharashtra.gov.in/Site/Upload/Government%20Resolutions/English/202207261045053333.pdf,4,1558656,GR_DATASET\pdfs\Marathi Language Department\202207261045053333.pdf,Downloaded,2026-07-27 21:49:51
Marathi Language Department,"Provisional Seniority List of Assistant Director of Languages (Training and Establishment), Group-B (Gazetted) in the office of Directorate of Languages as on 01.01.2011 to 01.01.2022.",202207131138478333,13-07-2022,1555,https://gr.maharashtra.gov.in/Site/Upload/Government%20Resolutions/English/202207131138478333.pdf,7,1591857,GR_DATASET\pdfs\Marathi Language Department\202207131138478333.pdf,Downloaded,2026-07-27 21:49:52
Marathi Language Department,"Approval for additional charge of Secretary, Maharashtra State Vishwakosh Nirmiti Mandal.",202206301122583733,30-06-2022,1453,https://gr.maharashtra.gov.in/Site/Upload/Government%20Resolutions/English/202206301122583733.pdf,2,1487604,GR_DATASET\pdfs\Marathi Language Department\202206301122583733.pdf,Downloaded,2026-07-27 21:49:54
Marathi Language Department,"Regarding increase in the honorarium of the President, Maharashtra state Marathi Vishwakosh Nirmiti Mandal",202206291232386233,28-06-2022,207,https://gr.maharashtra.gov.in/Site/Upload/Government%20Resolutions/English/202206291232386233.pdf,2,212091,GR_DATASET\pdfs\Marathi Language Department\202206291232386233.pdf,Downloaded,2026-07-27 21:49:55
Marathi Language Department,Regarding the provision of funds for implementation of Marathi language promotion and dissemination activities at Revenue Divisions and district ievel.,202206241302116233,24-06-2022,227,https://gr.maharashtra.gov.in/Site/Upload/Government%20Resolutions/English/202206241302116233.pdf,4,232880,GR_DATASET\pdfs\Marathi Language Department\202206241302116233.pdf,Downloaded,2026-07-27 21:49:56
Marathi Language Department,Concerning the administrative recognition of the existing and expanded activities being implemented as a joint venture namely Activities for the promotion and dissemination of Marathi language.,202206241309473633,24-06-2022,426,https://gr.maharashtra.gov.in/Site/Upload/Government%20Resolutions/English/202206241309473633.pdf,17,435946,GR_DATASET\pdfs\Marathi Language Department\202206241309473633.pdf,Downloaded,2026-07-27 21:49:56
Marathi Language Department,"Appointment by Deputation to the post of Deputy Director in State Marathi Development Institute for 2 Years - Smt. A. J. Dhamal, Dy. Commissioner of Goods and Services Tax Office, Pune",202206221434474633,23-06-2022,1510,https://gr.maharashtra.gov.in/Site/Upload/Government%20Resolutions/English/202206221434474633.pdf,0,0,GR_DATASET\pdfs\Marathi Language Department\202206221434474633.pdf,404 Client Error: Not Found for url: https://gr.maharashtra.gov.in/Site/Upload/Government%20Resolutions/English/202206221434474633.pdf,2026-07-27 21:49:57
Marathi Language Department,Administrative Approval to Financial Aid for Marathi Language Culture and Development in Maharashtra-Karnataka Border Area.,202206141130286233,14-06-2022,1581,https://gr.maharashtra.gov.in/Site/Upload/Government%20Resolutions/English/202206141130286233.pdf,9,1619082,GR_DATASET\pdfs\Marathi Language Department\202206141130286233.pdf,Downloaded,2026-07-27 21:50:00
Marathi Language Department,To grant facilities to the president of Maharashtra state Marathi vishwakosh nirmiti mandal,202205301235301433,30-05-2022,205,https://gr.maharashtra.gov.in/Site/Upload/Government%20Resolutions/English/202205301235301433.pdf,2,210017,GR_DATASET\pdfs\Marathi Language Department\202205301235301433.pdf,Downloaded,2026-07-27 21:50:00
Marathi Language Department,To make collectively available the provisions for the use of Marathi Language in the Administrative Offices and Local Authorities.,202205064715138433....,09-05-2022,3000,https://gr.maharashtra.gov.in/Site/Upload/Government%20Resolutions/English/202205064715138433.....pdf,28,3072553,GR_DATASET\pdfs\Marathi Language Department\202205064715138433.....pdf,Downloaded,2026-07-27 21:50:02
Marathi Language Department,"Regarding formation of committee for construction of language museum under Marathi Bhasha Bhavan main Centre, Charni Road.",202204211539564733,21-04-2022,155,https://gr.maharashtra.gov.in/Site/Upload/Government%20Resolutions/English/202204211539564733.pdf,4,159221,GR_DATASET\pdfs\Marathi Language Department\202204211539564733.pdf,Downloaded,2026-07-27 21:50:02
Marathi Language Department,Final Seniority List of Peon Cadre (from 1.1.2021 to 31.012.2021 ) in Marathi Language Department datet 1.1.2022,202204061309115033,08-04-2022,1561,https://gr.maharashtra.gov.in/Site/Upload/Government%20Resolutions/English/202204061309115033.pdf,3,1597961,GR_DATASET\pdfs\Marathi Language Department\202204061309115033.pdf,Downloaded,2026-07-27 21:50:03
Marathi Language Department,Continuation for the temporary posts in Directorate of Languages for the period from 01.03.2022 to 31.08.2022 - Corrigendum.,202204061051596733,06-04-2022,1554,https://gr.maharashtra.gov.in/Site/Upload/Government%20Resolutions/English/202204061051596733.pdf,3,1591010,GR_DATASET\pdfs\Marathi Language Department\202204061051596733.pdf,Downloaded,2026-07-27 21:50:05
Marathi Language Department,To give administrative approval for the construction of Marathi Bhasha Bhavan Main Centre building.,202204061148481933,06-04-2022,1687,https://gr.maharashtra.gov.in/Site/Upload/Government%20Resolutions/English/202204061148481933.pdf,8,1727549,GR_DATASET\pdfs\Marathi Language Department\202204061148481933.pdf,Downloaded,2026-07-27 21:50:06
Marathi Language Department,Regarding cancellation of Mr. Madhav Rajgurus Membership in the Marathi Certification Confirmation Committee.,202204051502322733,05-04-2022,129,https://gr.maharashtra.gov.in/Site/Upload/Government%20Resolutions/English/202204051502322733.pdf,1,131679,GR_DATASET\pdfs\Marathi Language Department\202204051502322733.pdf,Downloaded,2026-07-27 21:50:06
Marathi Language Department,Pustakanche Gao Yojanavha Vistar expansion of the Village of Books scheme in Six Revenue Divisions.,202203251045213333,25-03-2022,163,https://gr.maharashtra.gov.in/Site/Upload/Government%20Resolutions/English/202203251045213333.pdf,3,166760,GR_DATASET\pdfs\Marathi Language Department\202203251045213333.pdf,Downloaded,2026-07-27 21:50:07
Marathi Language Department,Regarding Extension for 1 year from 13.02.2022 onwards for deputation to the post of Director in State Marathi Development Institute.,202203211451267833,21-03-2022,1553,https://gr.maharashtra.gov.in/Site/Upload/Government%20Resolutions/English/202203211451267833.pdf,2,1590446,GR_DATASET\pdfs\Marathi Language Department\202203211451267833.pdf,Downloaded,2026-07-27 21:50:08
Marathi Language Department,Continuation for the temporary posts in Directorate of Languages for the period from 01.03.2022 to 31.08.2022.,202203091506302433,09-03-2022,1566,https://gr.maharashtra.gov.in/Site/Upload/Government%20Resolutions/English/202203091506302433.pdf,3,1603264,GR_DATASET\pdfs\Marathi Language Department\202203091506302433.pdf,Downloaded,2026-07-27 21:50:10
Marathi Language Department,Continuation for the temporary posts in Maharashtra State Board for Literature and Culture for the period from 01.03.2022 to 31.08.2022.,202203091506405233,09-03-2022,1556,https://gr.maharashtra.gov.in/Site/Upload/Government%20Resolutions/English/202203091506405233.pdf,3,1593541,GR_DATASET\pdfs\Marathi Language Department\202203091506405233.pdf,Downloaded,2026-07-27 21:50:13
Marathi Language Department,Continuation for the temporary posts in Maharashtra State Marathi Vishwakosh Nirmiti Mandal for the period from 01.03.2022 to 31.08.2022.,202203091506494133,09-03-2022,1563,https://gr.maharashtra.gov.in/Site/Upload/Government%20Resolutions/English/202203091506494133.pdf,3,1600832,GR_DATASET\pdfs\Marathi Language Department\202203091506494133.pdf,Downloaded,2026-07-27 21:50:15
Marathi Language Department,To create International Marathi Forum for various activities being organized for the preservation and promotion of Marathi language at international level and to appoint a coordinator for it,202203071657025733,07-03-2022,1572,https://gr.maharashtra.gov.in/Site/Upload/Government%20Resolutions/English/202203071657025733.pdf,5,1609799,GR_DATASET\pdfs\Marathi Language Department\202203071657025733.pdf,Downloaded,2026-07-27 21:50:17
Marathi Language Department,Financial Assistance to Akhil Bhartiya Marathi Sahitya Sammelan Organised by Akhil Bhartiya Marathi Sahitya Mahamandal.,202203071704120233,07-03-2022,142,https://gr.maharashtra.gov.in/Site/Upload/Government%20Resolutions/English/202203071704120233.pdf,3,145128,GR_DATASET\pdfs\Marathi Language Department\202203071704120233.pdf,Downloaded,2026-07-27 21:50:17
Marathi Language Department,To continue the system of visiting editors.,202202211525526133,21-02-2022,143,https://gr.maharashtra.gov.in/Site/Upload/Government%20Resolutions/English/202202211525526133.pdf,3,146684,GR_DATASET\pdfs\Marathi Language Department\202202211525526133.pdf,Downloaded,2026-07-27 21:50:18
Marathi Language Department,"To celebrate 27th February, birth of Senior poet V.V.Shirwadkar alias Kusumagraj as Marathi Bhasha Gaurav Din.",202202161243299033,16-02-2022,1596,https://gr.maharashtra.gov.in/Site/Upload/Government%20Resolutions/English/202202161243299033.pdf,7,1634619,GR_DATASET\pdfs\Marathi Language Department\202202161243299033.pdf,Downloaded,2026-07-27 21:50:19
Marathi Language Department,"Establishment of State Marathi Language Committee According to the provisions of Maharashtra official Language (Amendment) Act, 2021.",202202161727505333,16-02-2022,1560,https://gr.maharashtra.gov.in/Site/Upload/Government%20Resolutions/English/202202161727505333.pdf,4,1597921,GR_DATASET\pdfs\Marathi Language Department\202202161727505333.pdf,Downloaded,2026-07-27 21:50:21
Marathi Language Department,Extension to the Marathi certification confirmation committee for reconsideration of Marathi language certification alphabetic,202202151734388433,15-02-2022,1703,https://gr.maharashtra.gov.in/Site/Upload/Government%20Resolutions/English/202202151734388433.pdf,2,1744332,GR_DATASET\pdfs\Marathi Language Department\202202151734388433.pdf,Downloaded,2026-07-27 21:50:22
Marathi Language Department,Declaration of Award for the Enrichment and Development of Marathi Language - 2021.,202202021653138433,02-02-2022,150,https://gr.maharashtra.gov.in/Site/Upload/Government%20Resolutions/English/202202021653138433.pdf,3,153320,GR_DATASET\pdfs\Marathi Language Department\202202021653138433.pdf,Downloaded,2026-07-27 21:50:23
Marathi Language Department,Declaration of Vinda Karandikar Jeevan Gaurav Puraskar 2021 and Shri P.Bhagwat Puraskar 2021.,202202021658180133,02-02-2022,147,https://gr.maharashtra.gov.in/Site/Upload/Government%20Resolutions/English/202202021658180133.pdf,2,150953,GR_DATASET\pdfs\Marathi Language Department\202202021658180133.pdf,Downloaded,2026-07-27 21:50:23
Marathi Language Department,Declaration of Late Yashwantrao Chavhan State Literature Awards 2020.,202202021702317233,02-02-2022,421,https://gr.maharashtra.gov.in/Site/Upload/Government%20Resolutions/English/202202021702317233.pdf,5,431361,GR_DATASET\pdfs\Marathi Language Department\202202021702317233.pdf,Downloaded,2026-07-27 21:50:24
Marathi Language Department,Pushkache Gav Expansion,202201051042584033,04-01-2022,1725,https://gr.maharashtra.gov.in/Site/Upload/Government%20Resolutions/English/202201051042584033.pdf,7,1766087,GR_DATASET\pdfs\Marathi Language Department\202201051042584033.pdf,Downloaded,2026-07-27 21:50:25
Marathi Language Department,To arrange various programmes in Marathi Bhasha Savardhan Pandharwada.,202201031308353333,03-01-2022,1524,https://gr.maharashtra.gov.in/Site/Upload/Government%20Resolutions/English/202201031308353333.pdf,3,1560541,GR_DATASET\pdfs\Marathi Language Department\202201031308353333.pdf,Downloaded,2026-07-27 21:50:26
Marathi Language Department,Reformation of Language Advisory Committee.,202112301227259433...,30-12-2021,1343,https://gr.maharashtra.gov.in/Site/Upload/Government%20Resolutions/English/202112301227259433....pdf,4,1375527,GR_DATASET\pdfs\Marathi Language Department\202112301227259433....pdf,Downloaded,2026-07-27 21:50:28
Marathi Language Department,To arrange various programs during Marathi Language Fortnight.,202112221641037433,22-12-2021,350,https://gr.maharashtra.gov.in/Site/Upload/Government%20Resolutions/English/202112221641037433.pdf,6,358611,GR_DATASET\pdfs\Marathi Language Department\202112221641037433.pdf,Downloaded,2026-07-27 21:50:28
Marathi Language Department,"State Marathi Development Institute, Mumbai Payment of Arrears against 7th Pay Commission for the period of 01.01.2016 to 31.12.2018 to the employees of the Institution.",202111171251398833,17-11-2021,1295,https://gr.maharashtra.gov.in/Site/Upload/Government%20Resolutions/English/202111171251398833.pdf,5,1325857,GR_DATASET\pdfs\Marathi Language Department\202111171251398833.pdf,Downloaded,2026-07-27 21:50:29
Marathi Language Department,"Regarding the establishment of Marathi Certification Confirmation Committee for reconsideration of Marathi Language Certification, Alphabet etc.",202111151445581633,15-11-2021,1192,https://gr.maharashtra.gov.in/Site/Upload/Government%20Resolutions/English/202111151445581633.pdf,2,1220866,GR_DATASET\pdfs\Marathi Language Department\202111151445581633.pdf,Downloaded,2026-07-27 21:50:30
Marathi Language Department,Regarding appointment of Non- Official Members on the Regulatory Board of Rajya Marathi Vikas Sanstha.,202111021125200633,03-11-2021,1265,https://gr.maharashtra.gov.in/Site/Upload/Government%20Resolutions/English/202111021125200633.pdf,4,1295760,GR_DATASET\pdfs\Marathi Language Department\202111021125200633.pdf,Downloaded,2026-07-27 21:50:32
Marathi Language Department,To fix Revised Diagram of Directorate of Languages,202110291107520233,29-10-2021,1256,https://gr.maharashtra.gov.in/Site/Upload/Government%20Resolutions/English/202110291107520233.pdf,5,1285857,GR_DATASET\pdfs\Marathi Language Department\202110291107520233.pdf,Downloaded,2026-07-27 21:50:33
Marathi Language Department,Cancellation of the circular Dated 06.07.2021,202110291518000233,29-10-2021,1298,https://gr.maharashtra.gov.in/Site/Upload/Government%20Resolutions/English/202110291518000233.pdf,2,1328772,GR_DATASET\pdfs\Marathi Language Department\202110291518000233.pdf,Downloaded,2026-07-27 21:50:35
Marathi Language Department,"Regarding giving family pension and other consequential benefits to the family of Late Prakash Parshuram Jadhav, Zaduwala-Hamal, Marathi Encyclopedia Office, Vai, Dist-Satara,",202110041538419633,04-10-2021,1193,https://gr.maharashtra.gov.in/Site/Upload/Government%20Resolutions/English/202110041538419633.pdf,3,1222103,GR_DATASET\pdfs\Marathi Language Department\202110041538419633.pdf,Downloaded,2026-07-27 21:50:36
Marathi Language Department,"Regarding the establishment of Marathi Certification Confirmation Committee for reconsideration of Marathi Language Certification, Alphabet etc.",202109291644545433,29-09-2021,146,https://gr.maharashtra.gov.in/Site/Upload/Government%20Resolutions/English/202109291644545433.pdf,3,149912,GR_DATASET\pdfs\Marathi Language Department\202109291644545433.pdf,Downloaded,2026-07-27 21:50:37
Marathi Language Department,Reconstruction of Adhoc Board for Marathi Language Exam.,202109291651377233,29-09-2021,138,https://gr.maharashtra.gov.in/Site/Upload/Government%20Resolutions/English/202109291651377233.pdf,2,141279,GR_DATASET\pdfs\Marathi Language Department\202109291651377233.pdf,Downloaded,2026-07-27 21:50:37
Marathi Language Department,To give permanent extension for Ad-hoc Board.,202109201236039933,20-09-2021,1155,https://gr.maharashtra.gov.in/Site/Upload/Government%20Resolutions/English/202109201236039933.pdf,3,1183149,GR_DATASET\pdfs\Marathi Language Department\202109201236039933.pdf,Downloaded,2026-07-27 21:50:39
Marathi Language Department,"To Celebrate 15th October, Birthday of former President late Dr. A.P.J. Abdul Kalam, as Reading Inspiration Day.",202109161536505433,16-09-2021,178,https://gr.maharashtra.gov.in/Site/Upload/Government%20Resolutions/English/202109161536505433.pdf,4,182393,GR_DATASET\pdfs\Marathi Language Department\202109161536505433.pdf,Downloaded,2026-07-27 21:50:39
Marathi Language Department,Continuation for the temporary posts in Maharashtra State Board for Literature and Culture for the period from 01.09.2021 to 28.02.2022. (Corrigendum),202109131459569233,13-09-2021,1459,https://gr.maharashtra.gov.in/Site/Upload/Government%20Resolutions/English/202109131459569233.pdf,2,1493630,GR_DATASET\pdfs\Marathi Language Department\202109131459569233.pdf,Downloaded,2026-07-27 21:50:41
Marathi Language Department,Continuation for the temporary posts in Directorate of Languages for the period from 01.09.2021 to 28.02.2022. (Corrigendum),202109131459592133,13-09-2021,1136,https://gr.maharashtra.gov.in/Site/Upload/Government%20Resolutions/English/202109131459592133.pdf,2,1163501,GR_DATASET\pdfs\Marathi Language Department\202109131459592133.pdf,Downloaded,2026-07-27 21:50:41
Marathi Language Department,Reconstruction of Adhoc Board for Hindi Language Exam,202109091453003533,09-09-2021,1113,https://gr.maharashtra.gov.in/Site/Upload/Government%20Resolutions/English/202109091453003533.pdf,2,1139845,GR_DATASET\pdfs\Marathi Language Department\202109091453003533.pdf,Downloaded,2026-07-27 21:50:43
Marathi Language Department,"Final Seniority List of Secretary, Group-A in the office of State Board of Production in Marathi Vishwakosh as on 01.01.2011 to 01.01.2021.",202109081154488733,08-09-2021,1163,https://gr.maharashtra.gov.in/Site/Upload/Government%20Resolutions/English/202109081154488733.pdf,5,1190864,GR_DATASET\pdfs\Marathi Language Department\202109081154488733.pdf,Downloaded,2026-07-27 21:50:44
Marathi Language Department,"Final Seniority List of Assistant Secretary, Group-B (Gazetted) in the office of State Board of Production in Marathi Vishwakosh during 01.01.2011 to 01.01.2021.",202109081154357533,08-09-2021,1161,https://gr.maharashtra.gov.in/Site/Upload/Government%20Resolutions/English/202109081154357533.pdf,5,1189009,GR_DATASET\pdfs\Marathi Language Department\202109081154357533.pdf,Downloaded,2026-07-27 21:50:45
Marathi Language Department,"Regarding authorization of the Director, Rajya Marathi Vikas Sanstha, Mumbai as the Coordinating Officer for the construction of the building Marathi Bhasha Bhavan Sub-Center at Airoli, Navi Mumbai.",202109061609081333,06-09-2021,1446,https://gr.maharashtra.gov.in/Site/Upload/Government%20Resolutions/English/202109061609081333.pdf,3,1480720,GR_DATASET\pdfs\Marathi Language Department\202109061609081333.pdf,Downloaded,2026-07-27 21:50:46
Marathi Language Department,Continuation for the temporary posts in Maharashtra State Marathi Vishwakosh Nirmiti Mandal for the period from 01.09.2021 to 28.02.2022.,202109021304098733,02-09-2021,1121,https://gr.maharashtra.gov.in/Site/Upload/Government%20Resolutions/English/202109021304098733.pdf,3,1147776,GR_DATASET\pdfs\Marathi Language Department\202109021304098733.pdf,Downloaded,2026-07-27 21:50:47
Marathi Language Department,Continuation for the temporary posts in Maharashtra State Board for Literature and Culture for the period from 01.09.2021 to 28.02.2022.,202109021304188133,02-09-2021,1113,https://gr.maharashtra.gov.in/Site/Upload/Government%20Resolutions/English/202109021304188133.pdf,3,1140032,GR_DATASET\pdfs\Marathi Language Department\202109021304188133.pdf,Downloaded,2026-07-27 21:50:48
Marathi Language Department,Continuation for the temporary posts in Directorate of Languages for the period from 01.09.2021 to 28.02.2022.,202109021303556333,02-09-2021,1122,https://gr.maharashtra.gov.in/Site/Upload/Government%20Resolutions/English/202109021303556333.pdf,3,1149344,GR_DATASET\pdfs\Marathi Language Department\202109021303556333.pdf,Downloaded,2026-07-27 21:50:50
Marathi Language Department,"Continuation of Additional Charge for the post of Assistant Director of Languages (Training and Establishment), Directorate of Languages, Mumbai from 01.03.2021.",202108270958567133,27-08-2021,147,https://gr.maharashtra.gov.in/Site/Upload/Government%20Resolutions/English/202108270958567133.pdf,2,150953,GR_DATASET\pdfs\Marathi Language Department\202108270958567133.pdf,Downloaded,2026-07-27 21:50:50
Marathi Language Department,"Provisional Seniority List of Secretary, Group-A in the office of State Board of Production in Marathi Vishwakosh as on 01.01.2011 to 01.01.2021.",202108111157585733,11-08-2021,201,https://gr.maharashtra.gov.in/Site/Upload/Government%20Resolutions/English/202108111157585733.pdf,6,205348,GR_DATASET\pdfs\Marathi Language Department\202108111157585733.pdf,Downloaded,2026-07-27 21:50:51
Marathi Language Department,Getting publicity at Government level to mobile app of Shasan Shabdkosh Bhag-1.,202108101509227733,10-08-2021,332,https://gr.maharashtra.gov.in/Site/Upload/Government%20Resolutions/English/202108101509227733.pdf,3,339836,GR_DATASET\pdfs\Marathi Language Department\202108101509227733.pdf,Downloaded,2026-07-27 21:50:51
Marathi Language Department,"Provisional Seniority List of Assistant Secretary, Group-B in the office of State Board of Production in Marathi Vishwakosh during 01.01.2011 to 01.01.2021.",202108031436158433,03-08-2021,200,https://gr.maharashtra.gov.in/Site/Upload/Government%20Resolutions/English/202108031436158433.pdf,6,204883,GR_DATASET\pdfs\Marathi Language Department\202108031436158433.pdf,Downloaded,2026-07-27 21:50:52
Marathi Language Department,Shatabdi Year of Prabodhan pakshik.,202108031555476233,03-08-2021,518,https://gr.maharashtra.gov.in/Site/Upload/Government%20Resolutions/English/202108031555476233.pdf,3,530767,GR_DATASET\pdfs\Marathi Language Department\202108031555476233.pdf,Downloaded,2026-07-27 21:50:53
Marathi Language Department,"Approval for additional charge of Secratary, Maharashtra State Vishwakosh Nirmiti Mandal.",202108021244473733,02-08-2021,150,https://gr.maharashtra.gov.in/Site/Upload/Government%20Resolutions/English/202108021244473733.pdf,2,153258,GR_DATASET\pdfs\Marathi Language Department\202108021244473733.pdf,Downloaded,2026-07-27 21:50:54
Marathi Language Department,"Entrusting the Additional Charge of Regional Assistant Director of Languages, Regional Office, New Mumbai from 27.05.2021 for six months.",202107301325016333,30-07-2021,148,https://gr.maharashtra.gov.in/Site/Upload/Government%20Resolutions/English/202107301325016333.pdf,2,151124,GR_DATASET\pdfs\Marathi Language Department\202107301325016333.pdf,Downloaded,2026-07-27 21:50:54
Marathi Language Department,"Continuation of Additional Charge beyond 27.05.2021 for the post of Assistant Director of Languages (Translation and Terminology) Director of Languages, Mumbai.",202107301226047033,30-07-2021,147,https://gr.maharashtra.gov.in/Site/Upload/Government%20Resolutions/English/202107301226047033.pdf,2,150567,GR_DATASET\pdfs\Marathi Language Department\202107301226047033.pdf,Downloaded,2026-07-27 21:50:55
Marathi Language Department,Regarding consolidation of two contract assistant posts sanctioned for administrative work of Dnyana Mandal in Maharashtra State Marathi Vishwakosh Nirmiti Mandal and their conversion into one computer officer post.,202107281552298733,28-07-2021,210,https://gr.maharashtra.gov.in/Site/Upload/Government%20Resolutions/English/202107281552298733.pdf,3,215392,GR_DATASET\pdfs\Marathi Language Department\202107281552298733.pdf,Downloaded,2026-07-27 21:50:56
Marathi Language Department,Reformation of Marathi Vishwakosh Nirmiti Mandal.,202107081533576633,08-07-2021,1163,https://gr.maharashtra.gov.in/Site/Upload/Government%20Resolutions/English/202107081533576633.pdf,2,1190878,GR_DATASET\pdfs\Marathi Language Department\202107081533576633.pdf,Downloaded,2026-07-27 21:50:57
Marathi Language Department,"Final Seniority List of Assistant Secretary, Group-B in the office of State Board of Production in Marathi Vishwakosh during 1.1.2001 to 1.1.2010.",202107051443238633,05-07-2021,97,https://gr.maharashtra.gov.in/Site/Upload/Government%20Resolutions/English/202107051443238633.pdf,3,99652,GR_DATASET\pdfs\Marathi Language Department\202107051443238633.pdf,Downloaded,2026-07-27 21:50:57
Marathi Language Department,Continuation of Additional Charge for Director of Languages beyond 01.04.2021.,202107021222353233,02-07-2021,91,https://gr.maharashtra.gov.in/Site/Upload/Government%20Resolutions/English/202107021222353233.pdf,2,92857,GR_DATASET\pdfs\Marathi Language Department\202107021222353233.pdf,Downloaded,2026-07-27 21:50:58
Marathi Language Department,"Promotion Order for the post of Assistant Director of Languages (Training and Establishment), Group-B in the office of Directorate of Languages.",202106161122368233,16-06-2021,104,https://gr.maharashtra.gov.in/Site/Upload/Government%20Resolutions/English/202106161122368233.pdf,2,106049,GR_DATASET\pdfs\Marathi Language Department\202106161122368233.pdf,Downloaded,2026-07-27 21:50:59
Marathi Language Department,"Reorganisation of the Committee for reviewing the eligibility to continue in Government service after completion of 50/55 years of age or that of 30 years of qualifying service of Group B (Non Gazetted), Group C and Group D employees in Maharashtra State Board of Literature and Culture.",202106011241301633,01-06-2021,380,https://gr.maharashtra.gov.in/Site/Upload/Government%20Resolutions/English/202106011241301633.pdf,2,389498,GR_DATASET\pdfs\Marathi Language Department\202106011241301633.pdf,Downloaded,2026-07-27 21:50:59
Marathi Language Department,Simplification of Shasan Vyavhar Kosh,202105271648133233,31-05-2021,662,https://gr.maharashtra.gov.in/Site/Upload/Government%20Resolutions/English/202105271648133233.pdf,3,677395,GR_DATASET\pdfs\Marathi Language Department\202105271648133233.pdf,Downloaded,2026-07-27 21:51:00
Marathi Language Department,Reorganisation of Pay-Scale of Dy. Director and Senior Research Assistant in Rajya Marathi Vikas Sanstha,202105311124082533,31-05-2021,184,https://gr.maharashtra.gov.in/Site/Upload/Government%20Resolutions/English/202105311124082533.pdf,2,188749,GR_DATASET\pdfs\Marathi Language Department\202105311124082533.pdf,Downloaded,2026-07-27 21:51:01
Marathi Language Department,Reformation of Marathi Vishwakosh Nirmiti Mandal.,202105271503243033,27-05-2021,213,https://gr.maharashtra.gov.in/Site/Upload/Government%20Resolutions/English/202105271503243033.pdf,3,218404,GR_DATASET\pdfs\Marathi Language Department\202105271503243033.pdf,Downloaded,2026-07-27 21:51:02
Marathi Language Department,Reconstruction of Maharashtra State Board of Literature and Culture.,202105241115474433,27-05-2021,176,https://gr.maharashtra.gov.in/Site/Upload/Government%20Resolutions/English/202105241115474433.pdf,3,180700,GR_DATASET\pdfs\Marathi Language Department\202105241115474433.pdf,Downloaded,2026-07-27 21:51:02
Marathi Language Department,"Regarding approval of new head of account for the Pustakanche Gaon state scheme through State Marathi Vikas Sanstha, Mumbai.",202105191106306733,19-05-2021,795,https://gr.maharashtra.gov.in/Site/Upload/Government%20Resolutions/English/202105191106306733.pdf,2,814209,GR_DATASET\pdfs\Marathi Language Department\202105191106306733.pdf,Downloaded,2026-07-27 21:51:03
Marathi Language Department,"To give new administrative approval to built Marathi Bhasha Bhavan Sub-Center at Airoli, Navi Mumbai for various Programmes/Projects under Marathi Language Department.",202105031208071933,03-05-2021,2078,https://gr.maharashtra.gov.in/Site/Upload/Government%20Resolutions/English/202105031208071933.pdf,7,2127997,GR_DATASET\pdfs\Marathi Language Department\202105031208071933.pdf,Downloaded,2026-07-27 21:51:05
Marathi Language Department,To establish private translators panel to translate English documents into Marathi language and vice versa,202103221835086133,22-03-2021,653,https://gr.maharashtra.gov.in/Site/Upload/Government%20Resolutions/English/202103221835086133.pdf,6,669160,GR_DATASET\pdfs\Marathi Language Department\202103221835086133.pdf,Downloaded,2026-07-27 21:51:06
Marathi Language Department,Over 50-55 years of age / eligible Regarding reviewing the services of government officers / employees after 30 years of service.,202103171739290733,18-03-2021,133,https://gr.maharashtra.gov.in/Site/Upload/Government%20Resolutions/English/202103171739290733.pdf,2,136447,GR_DATASET\pdfs\Marathi Language Department\202103171739290733.pdf,Downloaded,2026-07-27 21:51:06
Marathi Language Department,Continuation for the temporary posts in Maharashtra State Board for Literature and Culture for the period from 01.03.2021 to 31.08.2021.,202103181509568833,18-03-2021,138,https://gr.maharashtra.gov.in/Site/Upload/Government%20Resolutions/English/202103181509568833.pdf,3,141164,GR_DATASET\pdfs\Marathi Language Department\202103181509568833.pdf,Downloaded,2026-07-27 21:51:07
Marathi Language Department,Provisional Seniority List for the Officers in the cadre of Deputy Director of Languages (Translation and Terminology) in the Directorate of Languages for 01.01.2019 to 01.01.2021.,202103081706369333,09-03-2021,232,https://gr.maharashtra.gov.in/Site/Upload/Government%20Resolutions/English/202103081706369333.pdf,5,237488,GR_DATASET\pdfs\Marathi Language Department\202103081706369333.pdf,Downloaded,2026-07-27 21:51:08
Marathi Language Department,Provisional Seniority List for the Officers in the cadre of Deputy Director of Languages (Legal) in the Directorate of Languages for 01.01.2019 to 01.01.2021.,202103081706534133,09-03-2021,237,https://gr.maharashtra.gov.in/Site/Upload/Government%20Resolutions/English/202103081706534133.pdf,6,243158,GR_DATASET\pdfs\Marathi Language Department\202103081706534133.pdf,Downloaded,2026-07-27 21:51:09
Marathi Language Department,Continuation for the temporary posts in Maharashtra State Marathi Vishwakosh Nirmiti Mandal for the period from 01.03.2021 to 31.08.2021.,202103081253110333,08-03-2021,471,https://gr.maharashtra.gov.in/Site/Upload/Government%20Resolutions/English/202103081253110333.pdf,3,482419,GR_DATASET\pdfs\Marathi Language Department\202103081253110333.pdf,Downloaded,2026-07-27 21:51:09
Marathi Language Department,Continuation for the temporary posts in Directorate of Languages for the period from 01.03.2021 to 31.08.2021.,202103081252542033,08-03-2021,160,https://gr.maharashtra.gov.in/Site/Upload/Government%20Resolutions/English/202103081252542033.pdf,3,163811,GR_DATASET\pdfs\Marathi Language Department\202103081252542033.pdf,Downloaded,2026-07-27 21:51:10
Marathi Language Department,"Reorganisation of the Committee for reviewing the eligibility to continue in Government service after completion of 50/55 years of age or that of 30 years of qualifying service of Group B (Non Gazetted), Group C and Group D employees in Maharashtra State Marathi Vishwakosh Nirmiti Mandal",202103041537534033,04-03-2021,144,https://gr.maharashtra.gov.in/Site/Upload/Government%20Resolutions/English/202103041537534033.pdf,2,147089,GR_DATASET\pdfs\Marathi Language Department\202103041537534033.pdf,Downloaded,2026-07-27 21:51:11
Marathi Language Department,Upgrading of one post of Steno Typist cadre in Directorate of Languages to Lower Grade Stenographer.,202103021444238033,02-03-2021,213,https://gr.maharashtra.gov.in/Site/Upload/Government%20Resolutions/English/202103021444238033.pdf,2,217885,GR_DATASET\pdfs\Marathi Language Department\202103021444238033.pdf,Downloaded,2026-07-27 21:51:11
Marathi Language Department,Pronunciation of Award for the Enrichment and Development of Marathi Language.,202102221512250633,26-02-2021,166,https://gr.maharashtra.gov.in/Site/Upload/Government%20Resolutions/English/202102221512250633.pdf,2,169644,GR_DATASET\pdfs\Marathi Language Department\202102221512250633.pdf,Downloaded,2026-07-27 21:51:12
Marathi Language Department,To declare Award for the Enrichment and Development of Marathi Language - 2020.,202102261328344433,26-02-2021,423,https://gr.maharashtra.gov.in/Site/Upload/Government%20Resolutions/English/202102261328344433.pdf,2,433464,GR_DATASET\pdfs\Marathi Language Department\202102261328344433.pdf,Downloaded,2026-07-27 21:51:13
Marathi Language Department,"Identifying the posts for the person with disability in Group-A to Group-D in the Allied offices under the purview of Marathi Language Department in accordance with The Right to Person with disability Act, 2016.",202102231649429533,23-02-2021,320,https://gr.maharashtra.gov.in/Site/Upload/Government%20Resolutions/English/202102231649429533.pdf,22,327670,GR_DATASET\pdfs\Marathi Language Department\202102231649429533.pdf,Downloaded,2026-07-27 21:51:14
Marathi Language Department,"As per the Rights of Persons with Disabilities Act 2016, for ensuring posts in the government service for persons with disabilities for the posts of Group-D in the establishment of the Marathi Language Department, Mantralaya, Mumbai",202102171113557533,17-02-2021,303,https://gr.maharashtra.gov.in/Site/Upload/Government%20Resolutions/English/202102171113557533.pdf,3,310388,GR_DATASET\pdfs\Marathi Language Department\202102171113557533.pdf,Downloaded,2026-07-27 21:51:14
Marathi Language Department,"To celebrate 27th February, birthday of Senior poet V.V. Shirwadkar Alias Kusumagraj as Marathi Bhasha Gaurav Din.",202102101131545933,11-02-2021,521,https://gr.maharashtra.gov.in/Site/Upload/Government%20Resolutions/English/202102101131545933.pdf,6,533916,GR_DATASET\pdfs\Marathi Language Department\202102101131545933.pdf,Downloaded,2026-07-27 21:51:15
Marathi Language Department,To declare Vinda Karandikar Jeevan Gaurav Puraskar 2020 and Shri P.Bhagwat Puraskar 2020.,202102111159169933,11-02-2021,474,https://gr.maharashtra.gov.in/Site/Upload/Government%20Resolutions/English/202102111159169933.pdf,2,485689,GR_DATASET\pdfs\Marathi Language Department\202102111159169933.pdf,Downloaded,2026-07-27 21:51:16
Marathi Language Department,Extension to the committee formed for improvement in Maharashtra Rajbhasha Adhiniyam 1964.,202102031638568233,03-02-2021,2090,https://gr.maharashtra.gov.in/Site/Upload/Government%20Resolutions/English/202102031638568233.pdf,2,2140597,GR_DATASET\pdfs\Marathi Language Department\202102031638568233.pdf,Downloaded,2026-07-27 21:51:17
Marathi Language Department,"Entrusting the Additional Charge of Regional Assistant Director of Languages, Regional Office, New Mumbai from 27.05.2020 for one year.",202101291657440833,29-01-2021,115,https://gr.maharashtra.gov.in/Site/Upload/Government%20Resolutions/English/202101291657440833.pdf,2,117938,GR_DATASET\pdfs\Marathi Language Department\202101291657440833.pdf,Downloaded,2026-07-27 21:51:18
Marathi Language Department,Declaration of Late Yashwantrao Chavhan State Literature Awards 2019.,202101281230200733,28-01-2021,589,https://gr.maharashtra.gov.in/Site/Upload/Government%20Resolutions/English/202101281230200733.pdf,7,603413,GR_DATASET\pdfs\Marathi Language Department\202101281230200733.pdf,Downloaded,2026-07-27 21:51:19
Marathi Language Department,Upgradation of Deputy Secretary to the posts of joint Secretary,202101271455449733,27-01-2021,192,https://gr.maharashtra.gov.in/Site/Upload/Government%20Resolutions/English/202101271455449733.pdf,2,196592,GR_DATASET\pdfs\Marathi Language Department\202101271455449733.pdf,Downloaded,2026-07-27 21:51:20
Marathi Language Department,"To grant administrative approval for the estimate of Civil work to design a cabin for Secretary, Marathi Language Department at 9th Floor, New Administrative Building.",202101201140354733,20-01-2021,139,https://gr.maharashtra.gov.in/Site/Upload/Government%20Resolutions/English/202101201140354733.pdf,2,142475,GR_DATASET\pdfs\Marathi Language Department\202101201140354733.pdf,Downloaded,2026-07-27 21:51:21
Marathi Language Department,Continuation of Additional Charge for Director of Languages beyond 01.04.2019.,202101181123094433,18-01-2021,116,https://gr.maharashtra.gov.in/Site/Upload/Government%20Resolutions/English/202101181123094433.pdf,2,118318,GR_DATASET\pdfs\Marathi Language Department\202101181123094433.pdf,Downloaded,2026-07-27 21:51:22
Marathi Language Department,"Continuation of Additional Charge beyond 01.11.2020 for the post of Assistant Director of Languages (Translation and Terminology) Director of Languages, Mumbai",202101141227049133,14-01-2021,104,https://gr.maharashtra.gov.in/Site/Upload/Government%20Resolutions/English/202101141227049133.pdf,2,106604,GR_DATASET\pdfs\Marathi Language Department\202101141227049133.pdf,Downloaded,2026-07-27 21:51:23
Marathi Language Department,"Continuation of Additional Charge beyond 27.11.2019 for the post of Assistant Director of Languages (Translation and Terminology) Director of Languages, Mumbai",202101131225097933,13-01-2021,101,https://gr.maharashtra.gov.in/Site/Upload/Government%20Resolutions/English/202101131225097933.pdf,2,103227,GR_DATASET\pdfs\Marathi Language Department\202101131225097933.pdf,Downloaded,2026-07-27 21:51:24
Marathi Language Department,To arrange various programme in Marathi Language Fortnight.,202101011630052733...,01-01-2021,327,https://gr.maharashtra.gov.in/Site/Upload/Government%20Resolutions/English/202101011630052733....pdf,4,335084,GR_DATASET\pdfs\Marathi Language Department\202101011630052733....pdf,Downloaded,2026-07-27 21:51:24
Marathi Language Department,"Reconstitution of Selection Committee to fill the nomination quota for posts in cadres Gr.-B (Non-Gaz.), Gr.-C and Gr.-D which are outside the purview of Maharashtra Public Service Commission in Maharashtra State Marathi Vishwakosh Nirmiti Mandal, Mumbai",202012241657007133,24-12-2020,106,https://gr.maharashtra.gov.in/Site/Upload/Government%20Resolutions/English/202012241657007133.pdf,3,108338,GR_DATASET\pdfs\Marathi Language Department\202012241657007133.pdf,Downloaded,2026-07-27 21:51:25
Marathi Language Department,To arrange various programs during Marathi Language fortnight.,202012221540355033..,22-12-2020,171,https://gr.maharashtra.gov.in/Site/Upload/Government%20Resolutions/English/202012221540355033...pdf,6,175564,GR_DATASET\pdfs\Marathi Language Department\202012221540355033...pdf,Downloaded,2026-07-27 21:51:26
Marathi Language Department,"Concerning the inclusion of persons with disabilities in various schemes / activities in accordance with the provisions of the Rights of Persons with Disabilities Act, 2016",202012181704060333,21-12-2020,125,https://gr.maharashtra.gov.in/Site/Upload/Government%20Resolutions/English/202012181704060333.pdf,4,128080,GR_DATASET\pdfs\Marathi Language Department\202012181704060333.pdf,Downloaded,2026-07-27 21:51:27
Marathi Language Department,"Regarding Deemed Date - Smt. Manaswita A. Sonawane, Superitendent",202012211507056533,21-12-2020,134,https://gr.maharashtra.gov.in/Site/Upload/Government%20Resolutions/English/202012211507056533.pdf,4,137472,GR_DATASET\pdfs\Marathi Language Department\202012211507056533.pdf,Downloaded,2026-07-27 21:51:27
Marathi Language Department,"Termination of Probation period in Government Service - Dr. Shamkant B. Deore, Asstt. Secretary, Maharashtra State Marathi Vishwakosh Nirmiti Mandal.",202012171529135233..,17-12-2020,147,https://gr.maharashtra.gov.in/Site/Upload/Government%20Resolutions/English/202012171529135233...pdf,2,150955,GR_DATASET\pdfs\Marathi Language Department\202012171529135233...pdf,Downloaded,2026-07-27 21:51:28
Marathi Language Department,"Entrusting the Additional Charge of Regional Assistant Director of Languages, Regional Office, Pune from 03.11.2020 for one year.",202012151313301433,15-12-2020,98,https://gr.maharashtra.gov.in/Site/Upload/Government%20Resolutions/English/202012151313301433.pdf,2,100253,GR_DATASET\pdfs\Marathi Language Department\202012151313301433.pdf,Downloaded,2026-07-27 21:51:29
Marathi Language Department,"Regarding Creation of one Supernumerary post in Assistant Section Officer (Group-B) Non-Gazetted Cadre on the establishment of Marathi Language Department for Mr. S. K. Phatak, Assistant Section Officer.",202012081104465833...,08-12-2020,2275,https://gr.maharashtra.gov.in/Site/Upload/Government%20Resolutions/English/202012081104465833....pdf,3,2330512,GR_DATASET\pdfs\Marathi Language Department\202012081104465833....pdf,Downloaded,2026-07-27 21:51:30
Marathi Language Department,"To grant administrative approval for the estimate of electric work to design a cabin for Secretary, Marathi Language Department at 9th Floor, New Administrative Building.",202011121611413233...,12-11-2020,145,https://gr.maharashtra.gov.in/Site/Upload/Government%20Resolutions/English/202011121611413233....pdf,2,149086,GR_DATASET\pdfs\Marathi Language Department\202011121611413233....pdf,Downloaded,2026-07-27 21:51:32
Marathi Language Department,"Guidelines for Collectors regarding use of Marathi Language in Central Government offices, Banks, Insurance Companies etc. as per the Tri-Language formula.",202011061653196633....,06-11-2020,251,https://gr.maharashtra.gov.in/Site/Upload/Government%20Resolutions/English/202011061653196633.....pdf,7,257995,GR_DATASET\pdfs\Marathi Language Department\202011061653196633.....pdf,Downloaded,2026-07-27 21:51:33
Marathi Language Department,Extension to the committee formed for improvement in Maharashtra Rajbhasha Adhiniyam 1964.,202010191602290433,19-10-2020,2369,https://gr.maharashtra.gov.in/Site/Upload/Government%20Resolutions/English/202010191602290433.pdf,2,2426256,GR_DATASET\pdfs\Marathi Language Department\202010191602290433.pdf,Downloaded,2026-07-27 21:51:35
Marathi Language Department,Vinda Karandikar Jivan Gaurav Puaskar and Shri. Pu. Bhagwat Puraskar Selection Committee - Revised Government Resolution.,202010161433371133,16-10-2020,262,https://gr.maharashtra.gov.in/Site/Upload/Government%20Resolutions/English/202010161433371133.pdf,3,267978,GR_DATASET\pdfs\Marathi Language Department\202010161433371133.pdf,Downloaded,2026-07-27 21:51:36
Marathi Language Department,Formation of suspension review committee at Administrative (Departmental) level for periodical review of suspended group-A and group-B officers in Marathi Language Department.,202010011435310133,01-10-2020,504,https://gr.maharashtra.gov.in/Site/Upload/Government%20Resolutions/English/202010011435310133.pdf,2,515650,GR_DATASET\pdfs\Marathi Language Department\202010011435310133.pdf,Downloaded,2026-07-27 21:51:37
Marathi Language Department,"Continuation of Additional Charge for the post of Assistant Director of Languages (Training and Establishment), Directorate of Languages, Mumbai from 01.03.2020.",202009291235575833,29-09-2020,530,https://gr.maharashtra.gov.in/Site/Upload/Government%20Resolutions/English/202009291235575833.pdf,2,542441,GR_DATASET\pdfs\Marathi Language Department\202009291235575833.pdf,Downloaded,2026-07-27 21:51:38
Marathi Language Department,To Celebrate Marathi Bhasha Sanwardhan Pandharwada from 14 st January to 29 th January.,202009181516239233,18-09-2020,3228,https://gr.maharashtra.gov.in/Site/Upload/Government%20Resolutions/English/202009181516239233.pdf,4,3305099,GR_DATASET\pdfs\Marathi Language Department\202009181516239233.pdf,Downloaded,2026-07-27 21:51:40
Marathi Language Department,"To celebrate 15th October, Birthday of Former President Late Dr. A. P. J. Abdul Kalam, as Reading Inspiration Day.",202009141401011033,14-09-2020,260,https://gr.maharashtra.gov.in/Site/Upload/Government%20Resolutions/English/202009141401011033.pdf,3,265810,GR_DATASET\pdfs\Marathi Language Department\202009141401011033.pdf,Downloaded,2026-07-27 21:51:41
Marathi Language Department,Continuation for the temporary posts in Maharashtra State Marathi Vishwakosh Nirmiti Mandal for the period from 01.09.2020 to 28.02.2021.,202009101139551733,10-09-2020,158,https://gr.maharashtra.gov.in/Site/Upload/Government%20Resolutions/English/202009101139551733.pdf,3,161337,GR_DATASET\pdfs\Marathi Language Department\202009101139551733.pdf,Downloaded,2026-07-27 21:51:41
Marathi Language Department,Continuation for the temporary posts in Maharashtra State Board for Literature and Culture for the period from 01.09.2020 to 28.02.2021.,202009101139433333,10-09-2020,147,https://gr.maharashtra.gov.in/Site/Upload/Government%20Resolutions/English/202009101139433333.pdf,3,150391,GR_DATASET\pdfs\Marathi Language Department\202009101139433333.pdf,Downloaded,2026-07-27 21:51:42
Marathi Language Department,Continuation for the temporary posts in Directorate of Languages for the period from 01.09.2020 to 28.02.2021.,202009101140056433,10-09-2020,156,https://gr.maharashtra.gov.in/Site/Upload/Government%20Resolutions/English/202009101140056433.pdf,3,160011,GR_DATASET\pdfs\Marathi Language Department\202009101140056433.pdf,Downloaded,2026-07-27 21:51:43
Marathi Language Department,To set up Committee to amend The Maharashtra Official Language Act 1964.,202008241238340233,24-08-2020,858,https://gr.maharashtra.gov.in/Site/Upload/Government%20Resolutions/English/202008241238340233.pdf,4,878175,GR_DATASET\pdfs\Marathi Language Department\202008241238340233.pdf,Downloaded,2026-07-27 21:51:43
Marathi Language Department,Promotion to the post of Dy. Director of Languages (Legal) Group- A in the Directorate of Languages.,202008201150413733,20-08-2020,793,https://gr.maharashtra.gov.in/Site/Upload/Government%20Resolutions/English/202008201150413733.pdf,2,811707,GR_DATASET\pdfs\Marathi Language Department\202008201150413733.pdf,Downloaded,2026-07-27 21:51:44
Marathi Language Department,Regarding the expenditure of Dnyanmandal established for updating Marathi Vishvakosh.,202008181739534033...,18-08-2020,3194,https://gr.maharashtra.gov.in/Site/Upload/Government%20Resolutions/English/202008181739534033....pdf,4,3270722,GR_DATASET\pdfs\Marathi Language Department\202008181739534033....pdf,Downloaded,2026-07-27 21:51:46
Marathi Language Department,"Approval for additional charge of Secratary, Maharashtra State Vishwakosh Nirmiti Mandal.",202008101505136933,10-08-2020,102,https://gr.maharashtra.gov.in/Site/Upload/Government%20Resolutions/English/202008101505136933.pdf,2,104838,GR_DATASET\pdfs\Marathi Language Department\202008101505136933.pdf,Downloaded,2026-07-27 21:51:46
Marathi Language Department,Resignation Of Chairman Of Maharashtra Rajya Marathi Vishwakosh Nirmiti Mandal Mumbai,202007301655459733,30-07-2020,465,https://gr.maharashtra.gov.in/Site/Upload/Government%20Resolutions/English/202007301655459733.pdf,3,476374,GR_DATASET\pdfs\Marathi Language Department\202007301655459733.pdf,Downloaded,2026-07-27 21:51:47
Marathi Language Department,"Reconstitution of the Selection Committee for the nomination quota of Group-B (Non-Gazetted), Group-C and Group-D cadre in Maharashtra State Board for Literature and Culture which are outside the preview of Maharashtra Public Service Commission",202007131454490733,13-07-2020,182,https://gr.maharashtra.gov.in/Site/Upload/Government%20Resolutions/English/202007131454490733.pdf,2,185914,GR_DATASET\pdfs\Marathi Language Department\202007131454490733.pdf,Downloaded,2026-07-27 21:51:48
Marathi Language Department,Use of Marathi as a official Language in Government Business,202006291201487833,29-06-2020,398,https://gr.maharashtra.gov.in/Site/Upload/Government%20Resolutions/English/202006291201487833.pdf,4,407763,GR_DATASET\pdfs\Marathi Language Department\202006291201487833.pdf,Downloaded,2026-07-27 21:51:49
Marathi Language Department,Regarding funding for Akhil Bhartiya Marathi Santa Sahitya Sammelan.,202003061212499033,06-03-2020,939,https://gr.maharashtra.gov.in/Site/Upload/Government%20Resolutions/English/202003061212499033.pdf,3,961403,GR_DATASET\pdfs\Marathi Language Department\202003061212499033.pdf,Downloaded,2026-07-27 21:51:50
Marathi Language Department,Continuation for the temporary posts in Directorate of Languages for the period from 01.03.2020 to 31.08.2020.,202003051707211533,05-03-2020,177,https://gr.maharashtra.gov.in/Site/Upload/Government%20Resolutions/English/202003051707211533.pdf,3,181618,GR_DATASET\pdfs\Marathi Language Department\202003051707211533.pdf,Downloaded,2026-07-27 21:51:51
Marathi Language Department,Continuation for the temporary posts in Maharashtra State Marathi Vishwakosh Nirmiti Mandal for the period from 01.03.2020 to 31.08.2020.,202003051707276633,05-03-2020,120,https://gr.maharashtra.gov.in/Site/Upload/Government%20Resolutions/English/202003051707276633.pdf,3,123255,GR_DATASET\pdfs\Marathi Language Department\202003051707276633.pdf,Downloaded,2026-07-27 21:51:52
Marathi Language Department,Continuation for the temporary posts in Maharashtra State Board for Literature and Culture for the period from 01.03.2020 to 31.08.2020.,202003041452280533,04-03-2020,111,https://gr.maharashtra.gov.in/Site/Upload/Government%20Resolutions/English/202003041452280533.pdf,2,113663,GR_DATASET\pdfs\Marathi Language Department\202003041452280533.pdf,Downloaded,2026-07-27 21:51:53
Marathi Language Department,"Provisional Seniority List of Asst. Director of Languages (Translation and Terminology)/ Divisional Asst. Director of Languages, Group-B in Directorate of Languages for 1.1.2019.",202002181747522233,18-02-2020,183,https://gr.maharashtra.gov.in/Site/Upload/Government%20Resolutions/English/202002181747522233.pdf,4,187068,GR_DATASET\pdfs\Marathi Language Department\202002181747522233.pdf,Downloaded,2026-07-27 21:51:53
Marathi Language Department,To declare Award for the Enrichment and Development of Marathi Language - 2019,202002121059582433,12-02-2020,89,https://gr.maharashtra.gov.in/Site/Upload/Government%20Resolutions/English/202002121059582433.pdf,2,91146,GR_DATASET\pdfs\Marathi Language Department\202002121059582433.pdf,Downloaded,2026-07-27 21:51:54
Marathi Language Department,To declare Vinda Karandikar Jeevan Gaurav Puraskar 2019 and Shri P.Bhagwat Puraskar 2019,202002121100011033,12-02-2020,169,https://gr.maharashtra.gov.in/Site/Upload/Government%20Resolutions/English/202002121100011033.pdf,2,172669,GR_DATASET\pdfs\Marathi Language Department\202002121100011033.pdf,Downloaded,2026-07-27 21:51:55
Marathi Language Department,"Appointment by deputation to the post of Director in State Marathi Development Institute - Shri. S. K. Patil, Dy. Commissioner of State Tax, Office of the Commissioner for State Tax, Mumbai.",202002071045150733,07-02-2020,157,https://gr.maharashtra.gov.in/Site/Upload/Government%20Resolutions/English/202002071045150733.pdf,7,160583,GR_DATASET\pdfs\Marathi Language Department\202002071045150733.pdf,Downloaded,2026-07-27 21:51:55
Marathi Language Department,Declaration of Late Yashwantrao Chavhan State Literature Awards 2018.,202002041251249833.....,05-02-2020,1123,https://gr.maharashtra.gov.in/Site/Upload/Government%20Resolutions/English/202002041251249833......pdf,7,1150876,GR_DATASET\pdfs\Marathi Language Department\202002041251249833......pdf,Downloaded,2026-07-27 21:51:56
Marathi Language Department,"To celebrate 27th February, birthday of Senior poet V.V. Shirwadkar Alias Kusumagraj as Marathi Bhasha Gaurav Din.",202002041251414133............,04-02-2020,179,https://gr.maharashtra.gov.in/Site/Upload/Government%20Resolutions/English/202002041251414133.............pdf,4,184049,GR_DATASET\pdfs\Marathi Language Department\202002041251414133.............pdf,Downloaded,2026-07-27 21:51:57
Marathi Language Department,"State Marathi Development Institute, Mumbai Payment of Arrears against 7th Pay Commission for the period of 01.01.2016 to 31.12.2018 to the employees of the Institution.",202001091214220933,09-01-2020,152,https://gr.maharashtra.gov.in/Site/Upload/Government%20Resolutions/English/202001091214220933.pdf,2,155412,GR_DATASET\pdfs\Marathi Language Department\202001091214220933.pdf,Downloaded,2026-07-27 21:51:58
Marathi Language Department,"Continuation of Additional Charge for the post of Assistant Director of Languages (Translation and Terminology), Directorate of Languages, Mumbai from 01.11.2019.",202001071620284733,07-01-2020,150,https://gr.maharashtra.gov.in/Site/Upload/Government%20Resolutions/English/202001071620284733.pdf,2,153222,GR_DATASET\pdfs\Marathi Language Department\202001071620284733.pdf,Downloaded,2026-07-27 21:51:59
Marathi Language Department,"Entrusting the Additional Charge of Regional Assistant Director of Languages, Regional Office, New Mumbai from 27.05.2019 for one year.",202001041111487533,04-01-2020,99,https://gr.maharashtra.gov.in/Site/Upload/Government%20Resolutions/English/202001041111487533.pdf,2,101126,GR_DATASET\pdfs\Marathi Language Department\202001041111487533.pdf,Downloaded,2026-07-27 21:51:59
