Department,Title,Unique_Code,GR_Date,Website_Size,PDF_URL,Pages,Downloaded_Size(Bytes),Local_File,Download_Status,Downloaded_On
Minorities Development Department,Regarding distribution of Grant to the Maharashtra State Minority Commission for salary during the financial year 2024-25.,202412311514236414,31-12-2024,342,https://gr.maharashtra.gov.in/Site/Upload/Government%20Resolutions/English/202412311514236414.pdf,2,350199,GR_DATASET\pdfs\Minorities Development Department\202412311514236414.pdf,Downloaded,2026-07-27 22:48:24
Minorities Development Department,Regarding providing administrative approval for scanning and digitization of important records of Minority Development Department....,202412271752201814,27-12-2024,167,https://gr.maharashtra.gov.in/Site/Upload/Government%20Resolutions/English/202412271752201814.pdf,2,171226,GR_DATASET\pdfs\Minorities Development Department\202412271752201814.pdf,Downloaded,2026-07-27 22:48:25
Minorities Development Department,"Regarding declaration of Under Secretary (Desk-1), Minority Development Department, Mantralaya, Mumbai as Virtual Personal Deposit Account Administrator (VPDAA) for speedy disbursement and monitoring of Subsidiary Grants.",202412171445512714,17-12-2024,239,https://gr.maharashtra.gov.in/Site/Upload/Government%20Resolutions/English/202412171445512714.pdf,3,244890,GR_DATASET\pdfs\Minorities Development Department\202412171445512714.pdf,Downloaded,2026-07-27 22:48:26
Minorities Development Department,Regarding celebrating December 18 as Minority Rights Day.,202412161226382314,16-12-2024,216,https://gr.maharashtra.gov.in/Site/Upload/Government%20Resolutions/English/202412161226382314.pdf,2,221541,GR_DATASET\pdfs\Minorities Development Department\202412161226382314.pdf,Downloaded,2026-07-27 22:48:26
Minorities Development Department,Scholarship Scheme for students from minority communities in the state for postgraduate and Ph.D. courses abroad. Regarding selection of students for the year 2024-25....,202412131525452814,13-12-2024,319,https://gr.maharashtra.gov.in/Site/Upload/Government%20Resolutions/English/202412131525452814.pdf,3,327155,GR_DATASET\pdfs\Minorities Development Department\202412131525452814.pdf,Downloaded,2026-07-27 22:48:27
Minorities Development Department,Regarding the distribution of funds for the financial year 2024-25 for the Self Help Savings Group Scheme being implemented for minority women in minority dominated areas.,202411291137374014,29-11-2024,176,https://gr.maharashtra.gov.in/Site/Upload/Government%20Resolutions/English/202411291137374014.pdf,3,179888,GR_DATASET\pdfs\Minorities Development Department\202411291137374014.pdf,Downloaded,2026-07-27 22:48:28
Minorities Development Department,"Regarding distribution of grant to Maharashtra State Minorities Commission for salaries and wages for the financial year 2024-25 from November, 2024 to December, 2024.",202411281525130314,28-11-2024,145,https://gr.maharashtra.gov.in/Site/Upload/Government%20Resolutions/English/202411281525130314.pdf,2,148873,GR_DATASET\pdfs\Minorities Development Department\202411281525130314.pdf,Downloaded,2026-07-27 22:48:28
Minorities Development Department,"Regarding the distribution of grants for the year 2024-25 for the honorarium of the employees appointed by the external authority for the Solapur Urdu House, maintenance, repair, operation and other expenses of the Urdu House.",202411271103546714,27-11-2024,335,https://gr.maharashtra.gov.in/Site/Upload/Government%20Resolutions/English/202411271103546714.pdf,3,342614,GR_DATASET\pdfs\Minorities Development Department\202411271103546714.pdf,Downloaded,2026-07-27 22:48:29
Minorities Development Department,Starting the second/third shift in existing industrial training institutes in minority dominated areas of the state... Fund allocation for the year 2024-25.,202411271425446814,27-11-2024,184,https://gr.maharashtra.gov.in/Site/Upload/Government%20Resolutions/English/202411271425446814.pdf,3,188095,GR_DATASET\pdfs\Minorities Development Department\202411271425446814.pdf,Downloaded,2026-07-27 22:48:30
Minorities Development Department,Regarding approval of taking services of 2 consultants M/s Ernst Young LLP and M/s KPMG Advisory Services Pvt Ltd for Minority Development Department.,202411271716198714...,27-11-2024,183,https://gr.maharashtra.gov.in/Site/Upload/Government%20Resolutions/English/202411271716198714....pdf,4,187948,GR_DATASET\pdfs\Minorities Development Department\202411271716198714....pdf,Downloaded,2026-07-27 22:48:31
Minorities Development Department,"Regarding the distribution of funds for the distribution of scholarships under the scholarship scheme to minority students in the state studying in medical, technical and professional courses as well as in all courses after class XII.",202411251624051514,25-11-2024,146,https://gr.maharashtra.gov.in/Site/Upload/Government%20Resolutions/English/202411251624051514.pdf,4,149049,GR_DATASET\pdfs\Minorities Development Department\202411251624051514.pdf,Downloaded,2026-07-27 22:48:32
Minorities Development Department,"Regarding setting up of coordination committee for Sikh community to get benefit of minority scheme, to solve their problems.",202410141649348214,14-10-2024,315,https://gr.maharashtra.gov.in/Site/Upload/Government%20Resolutions/English/202410141649348214.pdf,2,322521,GR_DATASET\pdfs\Minorities Development Department\202410141649348214.pdf,Downloaded,2026-07-27 22:48:33
Minorities Development Department,Regarding the appointment of representatives from nominated organizations in the District Level Minority Welfare Committee to effectively implement the new 15-point program of the Honble Prime Minister for the welfare of minorities.,202410111829139114,11-10-2024,144,https://gr.maharashtra.gov.in/Site/Upload/Government%20Resolutions/English/202410111829139114.pdf,3,147889,GR_DATASET\pdfs\Minorities Development Department\202410111829139114.pdf,Downloaded,2026-07-27 22:48:33
Minorities Development Department,Reorganization of Maharashtra State Punjabi Sahitya Akademi and appointment of non-official members and working president on Punjabi Sahitya Akademi by nomination....,202410111936170614....,11-10-2024,140,https://gr.maharashtra.gov.in/Site/Upload/Government%20Resolutions/English/202410111936170614.....pdf,2,144126,GR_DATASET\pdfs\Minorities Development Department\202410111936170614.....pdf,Downloaded,2026-07-27 22:48:34
Minorities Development Department,"Regarding release of 1st installment (Central share State share) for construction of 02 hostels (250 capacity each) 01 each for minority community boys and girls under Centrally sponsored Pradhan Mantri Jan Vikas Program (PMJVK) in Sillod Municipal Council,Dist. Chhatrapati Sambhaji Nagar).",202410101722119714....,10-10-2024,185,https://gr.maharashtra.gov.in/Site/Upload/Government%20Resolutions/English/202410101722119714.....pdf,4,190347,GR_DATASET\pdfs\Minorities Development Department\202410101722119714.....pdf,Downloaded,2026-07-27 22:48:34
Minorities Development Department,"Disbursement of grants under grant scheme for providing infrastructure facilities in religious minority students majority government recognized private aided / unaided / permanent unaided schools, junior colleges, industrial training institutes, municipal / municipal council schools and handicapped schools (Year 2024-25) Dist. Chhatrapati Sambhajinagar.",202410101726377414,10-10-2024,191,https://gr.maharashtra.gov.in/Site/Upload/Government%20Resolutions/English/202410101726377414.pdf,7,195828,GR_DATASET\pdfs\Minorities Development Department\202410101726377414.pdf,Downloaded,2026-07-27 22:48:35
Minorities Development Department,Regarding appointment of Non-Government Members on Maulana Azad Minorities Economic Development Corporation.,202410101730038214,10-10-2024,143,https://gr.maharashtra.gov.in/Site/Upload/Government%20Resolutions/English/202410101730038214.pdf,2,146352,GR_DATASET\pdfs\Minorities Development Department\202410101730038214.pdf,Downloaded,2026-07-27 22:48:36
Minorities Development Department,Regarding the provision of funds for the management and construction of hostels for girls pursuing higher education from minority communities. Allocation of funds for the year 2024-25,202410101751397114,10-10-2024,463,https://gr.maharashtra.gov.in/Site/Upload/Government%20Resolutions/English/202410101751397114.pdf,4,474575,GR_DATASET\pdfs\Minorities Development Department\202410101751397114.pdf,Downloaded,2026-07-27 22:48:37
Minorities Development Department,"Regarding approving implementation of Seed Capital Scheme, Direct Loan Scheme, Individual Loan Interest Repayment Scheme, Group Loan Interest Repayment Scheme through Maulana Azad Minority Economic Development Corporation.",202410091406399514,09-10-2024,155,https://gr.maharashtra.gov.in/Site/Upload/Government%20Resolutions/English/202410091406399514.pdf,4,159086,GR_DATASET\pdfs\Minorities Development Department\202410091406399514.pdf,Downloaded,2026-07-27 22:48:37
Minorities Development Department,2.00 lakh subsidy given to religious minority status educational institutions by increasing the subsidy to Rs. 10.00 lakhs.,202410071721546214,07-10-2024,145,https://gr.maharashtra.gov.in/Site/Upload/Government%20Resolutions/English/202410071721546214.pdf,3,148854,GR_DATASET\pdfs\Minorities Development Department\202410071721546214.pdf,Downloaded,2026-07-27 22:48:38
Minorities Development Department,"Regarding implementation of subsidy scheme up to Rs.10 lakhs for providing basic facilities to organizations carrying out cultural, educational and social work in the Buddhist community, which are registered with the charity commissioner of the state and have more than 51 percent of the trustees/members from the Buddhist community.",202410071612471814,07-10-2024,200,https://gr.maharashtra.gov.in/Site/Upload/Government%20Resolutions/English/202410071612471814.pdf,14,205056,GR_DATASET\pdfs\Minorities Development Department\202410071612471814.pdf,Downloaded,2026-07-27 22:48:39
Minorities Development Department,Regarding giving administrative approval to the construction of Administrative Building for Minority Commissionerate at Chatrapati Sambhaji Nagar.,202410071701458114,04-10-2024,688,https://gr.maharashtra.gov.in/Site/Upload/Government%20Resolutions/English/202410071701458114.pdf,6,704035,GR_DATASET\pdfs\Minorities Development Department\202410071701458114.pdf,Downloaded,2026-07-27 22:48:40
Minorities Development Department,Regarding giving administrative approval to the budget for construction of administrative building for district office of Maulana Azad Economic Development Corporation at Chhatrapati Sambhaji Nagar.,202410071705037514,04-10-2024,689,https://gr.maharashtra.gov.in/Site/Upload/Government%20Resolutions/English/202410071705037514.pdf,6,705239,GR_DATASET\pdfs\Minorities Development Department\202410071705037514.pdf,Downloaded,2026-07-27 22:48:42
Minorities Development Department,Regarding giving administrative approval to the construction of Administrative Building for Headquarter of Maharashtra State Board of Waqfs at Chatrapati Sambhaji Nagar.,202410071707023914,04-10-2024,687,https://gr.maharashtra.gov.in/Site/Upload/Government%20Resolutions/English/202410071707023914.pdf,6,704108,GR_DATASET\pdfs\Minorities Development Department\202410071707023914.pdf,Downloaded,2026-07-27 22:48:43
Minorities Development Department,Regarding the provision of funds for the management and construction of hostels for girls pursuing higher education from minority communities. Allocation of funds for the year 2024-25,202410041251451714,04-10-2024,502,https://gr.maharashtra.gov.in/Site/Upload/Government%20Resolutions/English/202410041251451714.pdf,3,513873,GR_DATASET\pdfs\Minorities Development Department\202410041251451714.pdf,Downloaded,2026-07-27 22:48:44
Minorities Development Department,Postgraduate and Ph.D. abroad for students belonging to minority communities in the state. Regarding the selection of students for the scholarship scheme year 2024-25 for the course.,202410041512268214....,04-10-2024,315,https://gr.maharashtra.gov.in/Site/Upload/Government%20Resolutions/English/202410041512268214.....pdf,7,323261,GR_DATASET\pdfs\Minorities Development Department\202410041512268214.....pdf,Downloaded,2026-07-27 22:48:45
Minorities Development Department,Administrative approval (under programme) for various schemes to be implemented in the financial year 2024-25 from Maharashtra State Urdu Sahitya Akademy.,202410041512567514,04-10-2024,321,https://gr.maharashtra.gov.in/Site/Upload/Government%20Resolutions/English/202410041512567514.pdf,3,328961,GR_DATASET\pdfs\Minorities Development Department\202410041512567514.pdf,Downloaded,2026-07-27 22:48:46
Minorities Development Department,Regarding establishment of Jain Minority Financial Development Corporation,202410042106343614...,04-10-2024,165,https://gr.maharashtra.gov.in/Site/Upload/Government%20Resolutions/English/202410042106343614....pdf,5,169149,GR_DATASET\pdfs\Minorities Development Department\202410042106343614....pdf,Downloaded,2026-07-27 22:48:46
Minorities Development Department,"Regarding distribution of grant in the year 2024-25 for construction of Urdu Ghar at Sillod, Dist. Chhatrapati Sambhajinagar.",202410011852022414,01-10-2024,213,https://gr.maharashtra.gov.in/Site/Upload/Government%20Resolutions/English/202410011852022414.pdf,2,218015,GR_DATASET\pdfs\Minorities Development Department\202410011852022414.pdf,Downloaded,2026-07-27 22:48:47
Minorities Development Department,Regarding depositing amount for food of minority students in hostels of minority students in Aadhaar linked account Distribution of funds for the year 2024-25,202409271437583214..,27-09-2024,940,https://gr.maharashtra.gov.in/Site/Upload/Government%20Resolutions/English/202409271437583214...pdf,4,963359,GR_DATASET\pdfs\Minorities Development Department\202409271437583214...pdf,Downloaded,2026-07-27 22:48:48
Minorities Development Department,Regarding giving administrative approval to the advertisement and publicity media plan to publicize the schemes implemented through the Minority Development Department.,202409241641523614,24-09-2024,326,https://gr.maharashtra.gov.in/Site/Upload/Government%20Resolutions/English/202409241641523614.pdf,4,333598,GR_DATASET\pdfs\Minorities Development Department\202409241641523614.pdf,Downloaded,2026-07-27 22:48:48
Minorities Development Department,Regarding disbursement of grant for election to appointment of members from,202409231457234514,23-09-2024,384,https://gr.maharashtra.gov.in/Site/Upload/Government%20Resolutions/English/202409231457234514.pdf,4,393490,GR_DATASET\pdfs\Minorities Development Department\202409231457234514.pdf,Downloaded,2026-07-27 22:48:49
Minorities Development Department,"Regarding appointment as Chairman of Maulana Azad Minority Economic Development Corporation Limited, Mumbai.",202409231503165714,23-09-2024,140,https://gr.maharashtra.gov.in/Site/Upload/Government%20Resolutions/English/202409231503165714.pdf,2,143436,GR_DATASET\pdfs\Minorities Development Department\202409231503165714.pdf,Downloaded,2026-07-27 22:48:50
Minorities Development Department,Regarding giving administrative approval to advertisement and publicity media plan to publicize the schemes implemented through the Minority Development Department.,202409201518345014,20-09-2024,758,https://gr.maharashtra.gov.in/Site/Upload/Government%20Resolutions/English/202409201518345014.pdf,4,776136,GR_DATASET\pdfs\Minorities Development Department\202409201518345014.pdf,Downloaded,2026-07-27 22:48:51
Minorities Development Department,"Regarding disbursement of grant to Maharashtra State Minorities Commission for salary and wage matters for the financial year 2024-25 from September, 2024 to November, 2024.",202409201742505614,20-09-2024,151,https://gr.maharashtra.gov.in/Site/Upload/Government%20Resolutions/English/202409201742505614.pdf,2,154999,GR_DATASET\pdfs\Minorities Development Department\202409201742505614.pdf,Downloaded,2026-07-27 22:48:52
Minorities Development Department,Postgraduate and Ph.D. abroad for students belonging to minority communities in the state. Scholarship Scheme for the course.,202409201752396314,20-09-2024,146,https://gr.maharashtra.gov.in/Site/Upload/Government%20Resolutions/English/202409201752396314.pdf,3,149480,GR_DATASET\pdfs\Minorities Development Department\202409201752396314.pdf,Downloaded,2026-07-27 22:48:52
Minorities Development Department,Regarding declaring the Under Secretary in the office of Maharashtra State Minorities Commission as Virtual Personal Deposit Account Administrator for speedy disbursement and control of Subsidiary Grant...,202409131145371014,13-09-2024,393,https://gr.maharashtra.gov.in/Site/Upload/Government%20Resolutions/English/202409131145371014.pdf,4,402394,GR_DATASET\pdfs\Minorities Development Department\202409131145371014.pdf,Downloaded,2026-07-27 22:48:53
Minorities Development Department,"Mr. Regarding regularization of services of Abdus Salam Azmi alias Shahid Nadeem, Deputy Editor (Urdu) (Retd.), Maharashtra State Urdu Sahitya Akademi, Mumbai.",202409121132081114,12-09-2024,314,https://gr.maharashtra.gov.in/Site/Upload/Government%20Resolutions/English/202409121132081114.pdf,2,321473,GR_DATASET\pdfs\Minorities Development Department\202409121132081114.pdf,Downloaded,2026-07-27 22:48:54
Minorities Development Department,"Regarding disbursement of grant for election to appointment of members from Category of mutawallis of the 1auqaf having an annual income of rupees one lakh and above, on Maharashtra State Waqf Board. Chhatrpatti Sambhaji nagar.",202409091526057514,09-09-2024,219,https://gr.maharashtra.gov.in/Site/Upload/Government%20Resolutions/English/202409091526057514.pdf,2,223849,GR_DATASET\pdfs\Minorities Development Department\202409091526057514.pdf,Downloaded,2026-07-27 22:48:55
Minorities Development Department,Regarding fixing the policy for filling up the posts in the Maharashtra State Minorities Commissionerate by deputation.,202409091700564114,09-09-2024,825,https://gr.maharashtra.gov.in/Site/Upload/Government%20Resolutions/English/202409091700564114.pdf,3,844761,GR_DATASET\pdfs\Minorities Development Department\202409091700564114.pdf,Downloaded,2026-07-27 22:48:56
Minorities Development Department,"Regarding regularization of services of 24 employees working on contract basis at Maulana Azad Minority Economic Development Corporation Limited, Mumbai establishment...",202409061545541714.,06-09-2024,141,https://gr.maharashtra.gov.in/Site/Upload/Government%20Resolutions/English/202409061545541714..pdf,2,145118,GR_DATASET\pdfs\Minorities Development Department\202409061545541714..pdf,Downloaded,2026-07-27 22:48:56
Minorities Development Department,Introduction of second cycle for minority students in existing Government Technical Colleges.Disbursement of funds for the year 2024-25.,202409041231249514,04-09-2024,216,https://gr.maharashtra.gov.in/Site/Upload/Government%20Resolutions/English/202409041231249514.pdf,3,221118,GR_DATASET\pdfs\Minorities Development Department\202409041231249514.pdf,Downloaded,2026-07-27 22:48:57
Minorities Development Department,Regarding distribution of funds to the Maharashtra State Haj Committee for the financial year 2024-25...,202409021707170314,02-09-2024,142,https://gr.maharashtra.gov.in/Site/Upload/Government%20Resolutions/English/202409021707170314.pdf,2,145822,GR_DATASET\pdfs\Minorities Development Department\202409021707170314.pdf,Downloaded,2026-07-27 22:48:58
Minorities Development Department,Regarding declaring the Drawing and Disbursing Officer of the Maharashtra State Waqf Board as Virtual Personal Deposit Account Administrator) (VPDAA) for speedy disbursement and control.,202408281614284914..,28-08-2024,464,https://gr.maharashtra.gov.in/Site/Upload/Government%20Resolutions/English/202408281614284914...pdf,3,475767,GR_DATASET\pdfs\Minorities Development Department\202408281614284914...pdf,Downloaded,2026-07-27 22:48:59
Minorities Development Department,Regarding establishment of Minority Research and Training Institute (MRTI).,202408221247124114,22-08-2024,313,https://gr.maharashtra.gov.in/Site/Upload/Government%20Resolutions/English/202408221247124114.pdf,2,320517,GR_DATASET\pdfs\Minorities Development Department\202408221247124114.pdf,Downloaded,2026-07-27 22:48:59
Minorities Development Department,Postgraduate and Ph.D. abroad for students belonging to minority communities in the state. Scholarship Scheme for the course. Revised criteria.,202408221454413414,21-08-2024,166,https://gr.maharashtra.gov.in/Site/Upload/Government%20Resolutions/English/202408221454413414.pdf,5,170299,GR_DATASET\pdfs\Minorities Development Department\202408221454413414.pdf,Downloaded,2026-07-27 22:49:00
Minorities Development Department,Dr. Zakir Hussain Madrasa Modernization Scheme.,202408211645508514,21-08-2024,285,https://gr.maharashtra.gov.in/Site/Upload/Government%20Resolutions/English/202408211645508514.pdf,3,291678,GR_DATASET\pdfs\Minorities Development Department\202408211645508514.pdf,Downloaded,2026-07-27 22:49:01
Minorities Development Department,To start 2nd/3rd cycle in existing industrial training institutes in minority dominated areas of the state... Allocation of funds for the year 2024-25.,202408131743547214,13-08-2024,181,https://gr.maharashtra.gov.in/Site/Upload/Government%20Resolutions/English/202408131743547214.pdf,3,185604,GR_DATASET\pdfs\Minorities Development Department\202408131743547214.pdf,Downloaded,2026-07-27 22:49:01
Minorities Development Department,"Regarding disbursement of grant to Maharashtra State Minorities Commission for salary and wage matters for the financial year 2024-25 from July, 2024 to September, 2024.",202407311123155414,31-07-2024,489,https://gr.maharashtra.gov.in/Site/Upload/Government%20Resolutions/English/202407311123155414.pdf,2,501122,GR_DATASET\pdfs\Minorities Development Department\202407311123155414.pdf,Downloaded,2026-07-27 22:49:02
Minorities Development Department,"Regarding disbursement of grant (Central Share State Share) for Construction of Study Center at Pusad, Nagar Parishad in Yavatmal District under Centrally Sponsored Pradhan Mantri Jan Vikas Program (PMJVK) for the year 2019-20.",202408021438460514,31-07-2024,656,https://gr.maharashtra.gov.in/Site/Upload/Government%20Resolutions/English/202408021438460514.pdf,4,672134,GR_DATASET\pdfs\Minorities Development Department\202408021438460514.pdf,Downloaded,2026-07-27 22:49:04
Minorities Development Department,"Regarding disbursement of grant (Central Share State Share) for Construction of Public Toilets at Pusad, Nagar Parishad of Yavatmal District under Centrally Sponsored Pradhan Mantri Jan Vikas Program (PMJVK) for the year 2019-20.",202408021438252814,31-07-2024,670,https://gr.maharashtra.gov.in/Site/Upload/Government%20Resolutions/English/202408021438252814.pdf,4,685869,GR_DATASET\pdfs\Minorities Development Department\202408021438252814.pdf,Downloaded,2026-07-27 22:49:05
Minorities Development Department,"Disbursement of grant under grant scheme for providing infrastructure facilities in religious minority student majority government recognized private aided/unaided/permanent unaided schools, junior colleges, industrial training institutes, municipal/municipal council schools and disabled schools (Year 2023-24) District Buldana",202407261455175614,26-07-2024,147,https://gr.maharashtra.gov.in/Site/Upload/Government%20Resolutions/English/202407261455175614.pdf,3,150115,GR_DATASET\pdfs\Minorities Development Department\202407261455175614.pdf,Downloaded,2026-07-27 22:49:05
Minorities Development Department,"Regarding regularization of services of 24 employees working on contract basis in Maulana Azad Minority Economic Development Corporation Limited, Mumbai establishment.",202407251800039614,25-07-2024,188,https://gr.maharashtra.gov.in/Site/Upload/Government%20Resolutions/English/202407251800039614.pdf,6,192694,GR_DATASET\pdfs\Minorities Development Department\202407251800039614.pdf,Downloaded,2026-07-27 22:49:06
Minorities Development Department,Regarding approval of revised establishment for the try member Maharashtra State Waqf Tribunal,202407111525540914.........,11-07-2024,155,https://gr.maharashtra.gov.in/Site/Upload/Government%20Resolutions/English/202407111525540914..........pdf,4,158832,GR_DATASET\pdfs\Minorities Development Department\202407111525540914..........pdf,Downloaded,2026-07-27 22:49:07
Minorities Development Department,"Regarding disbursement of grant-in-aid for Establishment expenditure for the financial year 2024-25 to the office of Maharashtra State Urdu Sahitya Akademi, Mumbai.",202407101340155214,10-07-2024,317,https://gr.maharashtra.gov.in/Site/Upload/Government%20Resolutions/English/202407101340155214.pdf,2,324576,GR_DATASET\pdfs\Minorities Development Department\202407101340155214.pdf,Downloaded,2026-07-27 22:49:07
Minorities Development Department,Regarding disbursement of grant under the program for the financial year 2024-25 to the office of Maharashtra State Urdu Sahitya Academy.,202407091706123014,09-07-2024,749,https://gr.maharashtra.gov.in/Site/Upload/Government%20Resolutions/English/202407091706123014.pdf,3,766734,GR_DATASET\pdfs\Minorities Development Department\202407091706123014.pdf,Downloaded,2026-07-27 22:49:08
Minorities Development Department,Administrative Approval for Expenditure for Establishment Expenditure Matters for Maharashtra State Urdu Sahitya Academy in the financial year 2024-25 from mandatory sanctioned provision.,202407101337505114,09-07-2024,806,https://gr.maharashtra.gov.in/Site/Upload/Government%20Resolutions/English/202407101337505114.pdf,2,825294,GR_DATASET\pdfs\Minorities Development Department\202407101337505114.pdf,Downloaded,2026-07-27 22:49:09
Minorities Development Department,Administrative approval (under programme) for various schemes to be implemented in the financial year 2024-25 from Maharashtra State Urdu Sahitya Academy.,202407091701290214,08-07-2024,898,https://gr.maharashtra.gov.in/Site/Upload/Government%20Resolutions/English/202407091701290214.pdf,2,919422,GR_DATASET\pdfs\Minorities Development Department\202407091701290214.pdf,Downloaded,2026-07-27 22:49:10
Minorities Development Department,"To release grant for Construction of Hospitals at Akola, and Akot under Centrally Sponsored Pradhanmantri Jan vikas Karyakram (PMJVK).",202407041736218014,04-07-2024,461,https://gr.maharashtra.gov.in/Site/Upload/Government%20Resolutions/English/202407041736218014.pdf,4,471961,GR_DATASET\pdfs\Minorities Development Department\202407041736218014.pdf,Downloaded,2026-07-27 22:49:11
Minorities Development Department,"To release grant for Construction of Hospitals at Achalpur, Amravati district under Centrally Sponsored Pradhanmantri Jan vikas Karyakram (PMJVK).",202407041744518314,04-07-2024,650,https://gr.maharashtra.gov.in/Site/Upload/Government%20Resolutions/English/202407041744518314.pdf,4,665918,GR_DATASET\pdfs\Minorities Development Department\202407041744518314.pdf,Downloaded,2026-07-27 22:49:12
Minorities Development Department,"Regarding granting administrative approval for construction of hostel for higher education students from minority community at Government Industrial Training Institute, Ahmednagar....",202406271216225014,27-06-2024,525,https://gr.maharashtra.gov.in/Site/Upload/Government%20Resolutions/English/202406271216225014.pdf,4,537902,GR_DATASET\pdfs\Minorities Development Department\202406271216225014.pdf,Downloaded,2026-07-27 22:49:12
Minorities Development Department,"Government Institute of Technology, Jintur Distt. Regarding giving administrative approval to the repair work of the hostel building of the female students of higher education from the minority community at Parbhani.",202406271223075514,27-06-2024,150,https://gr.maharashtra.gov.in/Site/Upload/Government%20Resolutions/English/202406271223075514.pdf,3,153216,GR_DATASET\pdfs\Minorities Development Department\202406271223075514.pdf,Downloaded,2026-07-27 22:49:13
Minorities Development Department,"Industrial Training Institute, Purna, Distt. Regarding giving administrative approval to the repair work of the hostel building of the female students of higher education from the minority community at Parbhani.",202406271229058614,27-06-2024,174,https://gr.maharashtra.gov.in/Site/Upload/Government%20Resolutions/English/202406271229058614.pdf,3,177790,GR_DATASET\pdfs\Minorities Development Department\202406271229058614.pdf,Downloaded,2026-07-27 22:49:14
Minorities Development Department,"Regarding giving administrative approval to the repair work of the hostel building of the minority community students of Government Technical Institute, Washim.",202406271233080814,27-06-2024,266,https://gr.maharashtra.gov.in/Site/Upload/Government%20Resolutions/English/202406271233080814.pdf,3,272397,GR_DATASET\pdfs\Minorities Development Department\202406271233080814.pdf,Downloaded,2026-07-27 22:49:15
Minorities Development Department,Postgraduate and Ph.D. abroad for students belonging to minority communities in the state. Scholarship Scheme for the course.,202406201636485614,20-06-2024,887,https://gr.maharashtra.gov.in/Site/Upload/Government%20Resolutions/English/202406201636485614.pdf,13,907951,GR_DATASET\pdfs\Minorities Development Department\202406201636485614.pdf,Downloaded,2026-07-27 22:49:16
Minorities Development Department,To start 2nd/3rd cycle in existing industrial training institutes in minority dominated areas of the state... Allocation of funds for the year 2024-25.,202406121546220314,12-06-2024,327,https://gr.maharashtra.gov.in/Site/Upload/Government%20Resolutions/English/202406121546220314.pdf,3,334734,GR_DATASET\pdfs\Minorities Development Department\202406121546220314.pdf,Downloaded,2026-07-27 22:49:17
Minorities Development Department,Regarding distribution of grant in the year 2024-25 for strengthening Maharashtra State Waqf Board.,202406101456038414,10-06-2024,211,https://gr.maharashtra.gov.in/Site/Upload/Government%20Resolutions/English/202406101456038414.pdf,2,216524,GR_DATASET\pdfs\Minorities Development Department\202406101456038414.pdf,Downloaded,2026-07-27 22:49:17
Minorities Development Department,Introduction of second cycle for minority students in existing government technical colleges. Disbursement of funds for the year 2024-25.,202406051226503914,05-06-2024,182,https://gr.maharashtra.gov.in/Site/Upload/Government%20Resolutions/English/202406051226503914.pdf,3,186604,GR_DATASET\pdfs\Minorities Development Department\202406051226503914.pdf,Downloaded,2026-07-27 22:49:19
Minorities Development Department,Regarding distribution of funds to the Maharashtra State Haj Committee for the financial year 2024-25...,202405221153537814,22-05-2024,303,https://gr.maharashtra.gov.in/Site/Upload/Government%20Resolutions/English/202405221153537814.pdf,2,310570,GR_DATASET\pdfs\Minorities Development Department\202405221153537814.pdf,Downloaded,2026-07-27 22:49:19
Minorities Development Department,Regarding opening of new account head- Interest and other accruals on unspent balances in Single Nodal Account (SNA) (Minority Development Department),202405211524157714,21-05-2024,427,https://gr.maharashtra.gov.in/Site/Upload/Government%20Resolutions/English/202405211524157714.pdf,3,437609,GR_DATASET\pdfs\Minorities Development Department\202405211524157714.pdf,Downloaded,2026-07-27 22:49:20
Minorities Development Department,Regarding disbursement of available funds for the financial year 2024-25 for the help line scheme to the Maharashtra State Minority Commission...,202405151723144614,15-05-2024,145,https://gr.maharashtra.gov.in/Site/Upload/Government%20Resolutions/English/202405151723144614.pdf,3,148421,GR_DATASET\pdfs\Minorities Development Department\202405151723144614.pdf,Downloaded,2026-07-27 22:49:21
Minorities Development Department,Revised scholarship scheme regarding scholarships for students pursuing higher education from minority communities in the state.,202405141257043414,14-05-2024,138,https://gr.maharashtra.gov.in/Site/Upload/Government%20Resolutions/English/202405141257043414.pdf,2,141780,GR_DATASET\pdfs\Minorities Development Department\202405141257043414.pdf,Downloaded,2026-07-27 22:49:21
Minorities Development Department,"For the students from minority communities in the state, Masters degree and Ph.D. Regarding sanctioning the opening of a new account for the scholarship scheme for the course.",202405141301085614,14-05-2024,605,https://gr.maharashtra.gov.in/Site/Upload/Government%20Resolutions/English/202405141301085614.pdf,2,619806,GR_DATASET\pdfs\Minorities Development Department\202405141301085614.pdf,Downloaded,2026-07-27 22:49:22
Minorities Development Department,Regarding the opening of account heads for minority cells at the minority commissionerate and district level.,202405131534210414,13-05-2024,559,https://gr.maharashtra.gov.in/Site/Upload/Government%20Resolutions/English/202405131534210414.pdf,3,572414,GR_DATASET\pdfs\Minorities Development Department\202405131534210414.pdf,Downloaded,2026-07-27 22:49:23
Minorities Development Department,Regarding distribution of funds to the Maharashtra State Haj Committee for the financial year 2024-25...,202405071410380914...,07-05-2024,302,https://gr.maharashtra.gov.in/Site/Upload/Government%20Resolutions/English/202405071410380914....pdf,2,309790,GR_DATASET\pdfs\Minorities Development Department\202405071410380914....pdf,Downloaded,2026-07-27 22:49:24
Minorities Development Department,Regarding disbursement of funds for allotment of scholarships under the Scholarship Scheme to the minority students of the State pursuing higher vocational and all courses after Class XII.,202405071648487814,07-05-2024,328,https://gr.maharashtra.gov.in/Site/Upload/Government%20Resolutions/English/202405071648487814.pdf,3,335510,GR_DATASET\pdfs\Minorities Development Department\202405071648487814.pdf,Downloaded,2026-07-27 22:49:25
Minorities Development Department,Regarding disbursement of funds to the Maharashtra State Minority Commission for non-salary matters in the financial year 2024-25.,202405061528520914,06-05-2024,146,https://gr.maharashtra.gov.in/Site/Upload/Government%20Resolutions/English/202405061528520914.pdf,2,149594,GR_DATASET\pdfs\Minorities Development Department\202405061528520914.pdf,Downloaded,2026-07-27 22:49:26
Minorities Development Department,Introduction of second cycle for minority students in existing government technical colleges. Disbursement of funds for the year 2024-25.,202405061536186814,06-05-2024,182,https://gr.maharashtra.gov.in/Site/Upload/Government%20Resolutions/English/202405061536186814.pdf,3,186655,GR_DATASET\pdfs\Minorities Development Department\202405061536186814.pdf,Downloaded,2026-07-27 22:49:26
Minorities Development Department,"Regarding distribution of grant for salary and wage revision for Maharashtra State Minority Commission the year 2024-25 or financial year from April, 2024 to June, 2024.",202404251313346914,25-04-2024,318,https://gr.maharashtra.gov.in/Site/Upload/Government%20Resolutions/English/202404251313346914.pdf,3,325638,GR_DATASET\pdfs\Minorities Development Department\202404251313346914.pdf,Downloaded,2026-07-27 22:49:27
Minorities Development Department,To start 2nd/3rd cycle in existing industrial training institutes in minority dominated areas of the state... Allocation of funds for the year 2024-25.,202404241322149614,24-04-2024,181,https://gr.maharashtra.gov.in/Site/Upload/Government%20Resolutions/English/202404241322149614.pdf,3,185353,GR_DATASET\pdfs\Minorities Development Department\202404241322149614.pdf,Downloaded,2026-07-27 22:49:28
Minorities Development Department,Introduction of second cycle for minority students in existing government technical colleges. Disbursement of funds for the year 2024-25.,202404101455460814,10-04-2024,180,https://gr.maharashtra.gov.in/Site/Upload/Government%20Resolutions/English/202404101455460814.pdf,3,183960,GR_DATASET\pdfs\Minorities Development Department\202404101455460814.pdf,Downloaded,2026-07-27 22:49:29
Minorities Development Department,Regarding disbursement of grant to the Maharashtra State Minority Commission for salary and wage matters during the financial year 2024-25,202404051551171214,05-04-2024,153,https://gr.maharashtra.gov.in/Site/Upload/Government%20Resolutions/English/202404051551171214.pdf,2,156869,GR_DATASET\pdfs\Minorities Development Department\202404051551171214.pdf,Downloaded,2026-07-27 22:49:29
Minorities Development Department,Regarding disbursement of funds to the Maharashtra State Minority Commission for non-salary matters in the financial year 2023-24.,202403301805500514,30-03-2024,170,https://gr.maharashtra.gov.in/Site/Upload/Government%20Resolutions/English/202403301805500514.pdf,3,173735,GR_DATASET\pdfs\Minorities Development Department\202403301805500514.pdf,Downloaded,2026-07-27 22:49:30
Minorities Development Department,Regarding distribution of grant for Solapur Urdu Ghar in the year 2023-24.,202403281745376814,28-03-2024,217,https://gr.maharashtra.gov.in/Site/Upload/Government%20Resolutions/English/202403281745376814.pdf,2,222382,GR_DATASET\pdfs\Minorities Development Department\202403281745376814.pdf,Downloaded,2026-07-27 22:49:31
Minorities Development Department,Regarding depositing amount for food of minority students in hostels of minority students in Aadhaar linked account Disbursement of funds for the year 2023-24,202403281748277014,28-03-2024,173,https://gr.maharashtra.gov.in/Site/Upload/Government%20Resolutions/English/202403281748277014.pdf,3,176819,GR_DATASET\pdfs\Minorities Development Department\202403281748277014.pdf,Downloaded,2026-07-27 22:49:32
Minorities Development Department,Regarding the deposit of additional state share funds for the construction of a hostel for girls belonging to minority communities in Udgir city of Latur district under the Centrally sponsored Pradhan Mantri Jan Vikas Program in the Single Nodal Account on the PFMS system of the scheme.,202403281752413214,28-03-2024,616,https://gr.maharashtra.gov.in/Site/Upload/Government%20Resolutions/English/202403281752413214.pdf,3,630532,GR_DATASET\pdfs\Minorities Development Department\202403281752413214.pdf,Downloaded,2026-07-27 22:49:33
Minorities Development Department,Regarding disbursement of additional state share funds for the construction of hostels for girls belonging to minority communities at Udgir city in Latur district under the Centrally sponsored Pradhan Mantri Jan Vikas Program.,202403281756086114,28-03-2024,370,https://gr.maharashtra.gov.in/Site/Upload/Government%20Resolutions/English/202403281756086114.pdf,5,378659,GR_DATASET\pdfs\Minorities Development Department\202403281756086114.pdf,Downloaded,2026-07-27 22:49:34
Minorities Development Department,"Centrally Sponsored Pradhan Mantri Jan Vikas Program regarding disbursement of grant (Central and State share) for construction of total 03 District/Up District/Female Hospitals at Hingoli (1), Amravati (1) and Yavatmal (1).",202403281759463314,28-03-2024,381,https://gr.maharashtra.gov.in/Site/Upload/Government%20Resolutions/English/202403281759463314.pdf,5,389892,GR_DATASET\pdfs\Minorities Development Department\202403281759463314.pdf,Downloaded,2026-07-27 22:49:34
Minorities Development Department,"Regarding provision of grant for construction of workshop and administrative building of new Government Technical Training Institute for minority community at Muktainagar, District-Jalgaon. Distribution of funds for the year 2023-24",202403271713445914,27-03-2024,161,https://gr.maharashtra.gov.in/Site/Upload/Government%20Resolutions/English/202403271713445914.pdf,3,164812,GR_DATASET\pdfs\Minorities Development Department\202403271713445914.pdf,Downloaded,2026-07-27 22:49:35
Minorities Development Department,"Regarding the distribution of available funds in the financial year 2023-24 for the savings group scheme being implemented for minority women under the special program of measures to be implemented for the rapid development of Marathwada, Vidarbha and North Maharashtra 2018.",202403271740585814,27-03-2024,143,https://gr.maharashtra.gov.in/Site/Upload/Government%20Resolutions/English/202403271740585814.pdf,2,146019,GR_DATASET\pdfs\Minorities Development Department\202403271740585814.pdf,Downloaded,2026-07-27 22:49:36
Minorities Development Department,"Reallocation of budgetary provision for the financial year 2023-2024 Demand No. Z E-01 Head of Account 2053 1258, Secretariat, General Services (Compulsory)",202403281804149314,22-03-2024,625,https://gr.maharashtra.gov.in/Site/Upload/Government%20Resolutions/English/202403281804149314.pdf,6,640381,GR_DATASET\pdfs\Minorities Development Department\202403281804149314.pdf,Downloaded,2026-07-27 22:49:36
Minorities Development Department,Regarding disbursement of grant (under program) to Urdu Sahitya Academy for the expenditure of various schemes to be implemented during the financial year 2023-24.,202403221559216314,22-03-2024,148,https://gr.maharashtra.gov.in/Site/Upload/Government%20Resolutions/English/202403221559216314.pdf,2,151262,GR_DATASET\pdfs\Minorities Development Department\202403221559216314.pdf,Downloaded,2026-07-27 22:49:37
Minorities Development Department,"Regarding disbursement of grant to the Maharashtra State Minority Commission for the period January, 2024 to February, 2024 for the financial year 2023-24 for salary and wage matters.",202403261223425414,22-03-2024,153,https://gr.maharashtra.gov.in/Site/Upload/Government%20Resolutions/English/202403261223425414.pdf,3,156324,GR_DATASET\pdfs\Minorities Development Department\202403261223425414.pdf,Downloaded,2026-07-27 22:49:38
Minorities Development Department,Regarding disbursement of grant available under Marathi Language Foundation Scheme as well as Competitive Examination Scheme in the financial year 2023-24.,202403261227104514,22-03-2024,149,https://gr.maharashtra.gov.in/Site/Upload/Government%20Resolutions/English/202403261227104514.pdf,2,152471,GR_DATASET\pdfs\Minorities Development Department\202403261227104514.pdf,Downloaded,2026-07-27 22:49:39
Minorities Development Department,"Regarding disbursement of funds for the financial year 2023-24 to the Maharashtra State Minority Commission for research, training and publicity of schemes.",202403261230546414,22-03-2024,153,https://gr.maharashtra.gov.in/Site/Upload/Government%20Resolutions/English/202403261230546414.pdf,3,156467,GR_DATASET\pdfs\Minorities Development Department\202403261230546414.pdf,Downloaded,2026-07-27 22:49:39
Minorities Development Department,Regarding disbursement of available funds for the financial year 2023-24 for the help line scheme to the Maharashtra State Minority Commission...,202403261238552814,22-03-2024,152,https://gr.maharashtra.gov.in/Site/Upload/Government%20Resolutions/English/202403261238552814.pdf,3,155678,GR_DATASET\pdfs\Minorities Development Department\202403261238552814.pdf,Downloaded,2026-07-27 22:49:40
Minorities Development Department,Regarding disbursement of funds for administrative expenses of 1 per cent under the scholarship scheme (excluding medical courses) for minority students of the state pursuing higher vocational and all courses after Class XII.,202403201635585314,20-03-2024,152,https://gr.maharashtra.gov.in/Site/Upload/Government%20Resolutions/English/202403201635585314.pdf,3,155842,GR_DATASET\pdfs\Minorities Development Department\202403201635585314.pdf,Downloaded,2026-07-27 22:49:41
Minorities Development Department,Regarding disbursement of funds for allotment of scholarships under the Scholarship Scheme to the minority students of the State pursuing higher vocational and all courses after Class XII.,202403191739347114,19-03-2024,152,https://gr.maharashtra.gov.in/Site/Upload/Government%20Resolutions/English/202403191739347114.pdf,4,155400,GR_DATASET\pdfs\Minorities Development Department\202403191739347114.pdf,Downloaded,2026-07-27 22:49:41
Minorities Development Department,Regarding distribution of funds to Maharashtra State Haj Committee for the financial year 2023-24...,202403151737593614,15-03-2024,143,https://gr.maharashtra.gov.in/Site/Upload/Government%20Resolutions/English/202403151737593614.pdf,2,146825,GR_DATASET\pdfs\Minorities Development Department\202403151737593614.pdf,Downloaded,2026-07-27 22:49:42
Minorities Development Department,"Maulana Azad Minority Economic Development Corporation Limited, Mumbai Share capital for the year 2023-24 Regarding distribution of contributions.",202403151740430214,15-03-2024,154,https://gr.maharashtra.gov.in/Site/Upload/Government%20Resolutions/English/202403151740430214.pdf,4,157260,GR_DATASET\pdfs\Minorities Development Department\202403151740430214.pdf,Downloaded,2026-07-27 22:49:43
Minorities Development Department,Regarding the establishment of the Commissionerate of Minorities and Minority Cell at the district level and approval to create 36 posts for the Commissionerate of Minorities and 85 posts for the Minority Cell at the district level.,202403151112072514,14-03-2024,339,https://gr.maharashtra.gov.in/Site/Upload/Government%20Resolutions/English/202403151112072514.pdf,5,347176,GR_DATASET\pdfs\Minorities Development Department\202403151112072514.pdf,Downloaded,2026-07-27 22:49:43
Minorities Development Department,Regarding the provision of funds for the management and construction of hostels for girls pursuing higher education from minority communities..... Disbursement of funds for the year 2023-24,202403131400466614,13-03-2024,155,https://gr.maharashtra.gov.in/Site/Upload/Government%20Resolutions/English/202403131400466614.pdf,3,158773,GR_DATASET\pdfs\Minorities Development Department\202403131400466614.pdf,Downloaded,2026-07-27 22:49:44
Minorities Development Department,Initiation of second/third cycle in existing industrial training institutes in minority dominated areas of the state... Allocation of funds for the year 2023-24.,202403131401467414,13-03-2024,166,https://gr.maharashtra.gov.in/Site/Upload/Government%20Resolutions/English/202403131401467414.pdf,3,169918,GR_DATASET\pdfs\Minorities Development Department\202403131401467414.pdf,Downloaded,2026-07-27 22:49:45
Minorities Development Department,Introduction of second cycle for minority students in existing government technical colleges. Disbursement of funds for the year 2023-24.,202403131406045214,13-03-2024,191,https://gr.maharashtra.gov.in/Site/Upload/Government%20Resolutions/English/202403131406045214.pdf,3,195869,GR_DATASET\pdfs\Minorities Development Department\202403131406045214.pdf,Downloaded,2026-07-27 22:49:46
Minorities Development Department,Regarding hiring of security guards and sweepers for Solapur Urdu Ghar and disbursement of f grant for the same in the year 2023-24.,202403111735594314,11-03-2024,222,https://gr.maharashtra.gov.in/Site/Upload/Government%20Resolutions/English/202403111735594314.pdf,2,226942,GR_DATASET\pdfs\Minorities Development Department\202403111735594314.pdf,Downloaded,2026-07-27 22:49:46
Minorities Development Department,Government Corrigendum- regarding partial modification of development work sanctioned for the year 2022-23.,202403071735197514,06-03-2024,338,https://gr.maharashtra.gov.in/Site/Upload/Government%20Resolutions/English/202403071735197514.pdf,2,346504,GR_DATASET\pdfs\Minorities Development Department\202403071735197514.pdf,Downloaded,2026-07-27 22:49:47
Minorities Development Department,Regarding the provision of funds for the management and construction of hostels for girls pursuing higher education from minority communities.... Distribution of funds for the year 2023-24,202403061137546114,06-03-2024,155,https://gr.maharashtra.gov.in/Site/Upload/Government%20Resolutions/English/202403061137546114.pdf,3,158957,GR_DATASET\pdfs\Minorities Development Department\202403061137546114.pdf,Downloaded,2026-07-27 22:49:47
Minorities Development Department,Grant Distribution to Minorities Schools for Basic intra Structure facilities for the year 2023-24.,202403051823589414,05-03-2024,193,https://gr.maharashtra.gov.in/Site/Upload/Government%20Resolutions/English/202403051823589414.pdf,10,197230,GR_DATASET\pdfs\Minorities Development Department\202403051823589414.pdf,Downloaded,2026-07-27 22:49:48
Minorities Development Department,Grant Distribution to Madarsas for Modernization/Basic infrastructure facilities for the year 2023-24.,202403051824041814,05-03-2024,524,https://gr.maharashtra.gov.in/Site/Upload/Government%20Resolutions/English/202403051824041814.pdf,7,536786,GR_DATASET\pdfs\Minorities Development Department\202403051824041814.pdf,Downloaded,2026-07-27 22:49:49
Minorities Development Department,Grant Distribution to Madarsas for Modernization/Basic infrastructure facilities for the year 2023-24.,202403051824099614,05-03-2024,413,https://gr.maharashtra.gov.in/Site/Upload/Government%20Resolutions/English/202403051824099614.pdf,6,423281,GR_DATASET\pdfs\Minorities Development Department\202403051824099614.pdf,Downloaded,2026-07-27 22:49:50
Minorities Development Department,Grant Distribution to Madarsas for Modernization/Basic infrastructure facilities for the year 2023-24.,202403051824148614,05-03-2024,519,https://gr.maharashtra.gov.in/Site/Upload/Government%20Resolutions/English/202403051824148614.pdf,6,531131,GR_DATASET\pdfs\Minorities Development Department\202403051824148614.pdf,Downloaded,2026-07-27 22:49:51
Minorities Development Department,Grant Distribution to Madarsas for Modernization/Basic infrastructure facilities for the year 2023-24.,202403051824208614,05-03-2024,415,https://gr.maharashtra.gov.in/Site/Upload/Government%20Resolutions/English/202403051824208614.pdf,6,424667,GR_DATASET\pdfs\Minorities Development Department\202403051824208614.pdf,Downloaded,2026-07-27 22:49:52
Minorities Development Department,Grant Distribution to Madarsas for Modernization/Basic infrastructure facilities for the year 2023-24.,202403051824259514,05-03-2024,523,https://gr.maharashtra.gov.in/Site/Upload/Government%20Resolutions/English/202403051824259514.pdf,7,535543,GR_DATASET\pdfs\Minorities Development Department\202403051824259514.pdf,Downloaded,2026-07-27 22:49:53
Minorities Development Department,Grant Distribution to Madarsas for Modernization/Basic infrastructure facilities for the year 2023-24.,202403051824319514,05-03-2024,525,https://gr.maharashtra.gov.in/Site/Upload/Government%20Resolutions/English/202403051824319514.pdf,7,537877,GR_DATASET\pdfs\Minorities Development Department\202403051824319514.pdf,Downloaded,2026-07-27 22:49:54
Minorities Development Department,Grant Distribution to Madarsas for Modernization/Basic infrastructure facilities for the year 2023-24.,202403051824370214,05-03-2024,524,https://gr.maharashtra.gov.in/Site/Upload/Government%20Resolutions/English/202403051824370214.pdf,7,536658,GR_DATASET\pdfs\Minorities Development Department\202403051824370214.pdf,Downloaded,2026-07-27 22:49:54
Minorities Development Department,Grant Distribution to Madarsas for Modernization/Basic infrastructure facilities for the year 2023-24.,202403051824422514,05-03-2024,422,https://gr.maharashtra.gov.in/Site/Upload/Government%20Resolutions/English/202403051824422514.pdf,8,431749,GR_DATASET\pdfs\Minorities Development Department\202403051824422514.pdf,Downloaded,2026-07-27 22:49:55
Minorities Development Department,Grant Distribution to Madarsas for Modernization/Basic infrastructure facilities for the year 2023-24.,202403051818546014..,05-03-2024,422,https://gr.maharashtra.gov.in/Site/Upload/Government%20Resolutions/English/202403051818546014...pdf,7,432243,GR_DATASET\pdfs\Minorities Development Department\202403051818546014...pdf,Downloaded,2026-07-27 22:49:56
Minorities Development Department,Grant Distribution to Madarsas for Modernization/Basic infrastructure facilities for the year 2023-24.,202403051824471014...,05-03-2024,520,https://gr.maharashtra.gov.in/Site/Upload/Government%20Resolutions/English/202403051824471014....pdf,7,532741,GR_DATASET\pdfs\Minorities Development Department\202403051824471014....pdf,Downloaded,2026-07-27 22:49:57
Minorities Development Department,Grant Distribution to Madarsas for Modernization/Basic infrastructure facilities for the year 2023-24.,202403051824529714...,05-03-2024,523,https://gr.maharashtra.gov.in/Site/Upload/Government%20Resolutions/English/202403051824529714....pdf,7,535990,GR_DATASET\pdfs\Minorities Development Department\202403051824529714....pdf,Downloaded,2026-07-27 22:49:58
Minorities Development Department,Grant Distribution to Madarsas for Modernization/Basic infrastructure facilities for the year 2023-24.,202403051824592114..,05-03-2024,519,https://gr.maharashtra.gov.in/Site/Upload/Government%20Resolutions/English/202403051824592114...pdf,6,531538,GR_DATASET\pdfs\Minorities Development Department\202403051824592114...pdf,Downloaded,2026-07-27 22:49:59
Minorities Development Department,Grant Distribution to Madarsas for Modernization/Basic infrastructure facilities for the year 2023-24.,202403051825049614...,05-03-2024,518,https://gr.maharashtra.gov.in/Site/Upload/Government%20Resolutions/English/202403051825049614....pdf,6,531098,GR_DATASET\pdfs\Minorities Development Department\202403051825049614....pdf,Downloaded,2026-07-27 22:50:00
Minorities Development Department,Government Corrigendum- regarding partial modification of the development work sanctioned in the year 2022-23 under the scheme Basic / Infrastructure in Minority Predominant Rural Areas of the State.,202403152019561514,05-03-2024,338,https://gr.maharashtra.gov.in/Site/Upload/Government%20Resolutions/English/202403152019561514.pdf,2,345856,GR_DATASET\pdfs\Minorities Development Department\202403152019561514.pdf,Downloaded,2026-07-27 22:50:01
Minorities Development Department,Grant Distribution to Minorities Schools for Basic intra Structure facilities for the year 2023-24.,202403051822229614....,05-03-2024,171,https://gr.maharashtra.gov.in/Site/Upload/Government%20Resolutions/English/202403051822229614.....pdf,7,175307,GR_DATASET\pdfs\Minorities Development Department\202403051822229614.....pdf,Downloaded,2026-07-27 22:50:02
Minorities Development Department,Grant Distribution to Minorities Schools for Basic intra Structure facilities for the year 2023-24.,202403051822279614,05-03-2024,796,https://gr.maharashtra.gov.in/Site/Upload/Government%20Resolutions/English/202403051822279614.pdf,7,814794,GR_DATASET\pdfs\Minorities Development Department\202403051822279614.pdf,Downloaded,2026-07-27 22:50:03
Minorities Development Department,Grant Distribution to Minorities Schools for Basic intra Structure facilities for the year 2023-24.,202403051822329114,05-03-2024,175,https://gr.maharashtra.gov.in/Site/Upload/Government%20Resolutions/English/202403051822329114.pdf,7,179037,GR_DATASET\pdfs\Minorities Development Department\202403051822329114.pdf,Downloaded,2026-07-27 22:50:04
Minorities Development Department,Grant Distribution to Minorities Schools for Basic intra Structure facilities for the year 2023-24.,202403051822382014,05-03-2024,171,https://gr.maharashtra.gov.in/Site/Upload/Government%20Resolutions/English/202403051822382014.pdf,7,174629,GR_DATASET\pdfs\Minorities Development Department\202403051822382014.pdf,Downloaded,2026-07-27 22:50:04
Minorities Development Department,Grant Distribution to Minorities Schools for Basic intra Structure facilities for the year 2023-24.,202403051822431914,05-03-2024,171,https://gr.maharashtra.gov.in/Site/Upload/Government%20Resolutions/English/202403051822431914.pdf,7,174653,GR_DATASET\pdfs\Minorities Development Department\202403051822431914.pdf,Downloaded,2026-07-27 22:50:05
Minorities Development Department,Grant Distribution to Minorities Schools for Basic intra Structure facilities for the year 2023-24.,202403051822479514,05-03-2024,171,https://gr.maharashtra.gov.in/Site/Upload/Government%20Resolutions/English/202403051822479514.pdf,7,175225,GR_DATASET\pdfs\Minorities Development Department\202403051822479514.pdf,Downloaded,2026-07-27 22:50:06
Minorities Development Department,Grant Distribution to Minorities Schools for Basic intra Structure facilities for the year 2023-24.,202403051822591014,05-03-2024,182,https://gr.maharashtra.gov.in/Site/Upload/Government%20Resolutions/English/202403051822591014.pdf,8,186583,GR_DATASET\pdfs\Minorities Development Department\202403051822591014.pdf,Downloaded,2026-07-27 22:50:06
Minorities Development Department,Grant Distribution to Minorities Schools for Basic intra Structure facilities for the year 2023-24.,202403051823079514,05-03-2024,186,https://gr.maharashtra.gov.in/Site/Upload/Government%20Resolutions/English/202403051823079514.pdf,9,190617,GR_DATASET\pdfs\Minorities Development Department\202403051823079514.pdf,Downloaded,2026-07-27 22:50:07
Minorities Development Department,Grant Distribution to Minorities Schools for Basic intra Structure facilities for the year 2023-24.,202403051823199414,05-03-2024,179,https://gr.maharashtra.gov.in/Site/Upload/Government%20Resolutions/English/202403051823199414.pdf,8,183133,GR_DATASET\pdfs\Minorities Development Department\202403051823199414.pdf,Downloaded,2026-07-27 22:50:08
Minorities Development Department,Grant Distribution to Minorities Schools for Basic intra Structure facilities for the year 2023-24.,202403051823261814,05-03-2024,170,https://gr.maharashtra.gov.in/Site/Upload/Government%20Resolutions/English/202403051823261814.pdf,7,174280,GR_DATASET\pdfs\Minorities Development Department\202403051823261814.pdf,Downloaded,2026-07-27 22:50:09
Minorities Development Department,Grant Distribution to Minorities Schools for Basic intra Structure facilities for the year 2023-24.,202403051823331414,05-03-2024,172,https://gr.maharashtra.gov.in/Site/Upload/Government%20Resolutions/English/202403051823331414.pdf,7,176381,GR_DATASET\pdfs\Minorities Development Department\202403051823331414.pdf,Downloaded,2026-07-27 22:50:09
Minorities Development Department,Grant Distribution to Minorities Schools for Basic intra Structure facilities for the year 2023-24.,202403051823399614,05-03-2024,172,https://gr.maharashtra.gov.in/Site/Upload/Government%20Resolutions/English/202403051823399614.pdf,7,175712,GR_DATASET\pdfs\Minorities Development Department\202403051823399614.pdf,Downloaded,2026-07-27 22:50:10
Minorities Development Department,Grant Distribution to Minorities Schools for Basic intra Structure facilities for the year 2023-24.,202403051823480414,05-03-2024,174,https://gr.maharashtra.gov.in/Site/Upload/Government%20Resolutions/English/202403051823480414.pdf,7,178057,GR_DATASET\pdfs\Minorities Development Department\202403051823480414.pdf,Downloaded,2026-07-27 22:50:11
Minorities Development Department,Grant Distribution to Minorities Schools for Basic intra Structure facilities for the year 2023-24.,202403051823531414,05-03-2024,173,https://gr.maharashtra.gov.in/Site/Upload/Government%20Resolutions/English/202403051823531414.pdf,7,176656,GR_DATASET\pdfs\Minorities Development Department\202403051823531414.pdf,Downloaded,2026-07-27 22:50:11
Minorities Development Department,Grant Distribution to Minorities Schools for Basic intra Structure facilities for the year 2023-24.,202403051821379514,05-03-2024,171,https://gr.maharashtra.gov.in/Site/Upload/Government%20Resolutions/English/202403051821379514.pdf,7,174855,GR_DATASET\pdfs\Minorities Development Department\202403051821379514.pdf,Downloaded,2026-07-27 22:50:12
Minorities Development Department,Grant Distribution to Minorities Schools for Basic intra Structure facilities for the year 2023-24.,202403051821459514..,05-03-2024,177,https://gr.maharashtra.gov.in/Site/Upload/Government%20Resolutions/English/202403051821459514...pdf,7,182062,GR_DATASET\pdfs\Minorities Development Department\202403051821459514...pdf,Downloaded,2026-07-27 22:50:13
Minorities Development Department,Grant Distribution to Minorities Schools for Basic intra Structure facilities for the year 2023-24.,202403051821549514...,05-03-2024,174,https://gr.maharashtra.gov.in/Site/Upload/Government%20Resolutions/English/202403051821549514....pdf,7,179198,GR_DATASET\pdfs\Minorities Development Department\202403051821549514....pdf,Downloaded,2026-07-27 22:50:14
Minorities Development Department,Grant Distribution to Minorities Schools for Basic intra Structure facilities for the year 2023-24.,202403051822019614..,05-03-2024,536,https://gr.maharashtra.gov.in/Site/Upload/Government%20Resolutions/English/202403051822019614...pdf,7,549674,GR_DATASET\pdfs\Minorities Development Department\202403051822019614...pdf,Downloaded,2026-07-27 22:50:14
Minorities Development Department,Grant Distribution to Minorities Schools for Basic intra Structure facilities for the year 2023-24.,202403051822072114..,05-03-2024,171,https://gr.maharashtra.gov.in/Site/Upload/Government%20Resolutions/English/202403051822072114...pdf,7,175934,GR_DATASET\pdfs\Minorities Development Department\202403051822072114...pdf,Downloaded,2026-07-27 22:50:15
Minorities Development Department,Grant Distribution to Minorities Schools for Basic intra Structure facilities for the year 2023-24.,202403051822120814...,05-03-2024,172,https://gr.maharashtra.gov.in/Site/Upload/Government%20Resolutions/English/202403051822120814....pdf,7,176756,GR_DATASET\pdfs\Minorities Development Department\202403051822120814....pdf,Downloaded,2026-07-27 22:50:16
Minorities Development Department,Grant Distribution to Minorities Schools for Basic intra Structure facilities for the year 2023-24.,202403051822178414..........,05-03-2024,170,https://gr.maharashtra.gov.in/Site/Upload/Government%20Resolutions/English/202403051822178414...........pdf,7,175048,GR_DATASET\pdfs\Minorities Development Department\202403051822178414...........pdf,Downloaded,2026-07-27 22:50:17
Minorities Development Department,Regarding approval of opening of separate deposit account Receipt Head for revenue collected form Urdu Ghar.,202403041517457514,04-03-2024,361,https://gr.maharashtra.gov.in/Site/Upload/Government%20Resolutions/English/202403041517457514.pdf,3,370008,GR_DATASET\pdfs\Minorities Development Department\202403041517457514.pdf,Downloaded,2026-07-27 22:50:17
Minorities Development Department,Regarding distribution of grant for Solapur Urdu Ghar in the year 2023-24,202403041520457714,04-03-2024,215,https://gr.maharashtra.gov.in/Site/Upload/Government%20Resolutions/English/202403041520457714.pdf,2,219887,GR_DATASET\pdfs\Minorities Development Department\202403041520457714.pdf,Downloaded,2026-07-27 22:50:18
Minorities Development Department,Government Corrigendum- regarding partial modification of development work sanctioned for the year 2021-22.,202403041523572514,29-02-2024,314,https://gr.maharashtra.gov.in/Site/Upload/Government%20Resolutions/English/202403041523572514.pdf,2,321043,GR_DATASET\pdfs\Minorities Development Department\202403041523572514.pdf,Downloaded,2026-07-27 22:50:19
Minorities Development Department,To start 2nd/3rd cycle in existing industrial training institutes in minority dominated areas of the state... Allocation of funds for the year 2023-24.,202402281423301714,28-02-2024,197,https://gr.maharashtra.gov.in/Site/Upload/Government%20Resolutions/English/202402281423301714.pdf,3,202145,GR_DATASET\pdfs\Minorities Development Department\202402281423301714.pdf,Downloaded,2026-07-27 22:50:20
Minorities Development Department,"Regarding disbursement of funds for the financial year 2023-24 to the Maharashtra State Minority Commission for research, training and publicity of schemes.",202402281632113214,28-02-2024,331,https://gr.maharashtra.gov.in/Site/Upload/Government%20Resolutions/English/202402281632113214.pdf,3,338645,GR_DATASET\pdfs\Minorities Development Department\202402281632113214.pdf,Downloaded,2026-07-27 22:50:20
Minorities Development Department,Government Corrigendum- regarding partial modification of development work sanctioned for the year 2022-23.,202402281639422714,28-02-2024,310,https://gr.maharashtra.gov.in/Site/Upload/Government%20Resolutions/English/202402281639422714.pdf,2,317178,GR_DATASET\pdfs\Minorities Development Department\202402281639422714.pdf,Downloaded,2026-07-27 22:50:21
Minorities Development Department,"National Corporation for Minority Development and Finance, New Delhi. Regarding distribution of contributions of Share capital for the year 2023-24.",202402281640297014,28-02-2024,261,https://gr.maharashtra.gov.in/Site/Upload/Government%20Resolutions/English/202402281640297014.pdf,3,267316,GR_DATASET\pdfs\Minorities Development Department\202402281640297014.pdf,Downloaded,2026-07-27 22:50:22
Minorities Development Department,Regarding management of 200 accessible hostels for female students pursuing higher education from minority communities,202402271252013214,27-02-2024,379,https://gr.maharashtra.gov.in/Site/Upload/Government%20Resolutions/English/202402271252013214.pdf,2,388534,GR_DATASET\pdfs\Minorities Development Department\202402271252013214.pdf,Downloaded,2026-07-27 22:50:23
Minorities Development Department,"Regarding disbursement of grant in the year 2023-24 for construction of Urdu Ghar at Sillod, Dist.Chhatrapati Sambhajinagar",202402261539237314,26-02-2024,214,https://gr.maharashtra.gov.in/Site/Upload/Government%20Resolutions/English/202402261539237314.pdf,2,218712,GR_DATASET\pdfs\Minorities Development Department\202402261539237314.pdf,Downloaded,2026-07-27 22:50:23
Minorities Development Department,"Regarding regularization of services of Shri. A. S. Azami, alias Shahid Nadeem, Sub Editor (Retired), Maharashtra State Urdu Sahitya Academy, Mumbai.",202402231833237214,23-02-2024,730,https://gr.maharashtra.gov.in/Site/Upload/Government%20Resolutions/English/202402231833237214.pdf,2,747816,GR_DATASET\pdfs\Minorities Development Department\202402231833237214.pdf,Downloaded,2026-07-27 22:50:25
Minorities Development Department,Government Corrigendum- regarding partial modification of development work sanctioned for the year 2021-22.,202402281635419414,21-02-2024,340,https://gr.maharashtra.gov.in/Site/Upload/Government%20Resolutions/English/202402281635419414.pdf,2,348116,GR_DATASET\pdfs\Minorities Development Department\202402281635419414.pdf,Downloaded,2026-07-27 22:50:26
Minorities Development Department,"Regarding the appointment of a retired officer on contract basis to handle the restricted work in the Maharashtra State Haj Committee, Mumbai office",202402151544190614,15-02-2024,140,https://gr.maharashtra.gov.in/Site/Upload/Government%20Resolutions/English/202402151544190614.pdf,2,143288,GR_DATASET\pdfs\Minorities Development Department\202402151544190614.pdf,Downloaded,2026-07-27 22:50:26
Minorities Development Department,Introduction of second cycle for minority students in existing government technical colleges. Disbursement of funds for the year 2023-24.,202402121714059314,12-02-2024,201,https://gr.maharashtra.gov.in/Site/Upload/Government%20Resolutions/English/202402121714059314.pdf,3,206096,GR_DATASET\pdfs\Minorities Development Department\202402121714059314.pdf,Downloaded,2026-07-27 22:50:27
Minorities Development Department,"Regarding appointment of member to the Maharashtra State Waqf Tribunal, Chhatrapati Sambhajinagar from the cadre of Officer of the rank of Additional District Magistrate in the State Civile Service",202402091845333114,09-02-2024,254,https://gr.maharashtra.gov.in/Site/Upload/Government%20Resolutions/English/202402091845333114.pdf,2,260270,GR_DATASET\pdfs\Minorities Development Department\202402091845333114.pdf,Downloaded,2026-07-27 22:50:28
Minorities Development Department,Government Corrigendum- regarding partial modification of development work sanctioned for the year 2021-22.,202402061146185614,05-02-2024,512,https://gr.maharashtra.gov.in/Site/Upload/Government%20Resolutions/English/202402061146185614.pdf,2,523908,GR_DATASET\pdfs\Minorities Development Department\202402061146185614.pdf,Downloaded,2026-07-27 22:50:29
Minorities Development Department,Introduction of second cycle for minority students in existing government technical colleges. Disbursement of funds for the year 2023-24.,202401191652291314,19-01-2024,203,https://gr.maharashtra.gov.in/Site/Upload/Government%20Resolutions/English/202401191652291314.pdf,3,207624,GR_DATASET\pdfs\Minorities Development Department\202401191652291314.pdf,Downloaded,2026-07-27 22:50:30
Minorities Development Department,Regarding disbursement of second installment grant for construction of health sub-centre under Centrally sponsored Pradhan Mantri Jan Vikas Programme. (Center and State share),202401181523386714,18-01-2024,171,https://gr.maharashtra.gov.in/Site/Upload/Government%20Resolutions/English/202401181523386714.pdf,4,175051,GR_DATASET\pdfs\Minorities Development Department\202401181523386714.pdf,Downloaded,2026-07-27 22:50:31
Minorities Development Department,Corrigendum of G.R. Dated 31.3.2022 (under the scheme Basic / Infrastructure in Minority Majority Urban Areas of the State).,202401161732083514,16-01-2024,868,https://gr.maharashtra.gov.in/Site/Upload/Government%20Resolutions/English/202401161732083514.pdf,2,888529,GR_DATASET\pdfs\Minorities Development Department\202401161732083514.pdf,Downloaded,2026-07-27 22:50:31
Minorities Development Department,Regarding disbursement of grants under the Marathi Language Foundation Scheme in the financial year 2023-24.,202401151555103614,15-01-2024,149,https://gr.maharashtra.gov.in/Site/Upload/Government%20Resolutions/English/202401151555103614.pdf,3,152444,GR_DATASET\pdfs\Minorities Development Department\202401151555103614.pdf,Downloaded,2026-07-27 22:50:32
Minorities Development Department,"Administrative approval to the Sillod, Dist. Chhatrapati Sambhaji Nagar Urdu Ghar (Stage-1).....",202401111716486214,11-01-2024,399,https://gr.maharashtra.gov.in/Site/Upload/Government%20Resolutions/English/202401111716486214.pdf,4,408209,GR_DATASET\pdfs\Minorities Development Department\202401111716486214.pdf,Downloaded,2026-07-27 22:50:33
Minorities Development Department,Regarding the provision of funds for the management and construction of hostels for girls pursuing higher education from minority communities.... Distribution of funds for the year 2023-24,202401091222449414,09-01-2024,155,https://gr.maharashtra.gov.in/Site/Upload/Government%20Resolutions/English/202401091222449414.pdf,3,158271,GR_DATASET\pdfs\Minorities Development Department\202401091222449414.pdf,Downloaded,2026-07-27 22:50:34
Minorities Development Department,Fund distribution for the year 2023-24 regarding depositing the amount for the food of the minority students in the hostels of the minority students in the Aadhaar attached account.,202401091229192914,09-01-2024,171,https://gr.maharashtra.gov.in/Site/Upload/Government%20Resolutions/English/202401091229192914.pdf,5,175467,GR_DATASET\pdfs\Minorities Development Department\202401091229192914.pdf,Downloaded,2026-07-27 22:50:34
Minorities Development Department,To start 2nd/3rd cycle in existing industrial training institutes in minority dominated areas of the state... Allocation of funds for the year 2023-24.,202401091241510814,09-01-2024,250,https://gr.maharashtra.gov.in/Site/Upload/Government%20Resolutions/English/202401091241510814.pdf,3,255728,GR_DATASET\pdfs\Minorities Development Department\202401091241510814.pdf,Downloaded,2026-07-27 22:50:35
Minorities Development Department,"National Corporation for Minority Development and Finance, New Delhi. Regarding distribution of contributions of Share capital for the year 2023-24.",202401091512181814,09-01-2024,152,https://gr.maharashtra.gov.in/Site/Upload/Government%20Resolutions/English/202401091512181814.pdf,3,155588,GR_DATASET\pdfs\Minorities Development Department\202401091512181814.pdf,Downloaded,2026-07-27 22:50:36
Minorities Development Department,"Maulana Azad Minorities Financial Development Corporation Limited, Mumbai Regarding distribution of contributions of Share capital for the year 2023-24",202401091518561714,09-01-2024,152,https://gr.maharashtra.gov.in/Site/Upload/Government%20Resolutions/English/202401091518561714.pdf,3,155846,GR_DATASET\pdfs\Minorities Development Department\202401091518561714.pdf,Downloaded,2026-07-27 22:50:37
Minorities Development Department,Regarding creation of new posts and recruitment of new posts on the establishment of Maharashtra State Haj Committee.,202401091733120214,09-01-2024,130,https://gr.maharashtra.gov.in/Site/Upload/Government%20Resolutions/English/202401091733120214.pdf,1,133230,GR_DATASET\pdfs\Minorities Development Department\202401091733120214.pdf,Downloaded,2026-07-27 22:50:38
Minorities Development Department,"Regarding approving 40 advance payment on the basis of Proforma Invoice for preparing Case Information Management System for Maharashtra State Waqf Tribunal through National Informatics Center Services Incorporated, New Delhi.",202401081517551514,08-01-2024,348,https://gr.maharashtra.gov.in/Site/Upload/Government%20Resolutions/English/202401081517551514.pdf,3,356774,GR_DATASET\pdfs\Minorities Development Department\202401081517551514.pdf,Downloaded,2026-07-27 22:50:39
Minorities Development Department,"Regarding distribution of funds for the year 2023-24 for the honorarium, care, repair and operation, etc. of the employees appointed for Malegaon Urdu Ghar...",202401051436324614,05-01-2024,215,https://gr.maharashtra.gov.in/Site/Upload/Government%20Resolutions/English/202401051436324614.pdf,2,219889,GR_DATASET\pdfs\Minorities Development Department\202401051436324614.pdf,Downloaded,2026-07-27 22:50:40
Minorities Development Department,Regarding disbursement of funds to the Maharashtra State Minorities Commission for Non-Salary matters in the financial year 2023-24.,202401051638244014,05-01-2024,152,https://gr.maharashtra.gov.in/Site/Upload/Government%20Resolutions/English/202401051638244014.pdf,3,155161,GR_DATASET\pdfs\Minorities Development Department\202401051638244014.pdf,Downloaded,2026-07-27 22:50:40
Minorities Development Department,Dr. Zakir Hussain Madrasah Modernization Scheme.,202312221740438214,22-12-2023,731,https://gr.maharashtra.gov.in/Site/Upload/Government%20Resolutions/English/202312221740438214.pdf,2,748855,GR_DATASET\pdfs\Minorities Development Department\202312221740438214.pdf,Downloaded,2026-07-27 22:50:43
Minorities Development Department,"Regarding disbursement of grant to the Maharashtra State Minority Commission for salary and wages for the period from December, 2023 to February, 2024 during the financial year 2023-24.",202312201233171514,20-12-2023,153,https://gr.maharashtra.gov.in/Site/Upload/Government%20Resolutions/English/202312201233171514.pdf,3,157011,GR_DATASET\pdfs\Minorities Development Department\202312201233171514.pdf,Downloaded,2026-07-27 22:50:44
Minorities Development Department,Regarding approval of the revised establishment for the three-member Maharashtra State Waqf Tribunal.....Corrigendum,202312201320164914,20-12-2023,144,https://gr.maharashtra.gov.in/Site/Upload/Government%20Resolutions/English/202312201320164914.pdf,1,147034,GR_DATASET\pdfs\Minorities Development Department\202312201320164914.pdf,Downloaded,2026-07-27 22:50:45
Minorities Development Department,"Regarding disbursement of grant for construction of Hospital Dnyane, Municipal Corporation, Malegaon in Nashik District under Centrally Sponsored Pradhan Mantri Jan Vikas Program (PMJVK) (Central Share State Share) for the year 2020-21.",202312041806572514,04-12-2023,468,https://gr.maharashtra.gov.in/Site/Upload/Government%20Resolutions/English/202312041806572514.pdf,4,479237,GR_DATASET\pdfs\Minorities Development Department\202312041806572514.pdf,Downloaded,2026-07-27 22:50:48
Minorities Development Department,Disbursement of grant to the Maharashtra State Haj Committee for financial year 2023-2024.,202311291428311914,29-11-2023,149,https://gr.maharashtra.gov.in/Site/Upload/Government%20Resolutions/English/202311291428311914.pdf,2,152994,GR_DATASET\pdfs\Minorities Development Department\202311291428311914.pdf,Downloaded,2026-07-27 22:50:50
Minorities Development Department,Regarding observance of 18th December as Minority Rights Day.,202311291709338614,29-11-2023,140,https://gr.maharashtra.gov.in/Site/Upload/Government%20Resolutions/English/202311291709338614.pdf,2,143468,GR_DATASET\pdfs\Minorities Development Department\202311291709338614.pdf,Downloaded,2026-07-27 22:50:51
Minorities Development Department,foreign Scholarship Scheme for students belonging to minority communities whose perusing Postgraduate and Ph.D. studies at abroad.,202311231521469114..,23-11-2023,280,https://gr.maharashtra.gov.in/Site/Upload/Government%20Resolutions/English/202311231521469114...pdf,12,287378,GR_DATASET\pdfs\Minorities Development Department\202311231521469114...pdf,Downloaded,2026-07-27 22:50:54
Minorities Development Department,Regarding disbursement of funds for administrative expenses of 1 per cent under the scholarship scheme (excluding medical courses) for minority students of the state pursuing higher vocational and all courses after Class XII.,202311201111549214,20-11-2023,152,https://gr.maharashtra.gov.in/Site/Upload/Government%20Resolutions/English/202311201111549214.pdf,3,155846,GR_DATASET\pdfs\Minorities Development Department\202311201111549214.pdf,Downloaded,2026-07-27 22:50:55
Minorities Development Department,"Regarding disbursement of grant under the program for the financial year 2023-24 to Maharashtra State Urdu Sahitya Akademi, Mumbai.",202311201553136314,20-11-2023,319,https://gr.maharashtra.gov.in/Site/Upload/Government%20Resolutions/English/202311201553136314.pdf,3,326740,GR_DATASET\pdfs\Minorities Development Department\202311201553136314.pdf,Downloaded,2026-07-27 22:50:57
Minorities Development Department,Regarding the disbursement of grant to the institutes conducting the training program in the year 2022-23 under the Police Recruitment Pre-Training Scheme.,202311161610079314,16-11-2023,151,https://gr.maharashtra.gov.in/Site/Upload/Government%20Resolutions/English/202311161610079314.pdf,3,154739,GR_DATASET\pdfs\Minorities Development Department\202311161610079314.pdf,Downloaded,2026-07-27 22:51:00
Minorities Development Department,Regarding disbursement of central state share funds from the SNA account of the scheme for implementation of SmartClass project in schools in minority dominated areas under the Centrally Sponsored Pradhan Mantri Jan Vikas Program (PMJVK).,202311101114472314,10-11-2023,628,https://gr.maharashtra.gov.in/Site/Upload/Government%20Resolutions/English/202311101114472314.pdf,4,643062,GR_DATASET\pdfs\Minorities Development Department\202311101114472314.pdf,Downloaded,2026-07-27 22:51:05
Minorities Development Department,Disbursement of grant to the Maharashtra State Haj Committee for financial year 2023-2024.,202311091151473014,09-11-2023,238,https://gr.maharashtra.gov.in/Site/Upload/Government%20Resolutions/English/202311091151473014.pdf,2,243344,GR_DATASET\pdfs\Minorities Development Department\202311091151473014.pdf,Downloaded,2026-07-27 22:51:08
Minorities Development Department,"Regarding regularization of services of Shri. A. S. Azami, alias Shahid Nadeem,",202311091546014614,09-11-2023,141,https://gr.maharashtra.gov.in/Site/Upload/Government%20Resolutions/English/202311091546014614.pdf,3,144010,GR_DATASET\pdfs\Minorities Development Department\202311091546014614.pdf,Downloaded,2026-07-27 22:51:09
Minorities Development Department,Grant release for minority girls hostel,202311071438189114,07-11-2023,156,https://gr.maharashtra.gov.in/Site/Upload/Government%20Resolutions/English/202311071438189114.pdf,3,159794,GR_DATASET\pdfs\Minorities Development Department\202311071438189114.pdf,Downloaded,2026-07-27 22:51:10
Minorities Development Department,Grant release for second and third shift in ITI,202311071442167414,07-11-2023,249,https://gr.maharashtra.gov.in/Site/Upload/Government%20Resolutions/English/202311071442167414.pdf,3,255343,GR_DATASET\pdfs\Minorities Development Department\202311071442167414.pdf,Downloaded,2026-07-27 22:51:11
Minorities Development Department,Grant release for second shift in polytechnics,202311071446516614,07-11-2023,181,https://gr.maharashtra.gov.in/Site/Upload/Government%20Resolutions/English/202311071446516614.pdf,3,185685,GR_DATASET\pdfs\Minorities Development Department\202311071446516614.pdf,Downloaded,2026-07-27 22:51:12
Minorities Development Department,Regarding disbursement of funds for allotment of scholarships under the Scholarship Scheme to the minority students of the State pursuing higher vocational and all courses after Class XII.,202311061013053314,06-11-2023,148,https://gr.maharashtra.gov.in/Site/Upload/Government%20Resolutions/English/202311061013053314.pdf,3,151172,GR_DATASET\pdfs\Minorities Development Department\202311061013053314.pdf,Downloaded,2026-07-27 22:51:13
Minorities Development Department,Disbursement of funds to Madrasas in 2022-23 under Dr. Zakir Hussain Madrasa Modernization Scheme from provision in 2023-24.,202311061013397914..,06-11-2023,278,https://gr.maharashtra.gov.in/Site/Upload/Government%20Resolutions/English/202311061013397914...pdf,15,285360,GR_DATASET\pdfs\Minorities Development Department\202311061013397914...pdf,Downloaded,2026-07-27 22:51:15
Minorities Development Department,Administrative Approval (under programme) for various schemes to be implemented in the financial year 2023-24 from Maharashtra State Urdu Sahitya Akademi.,202311061630143114..,06-11-2023,802,https://gr.maharashtra.gov.in/Site/Upload/Government%20Resolutions/English/202311061630143114...pdf,2,821584,GR_DATASET\pdfs\Minorities Development Department\202311061630143114...pdf,Downloaded,2026-07-27 22:51:17
Minorities Development Department,Government Corrigendum - Regarding disbursement of grant-in-aid for compulsory expenditure for the financial year 2023-24 to Maharastra State Urdu Sahitya Akademi,202311031124276614,03-11-2023,155,https://gr.maharashtra.gov.in/Site/Upload/Government%20Resolutions/English/202311031124276614.pdf,1,158464,GR_DATASET\pdfs\Minorities Development Department\202311031124276614.pdf,Downloaded,2026-07-27 22:51:18
Minorities Development Department,Regarding disbursement of grant to the Maharashtra State Minority Commission for salary and salary matters during the financial year 2023-24.,202311011109563514,01-11-2023,154,https://gr.maharashtra.gov.in/Site/Upload/Government%20Resolutions/English/202311011109563514.pdf,3,157187,GR_DATASET\pdfs\Minorities Development Department\202311011109563514.pdf,Downloaded,2026-07-27 22:51:20
Minorities Development Department,Regarding distribution of grant in the year 2023-24 for strengthening Maharashtra State Waqf Board.,202311011518435114,01-11-2023,429,https://gr.maharashtra.gov.in/Site/Upload/Government%20Resolutions/English/202311011518435114.pdf,2,439757,GR_DATASET\pdfs\Minorities Development Department\202311011518435114.pdf,Downloaded,2026-07-27 22:51:21
Minorities Development Department,"Regarding the observance of the week from 19th November, 2023 to 25th November, 2023 as National Unity Week.",202311011543450914,01-11-2023,246,https://gr.maharashtra.gov.in/Site/Upload/Government%20Resolutions/English/202311011543450914.pdf,5,252123,GR_DATASET\pdfs\Minorities Development Department\202311011543450914.pdf,Downloaded,2026-07-27 22:51:22
Minorities Development Department,"Regarding observance of 24th November, 2023 as Flag Day for collection of funds during Qaumi Ekta Week.",202311011548072214,01-11-2023,326,https://gr.maharashtra.gov.in/Site/Upload/Government%20Resolutions/English/202311011548072214.pdf,4,333876,GR_DATASET\pdfs\Minorities Development Department\202311011548072214.pdf,Downloaded,2026-07-27 22:51:23
Minorities Development Department,Disbursement of grant to the Maharashtra State Haj Committee for financial year 2023-2024.,202310231220573514,23-10-2023,220,https://gr.maharashtra.gov.in/Site/Upload/Government%20Resolutions/English/202310231220573514.pdf,2,224817,GR_DATASET\pdfs\Minorities Development Department\202310231220573514.pdf,Downloaded,2026-07-27 22:51:24
Minorities Development Department,Disbursement of grant to the Maharashtra State Haj Committee for financial year 2023-2024.,202310231223561614,23-10-2023,148,https://gr.maharashtra.gov.in/Site/Upload/Government%20Resolutions/English/202310231223561614.pdf,2,151395,GR_DATASET\pdfs\Minorities Development Department\202310231223561614.pdf,Downloaded,2026-07-27 22:51:27
Minorities Development Department,Regarding constituting a committee to make recommendations to the government regarding the entry of Waqf properties in the property sheet and allocation of land settlement amount.,202310171606124514,17-10-2023,145,https://gr.maharashtra.gov.in/Site/Upload/Government%20Resolutions/English/202310171606124514.pdf,3,148517,GR_DATASET\pdfs\Minorities Development Department\202310171606124514.pdf,Downloaded,2026-07-27 22:51:27
Minorities Development Department,Regarding disbursement of grant in the year 2023-24 for construction of Solapur Urdu Ghar.,202310131136414914,13-10-2023,313,https://gr.maharashtra.gov.in/Site/Upload/Government%20Resolutions/English/202310131136414914.pdf,3,320687,GR_DATASET\pdfs\Minorities Development Department\202310131136414914.pdf,Downloaded,2026-07-27 22:51:29
Minorities Development Department,Regarding the disbursement of grant to the institutes conducting the training program in the year 2022-23 under the Resident Police Recruitment Pre-Training Scheme.,202310101506069714,10-10-2023,153,https://gr.maharashtra.gov.in/Site/Upload/Government%20Resolutions/English/202310101506069714.pdf,4,156869,GR_DATASET\pdfs\Minorities Development Department\202310101506069714.pdf,Downloaded,2026-07-27 22:51:30
Minorities Development Department,"Regarding disbursement of share capital contribution for the year 2023-24 to the office of National Corporation for Minority Development and Finance, New Delhi.",202310101713438614,10-10-2023,335,https://gr.maharashtra.gov.in/Site/Upload/Government%20Resolutions/English/202310101713438614.pdf,3,343219,GR_DATASET\pdfs\Minorities Development Department\202310101713438614.pdf,Downloaded,2026-07-27 22:51:32
Minorities Development Department,"Regarding disbursement of share capital contribution for the year 2023-24 to the office of Maulana Azad Minority Economic Development Corporation Limited, Mumbai.",202310101718329714,10-10-2023,150,https://gr.maharashtra.gov.in/Site/Upload/Government%20Resolutions/English/202310101718329714.pdf,3,153796,GR_DATASET\pdfs\Minorities Development Department\202310101718329714.pdf,Downloaded,2026-07-27 22:51:43
Minorities Development Department,Grant release for minority girls Hostel,202310061626496114,06-10-2023,326,https://gr.maharashtra.gov.in/Site/Upload/Government%20Resolutions/English/202310061626496114.pdf,3,334305,GR_DATASET\pdfs\Minorities Development Department\202310061626496114.pdf,Downloaded,2026-07-27 22:51:55
Minorities Development Department,Regarding disbursement of grant-in-aid for compulsory expenditure for the financial year 2023-24 to the Maharashtra State Urdu Sahitya Academy.,202310041703169714,04-10-2023,799,https://gr.maharashtra.gov.in/Site/Upload/Government%20Resolutions/English/202310041703169714.pdf,2,818647,GR_DATASET\pdfs\Minorities Development Department\202310041703169714.pdf,Downloaded,2026-07-27 22:51:58
Minorities Development Department,Distribution of funds under dr. zakir hussain madrassa modernization scheme for the madrassas of the year 2022-23 in 2023-24 financial year.,202310031434370414,03-10-2023,189,https://gr.maharashtra.gov.in/Site/Upload/Government%20Resolutions/English/202310031434370414.pdf,8,193138,GR_DATASET\pdfs\Minorities Development Department\202310031434370414.pdf,Downloaded,2026-07-27 22:51:59
Minorities Development Department,Grand relies for the helpline scheme.,202309111520216314,11-09-2023,173,https://gr.maharashtra.gov.in/Site/Upload/Government%20Resolutions/English/202309111520216314.pdf,3,177593,GR_DATASET\pdfs\Minorities Development Department\202309111520216314.pdf,Downloaded,2026-07-27 22:52:00
Minorities Development Department,Grand relies for second and third shift in ITI.,202309111157363114,11-09-2023,202,https://gr.maharashtra.gov.in/Site/Upload/Government%20Resolutions/English/202309111157363114.pdf,3,206809,GR_DATASET\pdfs\Minorities Development Department\202309111157363114.pdf,Downloaded,2026-07-27 22:52:01
Minorities Development Department,Grand relies for second shift in Polytacnic.,202309111156441114,11-09-2023,179,https://gr.maharashtra.gov.in/Site/Upload/Government%20Resolutions/English/202309111156441114.pdf,3,183105,GR_DATASET\pdfs\Minorities Development Department\202309111156441114.pdf,Downloaded,2026-07-27 22:52:02
Minorities Development Department,Grand relies for Girls Hostel.,202309111208508014,11-09-2023,157,https://gr.maharashtra.gov.in/Site/Upload/Government%20Resolutions/English/202309111208508014.pdf,4,161181,GR_DATASET\pdfs\Minorities Development Department\202309111208508014.pdf,Downloaded,2026-07-27 22:52:04
Minorities Development Department,"Regarding distribution of funds in the financial year 2023-24 for honorarium, maintenance, repair and Outsourcing employees for Nanded Urdu Ghar..",202309051252074414,05-09-2023,218,https://gr.maharashtra.gov.in/Site/Upload/Government%20Resolutions/English/202309051252074414.pdf,3,222876,GR_DATASET\pdfs\Minorities Development Department\202309051252074414.pdf,Downloaded,2026-07-27 22:52:50
Minorities Development Department,Approval for open new budget head to make a provision and to disbursed fund for the Project of Minorty Dharmakshetra and Area Development Plans,202309041734050014,04-09-2023,210,https://gr.maharashtra.gov.in/Site/Upload/Government%20Resolutions/English/202309041734050014.pdf,3,215401,GR_DATASET\pdfs\Minorities Development Department\202309041734050014.pdf,Downloaded,2026-07-27 22:52:51
Minorities Development Department,"Grand relies for research, training and publicity scheme in year 2023-24",202309111445353314,30-08-2023,177,https://gr.maharashtra.gov.in/Site/Upload/Government%20Resolutions/English/202309111445353314.pdf,3,181415,GR_DATASET\pdfs\Minorities Development Department\202309111445353314.pdf,Downloaded,2026-07-27 22:52:53
Minorities Development Department,Regarding the disbursement of funds for the financial year 2023-24 for the Self Help Group Scheme.,202308291249234014,29-08-2023,151,https://gr.maharashtra.gov.in/Site/Upload/Government%20Resolutions/English/202308291249234014.pdf,3,154453,GR_DATASET\pdfs\Minorities Development Department\202308291249234014.pdf,Downloaded,2026-07-27 22:52:54
Minorities Development Department,Introduction of second cycle for minority students in existing government technical colleges. Disbursement of funds for the year 2023-24.,202308171306488014,17-08-2023,207,https://gr.maharashtra.gov.in/Site/Upload/Government%20Resolutions/English/202308171306488014.pdf,3,212036,GR_DATASET\pdfs\Minorities Development Department\202308171306488014.pdf,Downloaded,2026-07-27 22:52:56
Minorities Development Department,"Regarding disbursement of funds to the Maharashtra State Minority Commission for non-salary matters for the three months from July, 2023 to September, 2023 in the financial year 2023-24.",202308041421111614,04-08-2023,178,https://gr.maharashtra.gov.in/Site/Upload/Government%20Resolutions/English/202308041421111614.pdf,3,181969,GR_DATASET\pdfs\Minorities Development Department\202308041421111614.pdf,Downloaded,2026-07-27 22:53:33
Minorities Development Department,Subsidy Scheme for Minority Majority Government Recognized Private Schools - 2022-23 Shuddhikarta distric Yavatmal,202308011252502214,02-08-2023,251,https://gr.maharashtra.gov.in/Site/Upload/Government%20Resolutions/English/202308011252502214.pdf,2,256602,GR_DATASET\pdfs\Minorities Development Department\202308011252502214.pdf,Downloaded,2026-07-27 22:53:40
Minorities Development Department,2023-24 ..,202308011221590714,01-08-2023,142,https://gr.maharashtra.gov.in/Site/Upload/Government%20Resolutions/English/202308011221590714.pdf,2,145041,GR_DATASET\pdfs\Minorities Development Department\202308011221590714.pdf,Downloaded,2026-07-27 22:53:42
Minorities Development Department,Corrigendum to Regarding partial modification of sanctioned development work for the year 2021-22 under the scheme Basic / Infrastructure in Minority Predominant Rural Areas of the State.,202308011507175314,01-08-2023,314,https://gr.maharashtra.gov.in/Site/Upload/Government%20Resolutions/English/202308011507175314.pdf,2,321614,GR_DATASET\pdfs\Minorities Development Department\202308011507175314.pdf,Downloaded,2026-07-27 22:53:43
Minorities Development Department,grant released for minority girls hostel.,202307271659342814,27-07-2023,180,https://gr.maharashtra.gov.in/Site/Upload/Government%20Resolutions/English/202307271659342814.pdf,3,184763,GR_DATASET\pdfs\Minorities Development Department\202307271659342814.pdf,Downloaded,2026-07-27 22:53:44
Minorities Development Department,"Maharashtra State Minorities Commission Regarding the distribution of salary for the period from July, 2023 to September, 2023 for the financial year 2023-24.",202307271711160914,27-07-2023,178,https://gr.maharashtra.gov.in/Site/Upload/Government%20Resolutions/English/202307271711160914.pdf,3,181928,GR_DATASET\pdfs\Minorities Development Department\202307271711160914.pdf,Downloaded,2026-07-27 22:53:45
Minorities Development Department,Corrigendum - Regarding the partial change in the name of the sanctioned development work for the year 2021-22 under the scheme Minority Majority Rural Area Development Program in the State.,202307201624405514,19-07-2023,338,https://gr.maharashtra.gov.in/Site/Upload/Government%20Resolutions/English/202307201624405514.pdf,2,346387,GR_DATASET\pdfs\Minorities Development Department\202307201624405514.pdf,Downloaded,2026-07-27 22:53:46
Minorities Development Department,grant release for minority girls hostels,202307041526160814,04-07-2023,201,https://gr.maharashtra.gov.in/Site/Upload/Government%20Resolutions/English/202307041526160814.pdf,5,205961,GR_DATASET\pdfs\Minorities Development Department\202307041526160814.pdf,Downloaded,2026-07-27 22:53:47
Minorities Development Department,grant release for minority Politechniqe,202307041539269114,04-07-2023,156,https://gr.maharashtra.gov.in/Site/Upload/Government%20Resolutions/English/202307041539269114.pdf,3,159722,GR_DATASET\pdfs\Minorities Development Department\202307041539269114.pdf,Downloaded,2026-07-27 22:53:48
Minorities Development Department,grant release for ITI,202307041543324914,04-07-2023,179,https://gr.maharashtra.gov.in/Site/Upload/Government%20Resolutions/English/202307041543324914.pdf,3,182946,GR_DATASET\pdfs\Minorities Development Department\202307041543324914.pdf,Downloaded,2026-07-27 22:53:49
Minorities Development Department,"Maharashtra State Minority Commission regarding the distribution of salary, overtime allowance, dearness allowance and subsidy for salary matters for the financial year 2023-24 for the month of June, 2023.",202306281610373014,28-06-2023,153,https://gr.maharashtra.gov.in/Site/Upload/Government%20Resolutions/English/202306281610373014.pdf,3,157007,GR_DATASET\pdfs\Minorities Development Department\202306281610373014.pdf,Downloaded,2026-07-27 22:53:50
Minorities Development Department,Corrigendum of G.R. Dated 31.3.2022 (under the scheme Basic / Infrastructure in Minority Majority Urban Areas of the State).,202306221201424814,22-06-2023,819,https://gr.maharashtra.gov.in/Site/Upload/Government%20Resolutions/English/202306221201424814.pdf,0,0,GR_DATASET\pdfs\Minorities Development Department\202306221201424814.pdf,404 Client Error: Not Found for url: https://gr.maharashtra.gov.in/Site/Upload/Government%20Resolutions/English/202306221201424814.pdf,2026-07-27 22:53:50
Minorities Development Department,"Under the grant scheme to provide infrastructure facilities in religious minority students majority government recognized private aided / unaided / permanent unaided schools, junior colleges, industrial training institutes, municipal / municipal council schools and disabled schools to the eligible schools in the year 2022-23 from the budgetary provision of the year 2023-24 Disbursement of Funds.",202306131021141914,13-06-2023,183,https://gr.maharashtra.gov.in/Site/Upload/Government%20Resolutions/English/202306131021141914.pdf,9,187200,GR_DATASET\pdfs\Minorities Development Department\202306131021141914.pdf,Downloaded,2026-07-27 22:53:51
Minorities Development Department,Disbursement of grant to the Maharashtra State Haj Committee for financial year 2023-2024.,202306011317269514,31-05-2023,142,https://gr.maharashtra.gov.in/Site/Upload/Government%20Resolutions/English/202306011317269514.pdf,2,145671,GR_DATASET\pdfs\Minorities Development Department\202306011317269514.pdf,Downloaded,2026-07-27 22:53:52
Minorities Development Department,Disbursement of grant to the Maharashtra State Haj Committee for financial year 2023-2024.,202306011323123714,31-05-2023,148,https://gr.maharashtra.gov.in/Site/Upload/Government%20Resolutions/English/202306011323123714.pdf,2,151201,GR_DATASET\pdfs\Minorities Development Department\202306011323123714.pdf,Downloaded,2026-07-27 22:53:53
Minorities Development Department,Disbursement of funds under the Dr. Zakir Hussain Madrasa Modernization Scheme to Madrasas in the year 2022-23 from the provision in the year 2023-24.,202305311149421214,31-05-2023,214,https://gr.maharashtra.gov.in/Site/Upload/Government%20Resolutions/English/202305311149421214.pdf,0,0,GR_DATASET\pdfs\Minorities Development Department\202305311149421214.pdf,404 Client Error: Not Found for url: https://gr.maharashtra.gov.in/Site/Upload/Government%20Resolutions/English/202305311149421214.pdf,2026-07-27 22:53:54
Minorities Development Department,Regarding disbursement of funds for allotment of scholarships under the Scholarship Scheme to the minority students of the State pursuing higher vocational and all courses after Class XII.,202305311149175814,31-05-2023,149,https://gr.maharashtra.gov.in/Site/Upload/Government%20Resolutions/English/202305311149175814.pdf,3,152516,GR_DATASET\pdfs\Minorities Development Department\202305311149175814.pdf,Downloaded,2026-07-27 22:53:55
Minorities Development Department,Government Circular- Regarding partial modification of sanctioned gram panchayat and development work for the year 2022-23 under the basic/infrastructure scheme in minority dominated rural areas of the state.,202305171535337914,17-05-2023,340,https://gr.maharashtra.gov.in/Site/Upload/Government%20Resolutions/English/202305171535337914.pdf,2,347759,GR_DATASET\pdfs\Minorities Development Department\202305171535337914.pdf,Downloaded,2026-07-27 22:53:56
Minorities Development Department,To Disburse Grant to urban Area Development Scheme 2023-24,202305081509069114,08-05-2023,170,https://gr.maharashtra.gov.in/Site/Upload/Government%20Resolutions/English/202305081509069114.pdf,0,0,GR_DATASET\pdfs\Minorities Development Department\202305081509069114.pdf,404 Client Error: Not Found for url: https://gr.maharashtra.gov.in/Site/Upload/Government%20Resolutions/English/202305081509069114.pdf,2026-07-27 22:53:57
Minorities Development Department,To disburse grant to Rural Area Development Scheme 2023-24.,202305081513495014,08-05-2023,133,https://gr.maharashtra.gov.in/Site/Upload/Government%20Resolutions/English/202305081513495014.pdf,6,136269,GR_DATASET\pdfs\Minorities Development Department\202305081513495014.pdf,Downloaded,2026-07-27 22:53:58
Minorities Development Department,"Regarding the disbursement of salary, additional charge, dearness allowance and subsidy for salary matters to the Maharashtra State Minority Commission for the financial year 2023-24 for the month of April, 2023 to June, 2023.",202305041259237614,04-05-2023,176,https://gr.maharashtra.gov.in/Site/Upload/Government%20Resolutions/English/202305041259237614.pdf,0,0,GR_DATASET\pdfs\Minorities Development Department\202305041259237614.pdf,404 Client Error: Not Found for url: https://gr.maharashtra.gov.in/Site/Upload/Government%20Resolutions/English/202305041259237614.pdf,2026-07-27 22:53:58
Minorities Development Department,To Disburse the grant of Non-salary to the Maharashtra state Minorities Commission for the month of April-2023 to Jun-2023,202305021707561714,02-05-2023,177,https://gr.maharashtra.gov.in/Site/Upload/Government%20Resolutions/English/202305021707561714.pdf,0,0,GR_DATASET\pdfs\Minorities Development Department\202305021707561714.pdf,404 Client Error: Not Found for url: https://gr.maharashtra.gov.in/Site/Upload/Government%20Resolutions/English/202305021707561714.pdf,2026-07-27 22:53:59
Minorities Development Department,Corrigendum- To disburse grant to Rural Area Development Scheme 2022-23.,202304281657020414.....,28-04-2023,321,https://gr.maharashtra.gov.in/Site/Upload/Government%20Resolutions/English/202304281657020414......pdf,0,0,GR_DATASET\pdfs\Minorities Development Department\202304281657020414......pdf,404 Client Error: Not Found for url: https://gr.maharashtra.gov.in/Site/Upload/Government%20Resolutions/English/202304281657020414......pdf,2026-07-27 22:53:59
Minorities Development Department,"Regarding the extension to Chandrakant Sushikshit Berojgar Seva Sahkari Sanstha, Mumbai, until June 30, 2023 for providing the services of the driver.",202304241853332214,24-04-2023,149,https://gr.maharashtra.gov.in/Site/Upload/Government%20Resolutions/English/202304241853332214.pdf,3,152957,GR_DATASET\pdfs\Minorities Development Department\202304241853332214.pdf,Downloaded,2026-07-27 22:54:00
Minorities Development Department,"Maharashtra State Minority Commission regarding the distribution of salary, overtime allowance, dearness allowance and subsidy for salary matters for the financial year 2023-24 for the month of March, 2023.",202304211226583614,21-04-2023,154,https://gr.maharashtra.gov.in/Site/Upload/Government%20Resolutions/English/202304211226583614.pdf,3,157274,GR_DATASET\pdfs\Minorities Development Department\202304211226583614.pdf,Downloaded,2026-07-27 22:54:01
Minorities Development Department,Disbursement of grant to the Maharashtra State Haj Committee for financial year 2023-2024.,202304201903327814,20-04-2023,196,https://gr.maharashtra.gov.in/Site/Upload/Government%20Resolutions/English/202304201903327814.pdf,2,200802,GR_DATASET\pdfs\Minorities Development Department\202304201903327814.pdf,Downloaded,2026-07-27 22:54:02
Minorities Development Department,Government Circular- Regarding partial modification of sanctioned gram panchayat and development work for the year 2022-23 under the basic/infrastructure scheme in minority dominated rural areas of the state.,202304131325005514,13-04-2023,340,https://gr.maharashtra.gov.in/Site/Upload/Government%20Resolutions/English/202304131325005514.pdf,2,347923,GR_DATASET\pdfs\Minorities Development Department\202304131325005514.pdf,Downloaded,2026-07-27 22:54:03
Minorities Development Department,Government Corrigendum Minority concentrated Urban sector development program sanctioned in the year 2022-23 under the scheme regarding partial modification of development work.,202304051204407714,05-04-2023,330,https://gr.maharashtra.gov.in/Site/Upload/Government%20Resolutions/English/202304051204407714.pdf,3,338015,GR_DATASET\pdfs\Minorities Development Department\202304051204407714.pdf,Downloaded,2026-07-27 22:54:04
Minorities Development Department,Government Corrigendum Minority concentrated Urban sector development program sanctioned in the year 2022-23 under the scheme regarding partial modification of development work.,202304051213327814,05-04-2023,148,https://gr.maharashtra.gov.in/Site/Upload/Government%20Resolutions/English/202304051213327814.pdf,0,0,GR_DATASET\pdfs\Minorities Development Department\202304051213327814.pdf,404 Client Error: Not Found for url: https://gr.maharashtra.gov.in/Site/Upload/Government%20Resolutions/English/202304051213327814.pdf,2026-07-27 22:54:05
Minorities Development Department,Government Corrigendum Minority concentrated Rural sector development program sanctioned in the year 2022-23 under the scheme regarding partial modification of development work.,202304051219442514,05-04-2023,140,https://gr.maharashtra.gov.in/Site/Upload/Government%20Resolutions/English/202304051219442514.pdf,2,143461,GR_DATASET\pdfs\Minorities Development Department\202304051219442514.pdf,Downloaded,2026-07-27 22:54:06
Minorities Development Department,Government Corrigendum Minority concentrated Urban sector development program sanctioned in the year 2022-23 under the scheme regarding partial modification of development work.,202304051227184914,05-04-2023,144,https://gr.maharashtra.gov.in/Site/Upload/Government%20Resolutions/English/202304051227184914.pdf,2,147018,GR_DATASET\pdfs\Minorities Development Department\202304051227184914.pdf,Downloaded,2026-07-27 22:54:07
Minorities Development Department,Government Corrigendum Minority concentrated Rural sector development program sanctioned in the year 2022-23 under the scheme regarding partial modification of development work.,202304051235424414,05-04-2023,142,https://gr.maharashtra.gov.in/Site/Upload/Government%20Resolutions/English/202304051235424414.pdf,2,145365,GR_DATASET\pdfs\Minorities Development Department\202304051235424414.pdf,Downloaded,2026-07-27 22:54:08
Minorities Development Department,Regarding distribution of available funds for the year 2022-23 under the Marathi Language Foundation Scheme and Competitive Examination Scheme to the Maharashtra State Minorities Commission.,202304111522059514...,31-03-2023,130,https://gr.maharashtra.gov.in/Site/Upload/Government%20Resolutions/English/202304111522059514....pdf,0,0,GR_DATASET\pdfs\Minorities Development Department\202304111522059514....pdf,404 Client Error: Not Found for url: https://gr.maharashtra.gov.in/Site/Upload/Government%20Resolutions/English/202304111522059514....pdf,2026-07-27 22:54:08
Minorities Development Department,"Re-appropriation of budgetary provision for the financial year 2022-2023 Demand No. ZE-01 Major Head (2035 A 227), Grant in aid for Providing Infrastructure Focilaities to registered Madarasas in the state and Salaries to the Teachers (Scheme).",202304211618048014,31-03-2023,489,https://gr.maharashtra.gov.in/Site/Upload/Government%20Resolutions/English/202304211618048014.pdf,0,0,GR_DATASET\pdfs\Minorities Development Department\202304211618048014.pdf,404 Client Error: Not Found for url: https://gr.maharashtra.gov.in/Site/Upload/Government%20Resolutions/English/202304211618048014.pdf,2026-07-27 22:54:09
Minorities Development Department,"Re-appropriation of budgetary provision for the financial year 2022-2023 Demand No. ZE-01, Major Head (2052 624), Minority Development Department (Committed).",202304211635211814,31-03-2023,492,https://gr.maharashtra.gov.in/Site/Upload/Government%20Resolutions/English/202304211635211814.pdf,3,503863,GR_DATASET\pdfs\Minorities Development Department\202304211635211814.pdf,Downloaded,2026-07-27 22:54:10
Minorities Development Department,Regarding disbursement of available funds for the year 2022-23 under the Marathi Language Foundation Scheme and Competitive Examination Scheme to the Maharashtra State Minorities Commission.,202303311429422614,31-03-2023,176,https://gr.maharashtra.gov.in/Site/Upload/Government%20Resolutions/English/202303311429422614.pdf,0,0,GR_DATASET\pdfs\Minorities Development Department\202303311429422614.pdf,404 Client Error: Not Found for url: https://gr.maharashtra.gov.in/Site/Upload/Government%20Resolutions/English/202303311429422614.pdf,2026-07-27 22:54:11
Minorities Development Department,Government Corrigendum- regarding partial change in the name of sanctioned district for the year 2022-23 under the Minority Predominant Urban Area Development Program in the State.,202303311438566914,31-03-2023,343,https://gr.maharashtra.gov.in/Site/Upload/Government%20Resolutions/English/202303311438566914.pdf,2,351542,GR_DATASET\pdfs\Minorities Development Department\202303311438566914.pdf,Downloaded,2026-07-27 22:54:12
Minorities Development Department,Regarding disbursement of grant in year 2022-23 for work under Urdu Ghar at Nagpur.,202303312058092914.....,31-03-2023,143,https://gr.maharashtra.gov.in/Site/Upload/Government%20Resolutions/English/202303312058092914......pdf,0,0,GR_DATASET\pdfs\Minorities Development Department\202303312058092914......pdf,404 Client Error: Not Found for url: https://gr.maharashtra.gov.in/Site/Upload/Government%20Resolutions/English/202303312058092914......pdf,2026-07-27 22:54:12
Minorities Development Department,"Regarding distribution of funds for the construction of Haj House, Aurangabad. Year 2022-2023.",202303312059002814,31-03-2023,198,https://gr.maharashtra.gov.in/Site/Upload/Government%20Resolutions/English/202303312059002814.pdf,3,202733,GR_DATASET\pdfs\Minorities Development Department\202303312059002814.pdf,Downloaded,2026-07-27 22:54:13
Minorities Development Department,"Disbursement of grants under grant scheme for providing infrastructure facilities in religious minority students majority government recognized private aided / unaided / permanent unaided schools, junior colleges, industrial training institutes, municipal / municipal council schools and disabled schools (Year 2022-23)",202303312149440814,31-03-2023,233,https://gr.maharashtra.gov.in/Site/Upload/Government%20Resolutions/English/202303312149440814.pdf,16,238555,GR_DATASET\pdfs\Minorities Development Department\202303312149440814.pdf,Downloaded,2026-07-27 22:54:15
Minorities Development Department,Disbursement of grant to the Maharashtra State Haj Committee for financial year 2022-2023.,202303311519407114,31-03-2023,207,https://gr.maharashtra.gov.in/Site/Upload/Government%20Resolutions/English/202303311519407114.pdf,3,212274,GR_DATASET\pdfs\Minorities Development Department\202303311519407114.pdf,Downloaded,2026-07-27 22:54:16
Minorities Development Department,Disbursement of grant for the year 2022-23 under Dr. Zakir Hussain Madrasah Modernization Scheme.,202303312350051814,31-03-2023,360,https://gr.maharashtra.gov.in/Site/Upload/Government%20Resolutions/English/202303312350051814.pdf,31,368850,GR_DATASET\pdfs\Minorities Development Department\202303312350051814.pdf,Downloaded,2026-07-27 22:54:18
Minorities Development Department,Regarding disbursement of funds for allotment of scholarships under the Scholarship Scheme to the minority students of the State pursuing higher vocational and all courses after Class XII.,202303301520299814,30-03-2023,268,https://gr.maharashtra.gov.in/Site/Upload/Government%20Resolutions/English/202303301520299814.pdf,4,274297,GR_DATASET\pdfs\Minorities Development Department\202303301520299814.pdf,Downloaded,2026-07-27 22:54:19
Minorities Development Department,"Regarding disbursement of available funds in the financial year 2022-23 for the savings group scheme implemented for minority women under the special program of measures to be implemented for the rapid development of Marathwada, Vidarbha and North Maharashtra 2018.",202303301638187514,30-03-2023,194,https://gr.maharashtra.gov.in/Site/Upload/Government%20Resolutions/English/202303301638187514.pdf,3,198749,GR_DATASET\pdfs\Minorities Development Department\202303301638187514.pdf,Downloaded,2026-07-27 22:54:20
Minorities Development Department,Regarding approval for disbursement of grants for providing basic/infrastructural facilities in minority dominated rural areas of the State- Year 2022-23,202303301641506114,30-03-2023,190,https://gr.maharashtra.gov.in/Site/Upload/Government%20Resolutions/English/202303301641506114.pdf,10,194408,GR_DATASET\pdfs\Minorities Development Department\202303301641506114.pdf,Downloaded,2026-07-27 22:54:21
Minorities Development Department,"Re-appropriation of budgetary provision for the financial year 2022-2023 Demand No. ZE-01 Major Head (2035 B 85), Grant in aid to Minority concentred Gram Panchayats (Scheme).",202304211623478514,30-03-2023,493,https://gr.maharashtra.gov.in/Site/Upload/Government%20Resolutions/English/202304211623478514.pdf,3,504724,GR_DATASET\pdfs\Minorities Development Department\202304211623478514.pdf,Downloaded,2026-07-27 22:54:22
Minorities Development Department,"Re-appropriation of budgetary provision for the financial year 2022-2023 Demand No. ZE-01 Major Head (2035 B 85), Grant in aid to Minority concentred Gram Panchayats (Scheme).",202304211629309614,30-03-2023,497,https://gr.maharashtra.gov.in/Site/Upload/Government%20Resolutions/English/202304211629309614.pdf,4,508841,GR_DATASET\pdfs\Minorities Development Department\202304211629309614.pdf,Downloaded,2026-07-27 22:54:23
Minorities Development Department,"Re-appropriation of budgetary provision for the financial year 2022-2023 Demand No. ZE-01 Major Head (2235 A 131), Grant in Aid for Area Development Scheme in Minority Concerted Areas (Scheme).",202304211612147214,29-03-2023,556,https://gr.maharashtra.gov.in/Site/Upload/Government%20Resolutions/English/202304211612147214.pdf,3,568971,GR_DATASET\pdfs\Minorities Development Department\202304211612147214.pdf,Downloaded,2026-07-27 22:54:25
Minorities Development Department,Regarding redistributing funds from the central share allocated for the construction of health sub-centres under the centrally sponsored Pradhan Mantri Jan Vikas Karykram.,202303291046168714,29-03-2023,231,https://gr.maharashtra.gov.in/Site/Upload/Government%20Resolutions/English/202303291046168714.pdf,4,236737,GR_DATASET\pdfs\Minorities Development Department\202303291046168714.pdf,Downloaded,2026-07-27 22:54:27
Minorities Development Department,"Financial year 2022-23 for non-salary matters Regarding disbursement of funds for the three months of the year January, 2023 to March, 2023.",202303291415094114,29-03-2023,203,https://gr.maharashtra.gov.in/Site/Upload/Government%20Resolutions/English/202303291415094114.pdf,3,207507,GR_DATASET\pdfs\Minorities Development Department\202303291415094114.pdf,Downloaded,2026-07-27 22:54:27
Minorities Development Department,Regarding approval for disbursement of grants for implementation of Area Development Program in Minority Predominant Urban Areas of the State for the year 2022-23.,202303291426048314,29-03-2023,182,https://gr.maharashtra.gov.in/Site/Upload/Government%20Resolutions/English/202303291426048314.pdf,8,186320,GR_DATASET\pdfs\Minorities Development Department\202303291426048314.pdf,Downloaded,2026-07-27 22:54:28
Minorities Development Department,Government Corrigendum - Minorities in the State Many rural sector development programs sanctioned in the year 2022-23 under the scheme Partial change in district,202303291432442614,29-03-2023,525,https://gr.maharashtra.gov.in/Site/Upload/Government%20Resolutions/English/202303291432442614.pdf,0,0,GR_DATASET\pdfs\Minorities Development Department\202303291432442614.pdf,404 Client Error: Not Found for url: https://gr.maharashtra.gov.in/Site/Upload/Government%20Resolutions/English/202303291432442614.pdf,2026-07-27 22:54:29
Minorities Development Department,Regarding disbursement of grant in the year 2022-23 for strengthening Maharashtra State Waqf Board,202303291440175714.....,29-03-2023,143,https://gr.maharashtra.gov.in/Site/Upload/Government%20Resolutions/English/202303291440175714......pdf,0,0,GR_DATASET\pdfs\Minorities Development Department\202303291440175714......pdf,404 Client Error: Not Found for url: https://gr.maharashtra.gov.in/Site/Upload/Government%20Resolutions/English/202303291440175714......pdf,2026-07-27 22:54:29
Minorities Development Department,"Regarding grant of administrative approval to the estimate of Rs.4,53,00718/- (Rupees Four Crore Fifty Three Lakh Seven Hundred Eighteen) for work under Urdu Ghar at Khasra, No. 110 112, Mauja-Indora, Siddharthnagar, Teka, Nagpur.",202303291436449514,29-03-2023,173,https://gr.maharashtra.gov.in/Site/Upload/Government%20Resolutions/English/202303291436449514.pdf,3,177024,GR_DATASET\pdfs\Minorities Development Department\202303291436449514.pdf,Downloaded,2026-07-27 22:54:31
Minorities Development Department,Grant Release for second and Third shift in Industrial Training Institute,202303291819439414,29-03-2023,187,https://gr.maharashtra.gov.in/Site/Upload/Government%20Resolutions/English/202303291819439414.pdf,0,0,GR_DATASET\pdfs\Minorities Development Department\202303291819439414.pdf,404 Client Error: Not Found for url: https://gr.maharashtra.gov.in/Site/Upload/Government%20Resolutions/English/202303291819439414.pdf,2026-07-27 22:54:32
Minorities Development Department,Grant release for Muktainagar Polytechnic,202303291821479014,29-03-2023,203,https://gr.maharashtra.gov.in/Site/Upload/Government%20Resolutions/English/202303291821479014.pdf,4,207875,GR_DATASET\pdfs\Minorities Development Department\202303291821479014.pdf,Downloaded,2026-07-27 22:54:33
Minorities Development Department,Regarding the disbursement of grant to the institutes conducting the training program in the year 2022-23 under the Police Recruitment Pre-Training Scheme.,202303291839558514,29-03-2023,177,https://gr.maharashtra.gov.in/Site/Upload/Government%20Resolutions/English/202303291839558514.pdf,3,181082,GR_DATASET\pdfs\Minorities Development Department\202303291839558514.pdf,Downloaded,2026-07-27 22:54:34
Minorities Development Department,Regarding approval for disbursement of grants for implementation of Area Development Program in Minority Predominant Urban Areas of the State for the year 2022-23.,202303291843278314,29-03-2023,208,https://gr.maharashtra.gov.in/Site/Upload/Government%20Resolutions/English/202303291843278314.pdf,6,212592,GR_DATASET\pdfs\Minorities Development Department\202303291843278314.pdf,Downloaded,2026-07-27 22:54:36
Minorities Development Department,"Maulana Azad Minority Economic Development Corporation Limited, Mumbai Regarding distribution of contributions of Share capital for the year 2022-23.",202303292018583214,29-03-2023,324,https://gr.maharashtra.gov.in/Site/Upload/Government%20Resolutions/English/202303292018583214.pdf,3,331451,GR_DATASET\pdfs\Minorities Development Department\202303292018583214.pdf,Downloaded,2026-07-27 22:54:37
Minorities Development Department,"Distribution of Fund (40) to National Informatics Centre Services Incorporated, New Delhi for Development of Case Information Management System (CIMS) at Maharashtra State Waqf Tribunal",202303301141263014,29-03-2023,172,https://gr.maharashtra.gov.in/Site/Upload/Government%20Resolutions/English/202303301141263014.pdf,3,175990,GR_DATASET\pdfs\Minorities Development Department\202303301141263014.pdf,Downloaded,2026-07-27 22:54:42
Minorities Development Department,"Re-appropriation of budgetary provision for the financial year 2022-2023 Demand No. ZE-01 Major Head (2053 1258), Wakf Tribunal Establishment",202303291042176314,28-03-2023,538,https://gr.maharashtra.gov.in/Site/Upload/Government%20Resolutions/English/202303291042176314.pdf,0,0,GR_DATASET\pdfs\Minorities Development Department\202303291042176314.pdf,404 Client Error: Not Found for url: https://gr.maharashtra.gov.in/Site/Upload/Government%20Resolutions/English/202303291042176314.pdf,2026-07-27 22:54:42
Minorities Development Department,"Re-appropriation of budgetary provision for the financial year 2022-2023 Demand No. ZE-01 Major Head (2053 1258), Wakf Tribunal Establishment.",202304211605584314,28-03-2023,610,https://gr.maharashtra.gov.in/Site/Upload/Government%20Resolutions/English/202304211605584314.pdf,4,624964,GR_DATASET\pdfs\Minorities Development Department\202304211605584314.pdf,Downloaded,2026-07-27 22:54:49
Minorities Development Department,Revised scholarship scheme for higher education students from minority communities in the state.,202303272010179414,27-03-2023,157,https://gr.maharashtra.gov.in/Site/Upload/Government%20Resolutions/English/202303272010179414.pdf,4,160987,GR_DATASET\pdfs\Minorities Development Department\202303272010179414.pdf,Downloaded,2026-07-27 22:54:50
Minorities Development Department,Regarding disbursement of available funds for the financial year 2022-23 to the Maharashtra State Minorities Commission for the Helpline scheme.,202303241727229914,24-03-2023,148,https://gr.maharashtra.gov.in/Site/Upload/Government%20Resolutions/English/202303241727229914.pdf,3,151094,GR_DATASET\pdfs\Minorities Development Department\202303241727229914.pdf,Downloaded,2026-07-27 22:54:51
Minorities Development Department,Regarding disbursement of grant to institutes which have conducted training program in the year 2020-21 under the Police Recruitment Pre-Training Scheme.,202303241733013914,24-03-2023,148,https://gr.maharashtra.gov.in/Site/Upload/Government%20Resolutions/English/202303241733013914.pdf,3,151680,GR_DATASET\pdfs\Minorities Development Department\202303241733013914.pdf,Downloaded,2026-07-27 22:54:52
Minorities Development Department,Government Corrigendum- Development of Minority Majority Rural Areas in the State regarding partial change in the name of sanctioned development work for the year 2021-22 under the programme.,202303201144410314,20-03-2023,323,https://gr.maharashtra.gov.in/Site/Upload/Government%20Resolutions/English/202303201144410314.pdf,2,330365,GR_DATASET\pdfs\Minorities Development Department\202303201144410314.pdf,Downloaded,2026-07-27 22:54:54
Minorities Development Department,Regarding disbursement of grants for providing basic/infrastructural facilities in minority dominated rural areas of the State -Year 2022-23.,202303171141028414.....,17-03-2023,155,https://gr.maharashtra.gov.in/Site/Upload/Government%20Resolutions/English/202303171141028414......pdf,0,0,GR_DATASET\pdfs\Minorities Development Department\202303171141028414......pdf,404 Client Error: Not Found for url: https://gr.maharashtra.gov.in/Site/Upload/Government%20Resolutions/English/202303171141028414......pdf,2026-07-27 22:54:55
Minorities Development Department,Government Corrigendum- Regarding the partial change in the name of the sanctioned development work for the year 2022-23 under the Minority Rural Sector Development Program in the State.,202303171151011014,17-03-2023,494,https://gr.maharashtra.gov.in/Site/Upload/Government%20Resolutions/English/202303171151011014.pdf,2,505915,GR_DATASET\pdfs\Minorities Development Department\202303171151011014.pdf,Downloaded,2026-07-27 22:55:07
Minorities Development Department,Government Corrigendum- Regarding the partial change in the name of the sanctioned development work for the year 2022-23 under the Minority Rural Sector Development Program in the State.,202303171203454314,17-03-2023,148,https://gr.maharashtra.gov.in/Site/Upload/Government%20Resolutions/English/202303171203454314.pdf,3,151239,GR_DATASET\pdfs\Minorities Development Department\202303171203454314.pdf,Downloaded,2026-07-27 22:55:13
Minorities Development Department,Government Corrigendum- Regarding the partial change in the name of the sanctioned development work for the year 2021-22 under the Minority Rural Sector Development Program in the State.,202303171213089414,17-03-2023,389,https://gr.maharashtra.gov.in/Site/Upload/Government%20Resolutions/English/202303171213089414.pdf,2,398759,GR_DATASET\pdfs\Minorities Development Department\202303171213089414.pdf,Downloaded,2026-07-27 22:55:15
Minorities Development Department,Government Corrigendum- in the State Development of minority dominated rural areas Program year 2021-22 under this scheme in the name of approved development works in Regarding partial modification.,202303171637360614....,17-03-2023,390,https://gr.maharashtra.gov.in/Site/Upload/Government%20Resolutions/English/202303171637360614.....pdf,0,0,GR_DATASET\pdfs\Minorities Development Department\202303171637360614.....pdf,404 Client Error: Not Found for url: https://gr.maharashtra.gov.in/Site/Upload/Government%20Resolutions/English/202303171637360614.....pdf,2026-07-27 22:55:18
Minorities Development Department,Government Corrigendum - Minorities in the State Many rural sector development programs sanctioned in the year 2022-23 under the scheme in work/ Taluka/Gram Panchayat regarding partial modification.,202303171648195014,17-03-2023,391,https://gr.maharashtra.gov.in/Site/Upload/Government%20Resolutions/English/202303171648195014.pdf,0,0,GR_DATASET\pdfs\Minorities Development Department\202303171648195014.pdf,404 Client Error: Not Found for url: https://gr.maharashtra.gov.in/Site/Upload/Government%20Resolutions/English/202303171648195014.pdf,2026-07-27 22:55:18
Minorities Development Department,Government Corrigendum - Regarding partial modification of sanctioned development work taluka for the year 2022-23 under Minority Majority Rural Area Development Program.,202303171655438414,17-03-2023,323,https://gr.maharashtra.gov.in/Site/Upload/Government%20Resolutions/English/202303171655438414.pdf,2,330458,GR_DATASET\pdfs\Minorities Development Department\202303171655438414.pdf,Downloaded,2026-07-27 22:55:24
Minorities Development Department,Government Corrigendum- Regarding the partial change in the name of the sanctioned Municipal Corporation in the year 2021-22 under the Minority Predominant Urban Area Development Program in the State.,202303171834537514,17-03-2023,150,https://gr.maharashtra.gov.in/Site/Upload/Government%20Resolutions/English/202303171834537514.pdf,3,153483,GR_DATASET\pdfs\Minorities Development Department\202303171834537514.pdf,Downloaded,2026-07-27 22:55:26
Minorities Development Department,Disbursement of grant to the Maharashtra State Haj Committee for financial year 2022-2023.,202303171844022014,17-03-2023,144,https://gr.maharashtra.gov.in/Site/Upload/Government%20Resolutions/English/202303171844022014.pdf,2,147278,GR_DATASET\pdfs\Minorities Development Department\202303171844022014.pdf,Downloaded,2026-07-27 22:55:28
Minorities Development Department,Regarding disbursement of funds for the financial year 2022-23 for electricity payment of Nanded Urdu Ghar.,202303171730310714,17-03-2023,145,https://gr.maharashtra.gov.in/Site/Upload/Government%20Resolutions/English/202303171730310714.pdf,2,148679,GR_DATASET\pdfs\Minorities Development Department\202303171730310714.pdf,Downloaded,2026-07-27 22:55:30
Minorities Development Department,Regarding disbursement of grants for implementation of Area Development Program in Minority Predominant Urban Areas of the State.,202303161330137214,16-03-2023,147,https://gr.maharashtra.gov.in/Site/Upload/Government%20Resolutions/English/202303161330137214.pdf,7,150574,GR_DATASET\pdfs\Minorities Development Department\202303161330137214.pdf,Downloaded,2026-07-27 22:55:34
Minorities Development Department,"Regarding the payment of advertisement for two schemes namely Grant Scheme and Dr. Zakir Hussain Madrasa Modernization Scheme, Year 2019-20 for providing infrastructure facilities in minority majority government recognized private schools, junior colleges and handicapped schools in the state.",202303161346584514,13-03-2023,145,https://gr.maharashtra.gov.in/Site/Upload/Government%20Resolutions/English/202303161346584514.pdf,2,148961,GR_DATASET\pdfs\Minorities Development Department\202303161346584514.pdf,Downloaded,2026-07-27 22:55:41
Minorities Development Department,Government Corrigendum- Regarding partial change in the name of sanctioned development work for the year 2022-23 under the scheme Minority Rural Area Development Program in the State.,202303091219561214,09-03-2023,354,https://gr.maharashtra.gov.in/Site/Upload/Government%20Resolutions/English/202303091219561214.pdf,0,0,GR_DATASET\pdfs\Minorities Development Department\202303091219561214.pdf,404 Client Error: Not Found for url: https://gr.maharashtra.gov.in/Site/Upload/Government%20Resolutions/English/202303091219561214.pdf,2026-07-27 22:55:43
Minorities Development Department,"Disbursement of capital contribution to National Minority Development and Finance Corporation, New Delhi for the year 2022-23.",202303061839315014,06-03-2023,322,https://gr.maharashtra.gov.in/Site/Upload/Government%20Resolutions/English/202303061839315014.pdf,2,329300,GR_DATASET\pdfs\Minorities Development Department\202303061839315014.pdf,Downloaded,2026-07-27 22:55:55
Minorities Development Department,"Sanctioning financial approval for the purchase of New Computers, Laptops, Printers and Scanners for Minorities Development Department.",202303031337446714,03-03-2023,191,https://gr.maharashtra.gov.in/Site/Upload/Government%20Resolutions/English/202303031337446714.pdf,3,195210,GR_DATASET\pdfs\Minorities Development Department\202303031337446714.pdf,Downloaded,2026-07-27 22:55:58
Minorities Development Department,Government Corrigendum- Regarding partial change in the name of the sanctioned Gram Panchayat for the year 2022-23 under the Minority Rural Sector Development Program in the State.,202303031754002014,03-03-2023,397,https://gr.maharashtra.gov.in/Site/Upload/Government%20Resolutions/English/202303031754002014.pdf,0,0,GR_DATASET\pdfs\Minorities Development Department\202303031754002014.pdf,404 Client Error: Not Found for url: https://gr.maharashtra.gov.in/Site/Upload/Government%20Resolutions/English/202303031754002014.pdf,2026-07-27 22:55:59
Minorities Development Department,"Regarding provision of grant for construction of workshop and administrative building of new Government Technical Training Institute for minority community at Muktainagar, District-Jalgaon.",202303021234349114,02-03-2023,332,https://gr.maharashtra.gov.in/Site/Upload/Government%20Resolutions/English/202303021234349114.pdf,0,0,GR_DATASET\pdfs\Minorities Development Department\202303021234349114.pdf,404 Client Error: Not Found for url: https://gr.maharashtra.gov.in/Site/Upload/Government%20Resolutions/English/202303021234349114.pdf,2026-07-27 22:56:00
Minorities Development Department,Regarding disbursement of funds to the Maharashtra State Minority Commission for payment of remuneration of Mansevi teachers appointed under the Marathi Language Foundation Scheme in the year 2022-23,202303021718393114,02-03-2023,175,https://gr.maharashtra.gov.in/Site/Upload/Government%20Resolutions/English/202303021718393114.pdf,3,179068,GR_DATASET\pdfs\Minorities Development Department\202303021718393114.pdf,Downloaded,2026-07-27 22:56:00
Minorities Development Department,Regarding the selection of training institutes for conducting the training program in the year 2022-23 under the scheme of Resident Police Recruitment Pre-Training.,202303021723191314,02-03-2023,176,https://gr.maharashtra.gov.in/Site/Upload/Government%20Resolutions/English/202303021723191314.pdf,3,179758,GR_DATASET\pdfs\Minorities Development Department\202303021723191314.pdf,Downloaded,2026-07-27 22:56:01
Minorities Development Department,salary grant release to minority commission for the month of February 2023,202302271511539914,27-02-2023,198,https://gr.maharashtra.gov.in/Site/Upload/Government%20Resolutions/English/202302271511539914.pdf,3,202731,GR_DATASET\pdfs\Minorities Development Department\202302271511539914.pdf,Downloaded,2026-07-27 22:56:02
Minorities Development Department,Regarding approval for disbursement of grants for providing basic/infrastructural facilities in minority dominated rural areas of the State- Year 2022-23,202302271715113114,27-02-2023,130,https://gr.maharashtra.gov.in/Site/Upload/Government%20Resolutions/English/202302271715113114.pdf,6,132742,GR_DATASET\pdfs\Minorities Development Department\202302271715113114.pdf,Downloaded,2026-07-27 22:56:03
Minorities Development Department,Regarding approval for disbursement of grants for providing basic/infrastructural facilities in minority dominated urban areas of the State- Year 2022-23,202302271723013314,27-02-2023,151,https://gr.maharashtra.gov.in/Site/Upload/Government%20Resolutions/English/202302271723013314.pdf,0,0,GR_DATASET\pdfs\Minorities Development Department\202302271723013314.pdf,404 Client Error: Not Found for url: https://gr.maharashtra.gov.in/Site/Upload/Government%20Resolutions/English/202302271723013314.pdf,2026-07-27 22:56:03
Minorities Development Department,Regarding disbursement of central plus state share funds from the SNA account of the scheme for implementation of SmartClass project in schools in minority dominated areas under the Centrally Sponsored Pradhan Mantri Jan Vikas Program (PMJVK).,202302241249033014,24-02-2023,358,https://gr.maharashtra.gov.in/Site/Upload/Government%20Resolutions/English/202302241249033014.pdf,0,0,GR_DATASET\pdfs\Minorities Development Department\202302241249033014.pdf,404 Client Error: Not Found for url: https://gr.maharashtra.gov.in/Site/Upload/Government%20Resolutions/English/202302241249033014.pdf,2026-07-27 22:56:04
Minorities Development Department,"Regarding disbursement of central and state share funds to Collector, Amravati for the construction of a new 200 bedded hospital at Achalpur District Amravati under the Centrally sponsored Pradhan Mantri Jan Vikas Program (PMJVK).",202302241248356914,24-02-2023,517,https://gr.maharashtra.gov.in/Site/Upload/Government%20Resolutions/English/202302241248356914.pdf,4,529433,GR_DATASET\pdfs\Minorities Development Department\202302241248356914.pdf,Downloaded,2026-07-27 22:56:05
Minorities Development Department,Government Corrigendum- Regarding partial change in the name of sanctioned development work for the year 2021-22 under the scheme Minority Rural Area Development Program in the State.,202302241508296814,24-02-2023,321,https://gr.maharashtra.gov.in/Site/Upload/Government%20Resolutions/English/202302241508296814.pdf,0,0,GR_DATASET\pdfs\Minorities Development Department\202302241508296814.pdf,404 Client Error: Not Found for url: https://gr.maharashtra.gov.in/Site/Upload/Government%20Resolutions/English/202302241508296814.pdf,2026-07-27 22:56:06
Minorities Development Department,Introduction of second cycle for minority students in existing Government Technical Colleges. Distribution of funds for the year 2022-23.,202302231134274814,23-02-2023,158,https://gr.maharashtra.gov.in/Site/Upload/Government%20Resolutions/English/202302231134274814.pdf,3,161651,GR_DATASET\pdfs\Minorities Development Department\202302231134274814.pdf,Downloaded,2026-07-27 22:56:07
Minorities Development Department,"Regarding disbursement of funds to Mahila Economic Development Corporation in the financial year 2022-23 for the scheme of creating savings groups of minority women and imparting skill development training to its members under Vidarbha, Marathwada, Uttar Maharashtra Rapid Development Program 2018.",202302161553283514......,16-02-2023,160,https://gr.maharashtra.gov.in/Site/Upload/Government%20Resolutions/English/202302161553283514.......pdf,0,0,GR_DATASET\pdfs\Minorities Development Department\202302161553283514.......pdf,404 Client Error: Not Found for url: https://gr.maharashtra.gov.in/Site/Upload/Government%20Resolutions/English/202302161553283514.......pdf,2026-07-27 22:56:07
Minorities Development Department,"Regarding disbursement of funds for non-salary matters of the Maharashtra State Minority Commission for the three months from October, 2022 to December, 2022 for the financial year 2022-23.",202302161544449414,16-02-2023,174,https://gr.maharashtra.gov.in/Site/Upload/Government%20Resolutions/English/202302161544449414.pdf,3,178415,GR_DATASET\pdfs\Minorities Development Department\202302161544449414.pdf,Downloaded,2026-07-27 22:56:08
Minorities Development Department,Corrigendum Rural Development Scheme for Minority Area 2021-22.,202302131456162314,13-02-2023,345,https://gr.maharashtra.gov.in/Site/Upload/Government%20Resolutions/English/202302131456162314.pdf,2,352817,GR_DATASET\pdfs\Minorities Development Department\202302131456162314.pdf,Downloaded,2026-07-27 22:56:09
Minorities Development Department,Disbursement of grant to the Maharashtra State Haj Committee for financial year 2022-2023.,202302101210276014,10-02-2023,199,https://gr.maharashtra.gov.in/Site/Upload/Government%20Resolutions/English/202302101210276014.pdf,3,203397,GR_DATASET\pdfs\Minorities Development Department\202302101210276014.pdf,Downloaded,2026-07-27 22:56:10
Minorities Development Department,"Regarding distribution of funds in the financial year 2022-23 for honorarium, maintenance, repair and Outsourcing employees for Nanded Urdu Ghar..",202302091702394414,09-02-2023,175,https://gr.maharashtra.gov.in/Site/Upload/Government%20Resolutions/English/202302091702394414.pdf,0,0,GR_DATASET\pdfs\Minorities Development Department\202302091702394414.pdf,404 Client Error: Not Found for url: https://gr.maharashtra.gov.in/Site/Upload/Government%20Resolutions/English/202302091702394414.pdf,2026-07-27 22:56:11
Minorities Development Department,Grand Release for Muktainagar Polytechnic.,202302071128479914...,07-02-2023,357,https://gr.maharashtra.gov.in/Site/Upload/Government%20Resolutions/English/202302071128479914....pdf,0,0,GR_DATASET\pdfs\Minorities Development Department\202302071128479914....pdf,404 Client Error: Not Found for url: https://gr.maharashtra.gov.in/Site/Upload/Government%20Resolutions/English/202302071128479914....pdf,2026-07-27 22:56:11
Minorities Development Department,Grand Release for ITI.,202302071134024114,07-02-2023,183,https://gr.maharashtra.gov.in/Site/Upload/Government%20Resolutions/English/202302071134024114.pdf,3,187232,GR_DATASET\pdfs\Minorities Development Department\202302071134024114.pdf,Downloaded,2026-07-27 22:56:12
Minorities Development Department,"Regarding disbursement of funds for the financial year 2022-23 for remuneration of appointed staff, maintenance, repair and operation etc. for Malegaon Urdu Ghar",202302071544077914,07-02-2023,174,https://gr.maharashtra.gov.in/Site/Upload/Government%20Resolutions/English/202302071544077914.pdf,2,177773,GR_DATASET\pdfs\Minorities Development Department\202302071544077914.pdf,Downloaded,2026-07-27 22:56:13
Minorities Development Department,"Regarding giving administrative approval for purchase of new computers, laptops, printers and scanners for Minority Development Department.",202302071908594514,07-02-2023,202,https://gr.maharashtra.gov.in/Site/Upload/Government%20Resolutions/English/202302071908594514.pdf,3,206483,GR_DATASET\pdfs\Minorities Development Department\202302071908594514.pdf,Downloaded,2026-07-27 22:56:14
Minorities Development Department,To disburse grant to Rural Area Development Scheme 2022-23.,202302061821203014,06-02-2023,273,https://gr.maharashtra.gov.in/Site/Upload/Government%20Resolutions/English/202302061821203014.pdf,24,280004,GR_DATASET\pdfs\Minorities Development Department\202302061821203014.pdf,Downloaded,2026-07-27 22:56:14
Minorities Development Department,To disburse grant to Urban Area Development Scheme 2022-23.,202302061834395114,06-02-2023,151,https://gr.maharashtra.gov.in/Site/Upload/Government%20Resolutions/English/202302061834395114.pdf,8,154932,GR_DATASET\pdfs\Minorities Development Department\202302061834395114.pdf,Downloaded,2026-07-27 22:56:15
Minorities Development Department,Regarding disbursement of grant in the year 2022-23 for construction of Solapur Urdu Ghar.,202302061543169914,03-02-2023,146,https://gr.maharashtra.gov.in/Site/Upload/Government%20Resolutions/English/202302061543169914.pdf,3,149774,GR_DATASET\pdfs\Minorities Development Department\202302061543169914.pdf,Downloaded,2026-07-27 22:56:16
Minorities Development Department,Corrigendum Urban Development Scheme for Minority Area 2021-22.,202302021531168414,02-02-2023,319,https://gr.maharashtra.gov.in/Site/Upload/Government%20Resolutions/English/202302021531168414.pdf,0,0,GR_DATASET\pdfs\Minorities Development Department\202302021531168414.pdf,404 Client Error: Not Found for url: https://gr.maharashtra.gov.in/Site/Upload/Government%20Resolutions/English/202302021531168414.pdf,2026-07-27 22:56:16
Minorities Development Department,Corrigendum Urban Development Scheme for Minority Area 2021-22.,202302021539077314,02-02-2023,322,https://gr.maharashtra.gov.in/Site/Upload/Government%20Resolutions/English/202302021539077314.pdf,2,329507,GR_DATASET\pdfs\Minorities Development Department\202302021539077314.pdf,Downloaded,2026-07-27 22:56:17
Minorities Development Department,Corrigendum Rural Development Scheme for Minority Area 2021-22.,202302021544570914,02-02-2023,326,https://gr.maharashtra.gov.in/Site/Upload/Government%20Resolutions/English/202302021544570914.pdf,0,0,GR_DATASET\pdfs\Minorities Development Department\202302021544570914.pdf,404 Client Error: Not Found for url: https://gr.maharashtra.gov.in/Site/Upload/Government%20Resolutions/English/202302021544570914.pdf,2026-07-27 22:56:18
Minorities Development Department,Corrigendum Rural Development Scheme for Minority Area 2021-22.,202302021552345414,02-02-2023,322,https://gr.maharashtra.gov.in/Site/Upload/Government%20Resolutions/English/202302021552345414.pdf,0,0,GR_DATASET\pdfs\Minorities Development Department\202302021552345414.pdf,404 Client Error: Not Found for url: https://gr.maharashtra.gov.in/Site/Upload/Government%20Resolutions/English/202302021552345414.pdf,2026-07-27 22:56:18
Minorities Development Department,To disburse grant to Rural Area Development Scheme 2021-22.,202301241644148914,24-01-2023,248,https://gr.maharashtra.gov.in/Site/Upload/Government%20Resolutions/English/202301241644148914.pdf,19,253491,GR_DATASET\pdfs\Minorities Development Department\202301241644148914.pdf,Downloaded,2026-07-27 22:56:19
Minorities Development Department,To disburse grant to Urban Area Development Scheme 2021-22.,202301241721050914,24-01-2023,193,https://gr.maharashtra.gov.in/Site/Upload/Government%20Resolutions/English/202301241721050914.pdf,9,197752,GR_DATASET\pdfs\Minorities Development Department\202301241721050914.pdf,Downloaded,2026-07-27 22:56:20
Minorities Development Department,Regarding the formation of Womens Grievance Redressal Committee,202301231555159714...,23-01-2023,183,https://gr.maharashtra.gov.in/Site/Upload/Government%20Resolutions/English/202301231555159714....pdf,0,0,GR_DATASET\pdfs\Minorities Development Department\202301231555159714....pdf,404 Client Error: Not Found for url: https://gr.maharashtra.gov.in/Site/Upload/Government%20Resolutions/English/202301231555159714....pdf,2026-07-27 22:56:20
Minorities Development Department,Grand Release for Minorities Girls Hostels.,202301201522014714,20-01-2023,186,https://gr.maharashtra.gov.in/Site/Upload/Government%20Resolutions/English/202301201522014714.pdf,4,190557,GR_DATASET\pdfs\Minorities Development Department\202301201522014714.pdf,Downloaded,2026-07-27 22:56:21
Minorities Development Department,To Disburse grant to Urban Area Development Scheme 2022-23,202301181718362014,18-01-2023,214,https://gr.maharashtra.gov.in/Site/Upload/Government%20Resolutions/English/202301181718362014.pdf,5,218646,GR_DATASET\pdfs\Minorities Development Department\202301181718362014.pdf,Downloaded,2026-07-27 22:56:22
Minorities Development Department,Release of Funds in the financial year 2022-23 under the scheme of Providing Infrastructure Facilities in Government Recognized Private Schools/Junior Colleges/Industrial Technical Institutes/Municipal Council/Parishad Schools/Schools for Physically Substantial number of having Minority Students.,202301161134541314,16-01-2023,318,https://gr.maharashtra.gov.in/Site/Upload/Government%20Resolutions/English/202301161134541314.pdf,18,325416,GR_DATASET\pdfs\Minorities Development Department\202301161134541314.pdf,Downloaded,2026-07-27 22:56:23
Minorities Development Department,Regarding disbursement of the unspent funds deposited in the government accounts in the financial year 2015-16 under the Minority Majority Rural Development Scheme in the state from the available provision in the financial year 2022-23.,202301161747068314,16-01-2023,126,https://gr.maharashtra.gov.in/Site/Upload/Government%20Resolutions/English/202301161747068314.pdf,5,128616,GR_DATASET\pdfs\Minorities Development Department\202301161747068314.pdf,Downloaded,2026-07-27 22:56:24
Minorities Development Department,"Assistant for student take training of Competitive Exams study from YASHADA, Pune and State Administrative Academy, Mumbai.",202301111452530214,11-01-2023,155,https://gr.maharashtra.gov.in/Site/Upload/Government%20Resolutions/English/202301111452530214.pdf,3,158380,GR_DATASET\pdfs\Minorities Development Department\202301111452530214.pdf,Downloaded,2026-07-27 22:56:25
Minorities Development Department,Corrigendum Rural Development Scheme for Minority Area 2022-23.,202212301232095414,30-12-2022,123,https://gr.maharashtra.gov.in/Site/Upload/Government%20Resolutions/English/202212301232095414.pdf,5,126114,GR_DATASET\pdfs\Minorities Development Department\202212301232095414.pdf,Downloaded,2026-07-27 22:56:25
Minorities Development Department,Disbursement of grant under the program for the financial year 2022-23 to Maharashtra State Urdu Sahitya Academy.,202212151630433714,15-12-2022,145,https://gr.maharashtra.gov.in/Site/Upload/Government%20Resolutions/English/202212151630433714.pdf,2,148663,GR_DATASET\pdfs\Minorities Development Department\202212151630433714.pdf,Downloaded,2026-07-27 22:56:26
Minorities Development Department,"Revised staffing pattern of Minorities Development Department, Maharashtra State Urdu Sahitya Academy, Mumbai and Maharashtra State Waqf Tribunal, Aurangabad.",202212151639364414,15-12-2022,175,https://gr.maharashtra.gov.in/Site/Upload/Government%20Resolutions/English/202212151639364414.pdf,9,179047,GR_DATASET\pdfs\Minorities Development Department\202212151639364414.pdf,Downloaded,2026-07-27 22:56:27
Minorities Development Department,Corrigendum- Urban Development Scheme for Minority Area 2021-22.,202212021616146814,02-12-2022,166,https://gr.maharashtra.gov.in/Site/Upload/Government%20Resolutions/English/202212021616146814.pdf,0,0,GR_DATASET\pdfs\Minorities Development Department\202212021616146814.pdf,404 Client Error: Not Found for url: https://gr.maharashtra.gov.in/Site/Upload/Government%20Resolutions/English/202212021616146814.pdf,2026-07-27 22:56:28
Minorities Development Department,Release of funds for Scholarships for students of Minority Communities pursuing Higher and Professional Courses and All Courses after XIIth Class.,202211251056008114,25-11-2022,156,https://gr.maharashtra.gov.in/Site/Upload/Government%20Resolutions/English/202211251056008114.pdf,4,159800,GR_DATASET\pdfs\Minorities Development Department\202211251056008114.pdf,Downloaded,2026-07-27 22:56:29
Minorities Development Department,"Regarding disbursement of grant for election to appointment of members from two Category namely Muslim Members of State Legislature and Mutavalli of Waqf Institutions having income of Rs.1 lakh or above on Maharashtra State Waqf Board, Aurangabad.",202211281153049914,25-11-2022,161,https://gr.maharashtra.gov.in/Site/Upload/Government%20Resolutions/English/202211281153049914.pdf,4,164819,GR_DATASET\pdfs\Minorities Development Department\202211281153049914.pdf,Downloaded,2026-07-27 22:56:29
Minorities Development Department,"Special Program of Remedial Schemes to be Implemented for Rapid Development of Marathwada, Vidarbha and North Maharashtra, 2018 regarding implementation and extension of self-help savings group scheme for minority women under this programme.",202211241814482214,24-11-2022,179,https://gr.maharashtra.gov.in/Site/Upload/Government%20Resolutions/English/202211241814482214.pdf,8,183310,GR_DATASET\pdfs\Minorities Development Department\202211241814482214.pdf,Downloaded,2026-07-27 22:56:30
Minorities Development Department,Observe Minority Right Day.,202211231718161314,23-11-2022,139,https://gr.maharashtra.gov.in/Site/Upload/Government%20Resolutions/English/202211231718161314.pdf,2,142134,GR_DATASET\pdfs\Minorities Development Department\202211231718161314.pdf,Downloaded,2026-07-27 22:56:31
Minorities Development Department,Administrative approval under the programme for the expenditure of various schemes to be implemented by Maharashtra State Urdu Sahitya Academy in the financial year 2022-23.,202211181250393414,18-11-2022,145,https://gr.maharashtra.gov.in/Site/Upload/Government%20Resolutions/English/202211181250393414.pdf,2,148578,GR_DATASET\pdfs\Minorities Development Department\202211181250393414.pdf,Downloaded,2026-07-27 22:56:31
Minorities Development Department,"Salary grant release to State Minority Commission for month of Nov, 2022 to Feb, 2022.",202211181742308014,18-11-2022,151,https://gr.maharashtra.gov.in/Site/Upload/Government%20Resolutions/English/202211181742308014.pdf,3,155085,GR_DATASET\pdfs\Minorities Development Department\202211181742308014.pdf,Downloaded,2026-07-27 22:56:32
Minorities Development Department,Disbursement of grant to the Maharashtra State Haj Committee for financial year 2022-2023.,202211161732551814,16-11-2022,143,https://gr.maharashtra.gov.in/Site/Upload/Government%20Resolutions/English/202211161732551814.pdf,2,146335,GR_DATASET\pdfs\Minorities Development Department\202211161732551814.pdf,Downloaded,2026-07-27 22:56:33
Minorities Development Department,observance of communal harmony week campaign and flag day,202211071251427314,07-11-2022,183,https://gr.maharashtra.gov.in/Site/Upload/Government%20Resolutions/English/202211071251427314.pdf,5,187600,GR_DATASET\pdfs\Minorities Development Department\202211071251427314.pdf,Downloaded,2026-07-27 22:56:34
Minorities Development Department,Celebration of Communal Harmony Campaign Week,202211071650218914,07-11-2022,152,https://gr.maharashtra.gov.in/Site/Upload/Government%20Resolutions/English/202211071650218914.pdf,3,155573,GR_DATASET\pdfs\Minorities Development Department\202211071650218914.pdf,Downloaded,2026-07-27 22:56:34
Minorities Development Department,Starting of Second Shift in Polytechnic.,202211071656216114,07-11-2022,203,https://gr.maharashtra.gov.in/Site/Upload/Government%20Resolutions/English/202211071656216114.pdf,4,207707,GR_DATASET\pdfs\Minorities Development Department\202211071656216114.pdf,Downloaded,2026-07-27 22:56:35
Minorities Development Department,Regarding the extension of tenure of a total of 66 temporary posts in various cadres created for the Minority Development Department.,202210201815559914,20-10-2022,165,https://gr.maharashtra.gov.in/Site/Upload/Government%20Resolutions/English/202210201815559914.pdf,3,168938,GR_DATASET\pdfs\Minorities Development Department\202210201815559914.pdf,Downloaded,2026-07-27 22:56:36
Minorities Development Department,Corrigendum- Urban Development Scheme for Minority Area 2021-22.,202210131133587814,13-10-2022,319,https://gr.maharashtra.gov.in/Site/Upload/Government%20Resolutions/English/202210131133587814.pdf,2,326995,GR_DATASET\pdfs\Minorities Development Department\202210131133587814.pdf,Downloaded,2026-07-27 22:56:37
Minorities Development Department,"Grant Release to State Minority Commission for Research Schemes Publicity and Training Programme Scheme in 2020-21 for the month of April,2022 to June,2022",202210101448431014,10-10-2022,256,https://gr.maharashtra.gov.in/Site/Upload/Government%20Resolutions/English/202210101448431014.pdf,3,261675,GR_DATASET\pdfs\Minorities Development Department\202210101448431014.pdf,Downloaded,2026-07-27 22:56:38
Minorities Development Department,To release grant for construction of health sub-centre under the Centrally sponsored Pradhan Mantri Jan Vikas Programme. (Center and State share),202210041636593314,04-10-2022,244,https://gr.maharashtra.gov.in/Site/Upload/Government%20Resolutions/English/202210041636593314.pdf,4,250195,GR_DATASET\pdfs\Minorities Development Department\202210041636593314.pdf,Downloaded,2026-07-27 22:56:39
Minorities Development Department,Regarding disbursement of remaining grant sanctioned under State share of approved development works in Ner Group of Yavatmal District under Centrally Sponsored Multi Sectoral Development Program (MSDP).,202210041644163414,04-10-2022,420,https://gr.maharashtra.gov.in/Site/Upload/Government%20Resolutions/English/202210041644163414.pdf,4,429641,GR_DATASET\pdfs\Minorities Development Department\202210041644163414.pdf,Downloaded,2026-07-27 22:56:41
Minorities Development Department,Revised Scheme for Scholarship to Minority Students from Maharashtra State for taking Higher Education.,202210041757149214,04-10-2022,612,https://gr.maharashtra.gov.in/Site/Upload/Government%20Resolutions/English/202210041757149214.pdf,0,0,GR_DATASET\pdfs\Minorities Development Department\202210041757149214.pdf,404 Client Error: Not Found for url: https://gr.maharashtra.gov.in/Site/Upload/Government%20Resolutions/English/202210041757149214.pdf,2026-07-27 22:56:41
Minorities Development Department,Grant Release for Mandavi ITI,202210031527369514,30-09-2022,172,https://gr.maharashtra.gov.in/Site/Upload/Government%20Resolutions/English/202210031527369514.pdf,4,176635,GR_DATASET\pdfs\Minorities Development Department\202210031527369514.pdf,Downloaded,2026-07-27 22:56:42
Minorities Development Department,Regarding the deposit of the remaining funds of the first tranche of the state share of various educational development works under the Centrally sponsored Pradhan Mantri Jan Vikas Program in the Single Nodal Account on the PFMS system of the scheme.,202209291743180414,29-09-2022,156,https://gr.maharashtra.gov.in/Site/Upload/Government%20Resolutions/English/202209291743180414.pdf,3,159960,GR_DATASET\pdfs\Minorities Development Department\202209291743180414.pdf,Downloaded,2026-07-27 22:56:43
Minorities Development Department,Regarding formation of Administrative Department Purchase Committee for procurement of offices under Minority Development Department.,202209261604564814,26-09-2022,164,https://gr.maharashtra.gov.in/Site/Upload/Government%20Resolutions/English/202209261604564814.pdf,2,167861,GR_DATASET\pdfs\Minorities Development Department\202209261604564814.pdf,Downloaded,2026-07-27 22:56:44
Minorities Development Department,To release additional Grant to Buldana District for construction of Anganwadi Center under PMJVK,202209271541490114,26-09-2022,276,https://gr.maharashtra.gov.in/Site/Upload/Government%20Resolutions/English/202209271541490114.pdf,4,282282,GR_DATASET\pdfs\Minorities Development Department\202209271541490114.pdf,Downloaded,2026-07-27 22:56:45
Minorities Development Department,"Regarding distribution of funds for the construction of Haj House, Aurangabad. year 2022-2023",202209231706124914,23-09-2022,198,https://gr.maharashtra.gov.in/Site/Upload/Government%20Resolutions/English/202209231706124914.pdf,4,203188,GR_DATASET\pdfs\Minorities Development Department\202209231706124914.pdf,Downloaded,2026-07-27 22:56:46
Minorities Development Department,Continuation of Posts.,202209221412408414,22-09-2022,158,https://gr.maharashtra.gov.in/Site/Upload/Government%20Resolutions/English/202209221412408414.pdf,4,161806,GR_DATASET\pdfs\Minorities Development Department\202209221412408414.pdf,Downloaded,2026-07-27 22:56:47
Minorities Development Department,Grant release for ITI,202209211154035014,21-09-2022,166,https://gr.maharashtra.gov.in/Site/Upload/Government%20Resolutions/English/202209211154035014.pdf,5,170447,GR_DATASET\pdfs\Minorities Development Department\202209211154035014.pdf,Downloaded,2026-07-27 22:56:48
Minorities Development Department,Regarding the appointment of TISS to establish a study group and submit a detailed inspection report to raise the social and economic level of the Muslim Community in Maharashtra.,202209211526449414,21-09-2022,176,https://gr.maharashtra.gov.in/Site/Upload/Government%20Resolutions/English/202209211526449414.pdf,3,180024,GR_DATASET\pdfs\Minorities Development Department\202209211526449414.pdf,Downloaded,2026-07-27 22:56:48
Minorities Development Department,Grant release for Miraj Hostel,202209161220370814,16-09-2022,185,https://gr.maharashtra.gov.in/Site/Upload/Government%20Resolutions/English/202209161220370814.pdf,4,189027,GR_DATASET\pdfs\Minorities Development Department\202209161220370814.pdf,Downloaded,2026-07-27 22:56:49
Minorities Development Department,Regarding provision of additional funds under the state share for the construction of 01 hostel each for boys and girls in Parli city (District-Beed) under the Centrally sponsored Pradhan Mantri Jan Vikas Karykram.,202209191249097214,15-09-2022,458,https://gr.maharashtra.gov.in/Site/Upload/Government%20Resolutions/English/202209191249097214.pdf,4,468727,GR_DATASET\pdfs\Minorities Development Department\202209191249097214.pdf,Downloaded,2026-07-27 22:56:50
Minorities Development Department,"Regarding giving revised administrative approval to the budget for the construction of a total of 02 hostels with an admission capacity of 100 each for boys and girls belonging to the minority community at Parli city, district Beed under the multi-sector development plan for minority dominated areas under the 12th Five Year Plan.",202209191252478514,15-09-2022,142,https://gr.maharashtra.gov.in/Site/Upload/Government%20Resolutions/English/202209191252478514.pdf,2,145349,GR_DATASET\pdfs\Minorities Development Department\202209191252478514.pdf,Downloaded,2026-07-27 22:56:51
Minorities Development Department,Regarding canceling the previously given administrative approval for the construction of a workshop and two classrooms in the Government Industrial Training Institute at Shegaon in Buldana district under the Centrally Sponsored Pradhan Mantri Janvikas Karykram and giving new administrative approval.,202209161204037214,15-09-2022,303,https://gr.maharashtra.gov.in/Site/Upload/Government%20Resolutions/English/202209161204037214.pdf,5,309972,GR_DATASET\pdfs\Minorities Development Department\202209161204037214.pdf,Downloaded,2026-07-27 22:56:52
Minorities Development Department,To release the grant for construction of Girls Hostel at Udgir in Latur District under Pradhanmantri Jan Vikas Karyakram (PMJVK) (2nd Instalment),202209151154290814,14-09-2022,465,https://gr.maharashtra.gov.in/Site/Upload/Government%20Resolutions/English/202209151154290814.pdf,0,0,GR_DATASET\pdfs\Minorities Development Department\202209151154290814.pdf,404 Client Error: Not Found for url: https://gr.maharashtra.gov.in/Site/Upload/Government%20Resolutions/English/202209151154290814.pdf,2026-07-27 22:56:53
Minorities Development Department,Regarding approval of permanent traveling allowance to Bailiff of Maharashtra State Wakf Tribunal,202209131142475114,13-09-2022,164,https://gr.maharashtra.gov.in/Site/Upload/Government%20Resolutions/English/202209131142475114.pdf,2,167492,GR_DATASET\pdfs\Minorities Development Department\202209131142475114.pdf,Downloaded,2026-07-27 22:56:53
Minorities Development Department,Administrative approval for purchase of computer and other machineries for Maharashtra State Board of Wakfs,202208291543309614,29-08-2022,378,https://gr.maharashtra.gov.in/Site/Upload/Government%20Resolutions/English/202208291543309614.pdf,11,386958,GR_DATASET\pdfs\Minorities Development Department\202208291543309614.pdf,Downloaded,2026-07-27 22:56:56
Minorities Development Department,Disbursement of grant to the Maharashtra State Haj Committee for financial year 2022-2023.,202208261702590014,26-08-2022,327,https://gr.maharashtra.gov.in/Site/Upload/Government%20Resolutions/English/202208261702590014.pdf,2,334339,GR_DATASET\pdfs\Minorities Development Department\202208261702590014.pdf,Downloaded,2026-07-27 22:56:57
Minorities Development Department,Disbursement of grant to the Maharashtra State Haj Committee for financial year 2022-2023.,202208261707116814,26-08-2022,261,https://gr.maharashtra.gov.in/Site/Upload/Government%20Resolutions/English/202208261707116814.pdf,3,267188,GR_DATASET\pdfs\Minorities Development Department\202208261707116814.pdf,Downloaded,2026-07-27 22:56:58
Minorities Development Department,"To disburse the grant of Non-Salary to the Maharashtra State Minorities Commission for the month of July, 2022 to September, 2022.",202208251621037014,25-08-2022,153,https://gr.maharashtra.gov.in/Site/Upload/Government%20Resolutions/English/202208251621037014.pdf,3,156686,GR_DATASET\pdfs\Minorities Development Department\202208251621037014.pdf,Downloaded,2026-07-27 22:56:58
Minorities Development Department,Grant release for Muktainagar Polytechnic.,202208251628208614,25-08-2022,328,https://gr.maharashtra.gov.in/Site/Upload/Government%20Resolutions/English/202208251628208614.pdf,3,336092,GR_DATASET\pdfs\Minorities Development Department\202208251628208614.pdf,Downloaded,2026-07-27 22:57:00
Minorities Development Department,"Subsidy Scheme for Minority Predominant Government Recognized Private Schools - 2021-22 Circular, Distt. Ahmednagar, Dist. Hengoli, and Dist. Amravati.",202208121456226414,12-08-2022,144,https://gr.maharashtra.gov.in/Site/Upload/Government%20Resolutions/English/202208121456226414.pdf,0,0,GR_DATASET\pdfs\Minorities Development Department\202208121456226414.pdf,404 Client Error: Not Found for url: https://gr.maharashtra.gov.in/Site/Upload/Government%20Resolutions/English/202208121456226414.pdf,2026-07-27 22:57:00
Minorities Development Department,"Appointment of Member on Maharashtra State Wakf Tribunal, Aurangabad.",202208121712514214,12-08-2022,152,https://gr.maharashtra.gov.in/Site/Upload/Government%20Resolutions/English/202208121712514214.pdf,2,155644,GR_DATASET\pdfs\Minorities Development Department\202208121712514214.pdf,Downloaded,2026-07-27 22:57:01
Minorities Development Department,"Regarding disbursement of grant to the office of Maharashtra State Wakf Tribunal, Aurangabad during the financial year 2022-23.",202208081534406114,08-08-2022,210,https://gr.maharashtra.gov.in/Site/Upload/Government%20Resolutions/English/202208081534406114.pdf,2,214781,GR_DATASET\pdfs\Minorities Development Department\202208081534406114.pdf,Downloaded,2026-07-27 22:57:02
Minorities Development Department,Grant Release to Mahila Arthik Vikas Mahamndal (Mavim) for Self Help Group Scheme in year 2022-23.,202208031526531514,03-08-2022,152,https://gr.maharashtra.gov.in/Site/Upload/Government%20Resolutions/English/202208031526531514.pdf,2,155856,GR_DATASET\pdfs\Minorities Development Department\202208031526531514.pdf,Downloaded,2026-07-27 22:57:02
Minorities Development Department,Regarding disbursement of grant from the budget allocation of 2022-23 to the eligible madrasas in the year 2021-22 under the Dr.Zakir Hussain Madrasah Modernization Scheme.,202207291209223314,29-07-2022,249,https://gr.maharashtra.gov.in/Site/Upload/Government%20Resolutions/English/202207291209223314.pdf,19,255440,GR_DATASET\pdfs\Minorities Development Department\202207291209223314.pdf,Downloaded,2026-07-27 22:57:03
Minorities Development Department,"Distribution of funds under grant scheme for providing infrastructural facilities in Government recognized Private Schools, Junior Colleges, Industrial Training Institutes, Municipal/Municipal Council Schools and Handicapped Schools with majority of religious minority students.",202207291210552814,29-07-2022,274,https://gr.maharashtra.gov.in/Site/Upload/Government%20Resolutions/English/202207291210552814.pdf,20,280803,GR_DATASET\pdfs\Minorities Development Department\202207291210552814.pdf,Downloaded,2026-07-27 22:57:04
Minorities Development Department,"Administrative approval for the construction of 50 bed sub-district hospital under the Pradhanmantri Jan Vikas Karyakram (PMJVK) at Anjangaon Surji, Dist. Amravati: Corrigendum",202208031459336814,29-07-2022,78,https://gr.maharashtra.gov.in/Site/Upload/Government%20Resolutions/English/202208031459336814.pdf,1,79922,GR_DATASET\pdfs\Minorities Development Department\202208031459336814.pdf,Downloaded,2026-07-27 22:57:05
Minorities Development Department,"Administrative approval for the construction of 100-bed sub-district hospital under the Pradhanmantri Jan Vikas Karyakram (PMJVK) at Mauja Akot, Dist.Akola : Corrigendum",202208031505326014,29-07-2022,133,https://gr.maharashtra.gov.in/Site/Upload/Government%20Resolutions/English/202208031505326014.pdf,1,136126,GR_DATASET\pdfs\Minorities Development Department\202208031505326014.pdf,Downloaded,2026-07-27 22:57:06
Minorities Development Department,"Administrative approval for the construction of 100-bed sub-district hospital under the Pradhanmantri Jan Vikas Karyakram (PMJVK) at Mauja Shivapur, Dist.Akola : Corrigendum",202208031508454514,29-07-2022,133,https://gr.maharashtra.gov.in/Site/Upload/Government%20Resolutions/English/202208031508454514.pdf,1,136119,GR_DATASET\pdfs\Minorities Development Department\202208031508454514.pdf,Downloaded,2026-07-27 22:57:07
Minorities Development Department,"Administrative approval for the construction of 100-bed sub-district hospital under the Pradhanmantri Jan Vikas Karyakram (PMJVK) at Hingoli, in Gat no.90, 91,92 Dist. Hingoli : Corrigendum",202208031510560014,29-07-2022,133,https://gr.maharashtra.gov.in/Site/Upload/Government%20Resolutions/English/202208031510560014.pdf,1,136570,GR_DATASET\pdfs\Minorities Development Department\202208031510560014.pdf,Downloaded,2026-07-27 22:57:07
Minorities Development Department,Release Grant for ITI 2nd and 3rd Shift.,202207281506521014,28-07-2022,183,https://gr.maharashtra.gov.in/Site/Upload/Government%20Resolutions/English/202207281506521014.pdf,4,187834,GR_DATASET\pdfs\Minorities Development Department\202207281506521014.pdf,Downloaded,2026-07-27 22:57:08
Minorities Development Department,To Disburse the grant of Salary to the Maharashtra State Minority Commission for the month of July-2022 to September-2022,202207271602538814,27-07-2022,190,https://gr.maharashtra.gov.in/Site/Upload/Government%20Resolutions/English/202207271602538814.pdf,3,195032,GR_DATASET\pdfs\Minorities Development Department\202207271602538814.pdf,Downloaded,2026-07-27 22:57:09
Minorities Development Department,Administrative Approval for purchase of Computers and Printers to the office of Maharashtra State Waqf Tribunal,202207271647480714,27-07-2022,244,https://gr.maharashtra.gov.in/Site/Upload/Government%20Resolutions/English/202207271647480714.pdf,3,250324,GR_DATASET\pdfs\Minorities Development Department\202207271647480714.pdf,Downloaded,2026-07-27 22:57:10
Minorities Development Department,Regarding the deposit of the central funds disbursed by the central government under the Centrally Sponsored Pradhan Mantri Jan Vikas Karykram before 31st March 2022 and the funds to be disbursed from the states share in the Single Nodal Account on the PFMS system of the scheme.,202207191513138514,19-07-2022,450,https://gr.maharashtra.gov.in/Site/Upload/Government%20Resolutions/English/202207191513138514.pdf,4,460393,GR_DATASET\pdfs\Minorities Development Department\202207191513138514.pdf,Downloaded,2026-07-27 22:57:11
Minorities Development Department,Regarding the transfer of the central funds disbursed by the central government before 31 March 2022 under Centrally Sponsored Pradhanmantri Jan Vikas Programme and fund from State share in the Single Nodal Account on the PFMS System.,202207181805599214,18-07-2022,500,https://gr.maharashtra.gov.in/Site/Upload/Government%20Resolutions/English/202207181805599214.pdf,4,512337,GR_DATASET\pdfs\Minorities Development Department\202207181805599214.pdf,Downloaded,2026-07-27 22:57:12
Minorities Development Department,Release Grant for second shift in Polytechnic.,202207131452250414,13-07-2022,208,https://gr.maharashtra.gov.in/Site/Upload/Government%20Resolutions/English/202207131452250414.pdf,4,212790,GR_DATASET\pdfs\Minorities Development Department\202207131452250414.pdf,Downloaded,2026-07-27 22:57:13
Minorities Development Department,Corrigendum Rural Development Scheme for Minority Area 2021-22.,202206291649162314,29-06-2022,650,https://gr.maharashtra.gov.in/Site/Upload/Government%20Resolutions/English/202206291649162314.pdf,2,665514,GR_DATASET\pdfs\Minorities Development Department\202206291649162314.pdf,Downloaded,2026-07-27 22:57:15
Minorities Development Department,Corrigendum- Rural Development Scheme for Minority Area 2021-22.,202206291732060214,29-06-2022,168,https://gr.maharashtra.gov.in/Site/Upload/Government%20Resolutions/English/202206291732060214.pdf,2,172416,GR_DATASET\pdfs\Minorities Development Department\202206291732060214.pdf,Downloaded,2026-07-27 22:57:15
Minorities Development Department,Corrigendum Urban Development Scheme for Minority Area 2021-22.,202206291737431714,29-06-2022,643,https://gr.maharashtra.gov.in/Site/Upload/Government%20Resolutions/English/202206291737431714.pdf,2,658378,GR_DATASET\pdfs\Minorities Development Department\202206291737431714.pdf,Downloaded,2026-07-27 22:57:17
Minorities Development Department,"Administrative approval for the construction of 100- bed sub-district hospital under the Pradhanmantri Jan Vikas Karyakram (PMJVK) at Pusad, Dist. Yawatmal : Corrigendum",202208031503332314,29-06-2022,133,https://gr.maharashtra.gov.in/Site/Upload/Government%20Resolutions/English/202208031503332314.pdf,1,135779,GR_DATASET\pdfs\Minorities Development Department\202208031503332314.pdf,Downloaded,2026-07-27 22:57:18
Minorities Development Department,Sanctioned of grant release of Maharashtra State Urdu Sahitya Academy office expenses for the year 2022-23.,202206281308249714,28-06-2022,135,https://gr.maharashtra.gov.in/Site/Upload/Government%20Resolutions/English/202206281308249714.pdf,2,137780,GR_DATASET\pdfs\Minorities Development Department\202206281308249714.pdf,Downloaded,2026-07-27 22:57:18
Minorities Development Department,Sanctioned of administrative approval Maharashtra State Urdu Sahitya Academy office expenses grant for the year 2022-23.,202206281311579314,28-06-2022,144,https://gr.maharashtra.gov.in/Site/Upload/Government%20Resolutions/English/202206281311579314.pdf,2,147013,GR_DATASET\pdfs\Minorities Development Department\202206281311579314.pdf,Downloaded,2026-07-27 22:57:19
Minorities Development Department,Corrigendum Rural Development Scheme for Minority Area 2021-22.,202206271514149514,27-06-2022,332,https://gr.maharashtra.gov.in/Site/Upload/Government%20Resolutions/English/202206271514149514.pdf,3,339781,GR_DATASET\pdfs\Minorities Development Department\202206271514149514.pdf,Downloaded,2026-07-27 22:57:20
Minorities Development Department,Corrigendum Urban Development Scheme for Minority Area 2021-22.,202206271524554514,27-06-2022,145,https://gr.maharashtra.gov.in/Site/Upload/Government%20Resolutions/English/202206271524554514.pdf,3,148489,GR_DATASET\pdfs\Minorities Development Department\202206271524554514.pdf,Downloaded,2026-07-27 22:57:21
Minorities Development Department,Cancellation of appointment of Shri Anees Shaikh as Chief Executive Officer of Maharashtra State Board of Wakf.,202206271735332014...,27-06-2022,138,https://gr.maharashtra.gov.in/Site/Upload/Government%20Resolutions/English/202206271735332014....pdf,0,0,GR_DATASET\pdfs\Minorities Development Department\202206271735332014....pdf,404 Client Error: Not Found for url: https://gr.maharashtra.gov.in/Site/Upload/Government%20Resolutions/English/202206271735332014....pdf,2026-07-27 22:57:21
Minorities Development Department,Release of funds for scholarships for students of Minority Communities pursuing higher and Professional Courses and all courses after XIIth Class.,202206231518090314,24-06-2022,174,https://gr.maharashtra.gov.in/Site/Upload/Government%20Resolutions/English/202206231518090314.pdf,3,177749,GR_DATASET\pdfs\Minorities Development Department\202206231518090314.pdf,Downloaded,2026-07-27 22:57:22
Minorities Development Department,To release remaining funds for development works under PMJVK (formerly MsDP) to Jalna city in Jalna District.,202206241214535714,24-06-2022,267,https://gr.maharashtra.gov.in/Site/Upload/Government%20Resolutions/English/202206241214535714.pdf,4,273510,GR_DATASET\pdfs\Minorities Development Department\202206241214535714.pdf,Downloaded,2026-07-27 22:57:23
Minorities Development Department,Corrigendum- Urban Development Scheme for Minority Area 2021-22.Corrigendum- Urban Development Scheme for Minority Area 2021-22.,202206211133017914,21-06-2022,348,https://gr.maharashtra.gov.in/Site/Upload/Government%20Resolutions/English/202206211133017914.pdf,3,356824,GR_DATASET\pdfs\Minorities Development Department\202206211133017914.pdf,Downloaded,2026-07-27 22:57:24
Minorities Development Department,Grant distribution for Minority Girls hostel for the year 2022-23,202206201542546314,20-06-2022,161,https://gr.maharashtra.gov.in/Site/Upload/Government%20Resolutions/English/202206201542546314.pdf,4,164904,GR_DATASET\pdfs\Minorities Development Department\202206201542546314.pdf,Downloaded,2026-07-27 22:57:25
Minorities Development Department,"Regarding distribution of funds for the construction of Haj House, Aurangabad. year 2022-2023",202206201645191314...,20-06-2022,251,https://gr.maharashtra.gov.in/Site/Upload/Government%20Resolutions/English/202206201645191314....pdf,0,0,GR_DATASET\pdfs\Minorities Development Department\202206201645191314....pdf,404 Client Error: Not Found for url: https://gr.maharashtra.gov.in/Site/Upload/Government%20Resolutions/English/202206201645191314....pdf,2026-07-27 22:57:25
Minorities Development Department,Regarding distribution of remaining third phase grant for construction of Sadbhav Mandap at Parbhani town in Parbhani district under Centrally Sponsored Pradhanmantri Jan Vikas Karykram (PMJVK). For the year Year 2022-23.,202206141451172514,14-06-2022,262,https://gr.maharashtra.gov.in/Site/Upload/Government%20Resolutions/English/202206141451172514.pdf,4,268764,GR_DATASET\pdfs\Minorities Development Department\202206141451172514.pdf,Downloaded,2026-07-27 22:57:26
Minorities Development Department,Corrigendum- Rural Development Scheme for Minority Area 2021-22.,202206141550211314,14-06-2022,361,https://gr.maharashtra.gov.in/Site/Upload/Government%20Resolutions/English/202206141550211314.pdf,7,369598,GR_DATASET\pdfs\Minorities Development Department\202206141550211314.pdf,Downloaded,2026-07-27 22:57:27
Minorities Development Department,Corrigendum- Urban Development Scheme for Minority Area 2021-22.,202206141552437014,14-06-2022,319,https://gr.maharashtra.gov.in/Site/Upload/Government%20Resolutions/English/202206141552437014.pdf,2,326148,GR_DATASET\pdfs\Minorities Development Department\202206141552437014.pdf,Downloaded,2026-07-27 22:57:28
Minorities Development Department,Starting New Budget head to Hostel for Minority Students Scheme.,202206091616319514....,09-06-2022,184,https://gr.maharashtra.gov.in/Site/Upload/Government%20Resolutions/English/202206091616319514.....pdf,2,189213,GR_DATASET\pdfs\Minorities Development Department\202206091616319514.....pdf,Downloaded,2026-07-27 22:57:29
Minorities Development Department,Disbursement of grant to the Maharashtra State Haj Committee for financial year 2022-2023.,202206071529405114,07-06-2022,143,https://gr.maharashtra.gov.in/Site/Upload/Government%20Resolutions/English/202206071529405114.pdf,2,146199,GR_DATASET\pdfs\Minorities Development Department\202206071529405114.pdf,Downloaded,2026-07-27 22:57:29
Minorities Development Department,Corrigendum- Rural Development Scheme for Minority Area 2021-22.,202206061305460514,06-06-2022,608,https://gr.maharashtra.gov.in/Site/Upload/Government%20Resolutions/English/202206061305460514.pdf,2,622540,GR_DATASET\pdfs\Minorities Development Department\202206061305460514.pdf,Downloaded,2026-07-27 22:57:31
Minorities Development Department,Corrigendum- Rural Development Scheme for Minority Area 2021-22.,202206061318569314,06-06-2022,174,https://gr.maharashtra.gov.in/Site/Upload/Government%20Resolutions/English/202206061318569314.pdf,5,178115,GR_DATASET\pdfs\Minorities Development Department\202206061318569314.pdf,Downloaded,2026-07-27 22:57:31
Minorities Development Department,Corrigendum- Urban Development Scheme for Minority Area 2021-22.,202206061325359414,06-06-2022,328,https://gr.maharashtra.gov.in/Site/Upload/Government%20Resolutions/English/202206061325359414.pdf,3,336074,GR_DATASET\pdfs\Minorities Development Department\202206061325359414.pdf,Downloaded,2026-07-27 22:57:32
Minorities Development Department,Disbursement of grant to the Maharashtra State Haj Committee for financial year 2021-2022.,202205301715152414,30-05-2022,228,https://gr.maharashtra.gov.in/Site/Upload/Government%20Resolutions/English/202205301715152414.pdf,3,233889,GR_DATASET\pdfs\Minorities Development Department\202205301715152414.pdf,Downloaded,2026-07-27 22:57:33
Minorities Development Department,Corrigendum - To disburse Grant to Urban Areas Development Scheme 2021-22.,202205271519139414,27-05-2022,139,https://gr.maharashtra.gov.in/Site/Upload/Government%20Resolutions/English/202205271519139414.pdf,2,142070,GR_DATASET\pdfs\Minorities Development Department\202205271519139414.pdf,Downloaded,2026-07-27 22:57:34
Minorities Development Department,Release Non-Salary grant to Minority Commission for the year 2022-23.,202205231722422014,23-05-2022,329,https://gr.maharashtra.gov.in/Site/Upload/Government%20Resolutions/English/202205231722422014.pdf,3,336782,GR_DATASET\pdfs\Minorities Development Department\202205231722422014.pdf,Downloaded,2026-07-27 22:57:35
Minorities Development Department,Corrigendum- Rural Development Scheme for Minority Area 2021-22.,202205201205214314,20-05-2022,328,https://gr.maharashtra.gov.in/Site/Upload/Government%20Resolutions/English/202205201205214314.pdf,3,335383,GR_DATASET\pdfs\Minorities Development Department\202205201205214314.pdf,Downloaded,2026-07-27 22:57:36
Minorities Development Department,Corrigendum- Urban Development Scheme for Minority Area 2021-22.,202205201212583814,20-05-2022,318,https://gr.maharashtra.gov.in/Site/Upload/Government%20Resolutions/English/202205201212583814.pdf,2,325544,GR_DATASET\pdfs\Minorities Development Department\202205201212583814.pdf,Downloaded,2026-07-27 22:57:37
Minorities Development Department,Corrigendum- Urban Development Scheme for Minority Area 2021-22.,202205201220034614,20-05-2022,321,https://gr.maharashtra.gov.in/Site/Upload/Government%20Resolutions/English/202205201220034614.pdf,2,328361,GR_DATASET\pdfs\Minorities Development Department\202205201220034614.pdf,Downloaded,2026-07-27 22:57:38
Minorities Development Department,Corrigendum- Urban Development Scheme for Minority Area 2021-22.,202205201220381214,20-05-2022,319,https://gr.maharashtra.gov.in/Site/Upload/Government%20Resolutions/English/202205201220381214.pdf,2,326470,GR_DATASET\pdfs\Minorities Development Department\202205201220381214.pdf,Downloaded,2026-07-27 22:57:39
Minorities Development Department,Corrigendum- Urban Development Scheme for Minority Area 2021-22.,202205201229302814,20-05-2022,391,https://gr.maharashtra.gov.in/Site/Upload/Government%20Resolutions/English/202205201229302814.pdf,2,400367,GR_DATASET\pdfs\Minorities Development Department\202205201229302814.pdf,Downloaded,2026-07-27 22:57:39
Minorities Development Department,Release of funds for scholarships for students of Minority Communities pursuing Higher and Professional Courses and all courses after XIIth Class.,202205171312006614,17-05-2022,148,https://gr.maharashtra.gov.in/Site/Upload/Government%20Resolutions/English/202205171312006614.pdf,3,151491,GR_DATASET\pdfs\Minorities Development Department\202205171312006614.pdf,Downloaded,2026-07-27 22:57:40
Minorities Development Department,"Grants for the provision of basic facilities in religious minority student majority government approved private aided / unaided / permanent unaided schools, junior colleges, industrial training institutes, municipal / municipal schools and schools for the disabled. Regarding the distribution of funds from the provision.",202205171312123914,17-05-2022,313,https://gr.maharashtra.gov.in/Site/Upload/Government%20Resolutions/English/202205171312123914.pdf,19,320572,GR_DATASET\pdfs\Minorities Development Department\202205171312123914.pdf,Downloaded,2026-07-27 22:57:41
Minorities Development Department,Regarding distribution of grants from the budget provision of 2022-23 to eligible madrasas for the year 2021-22 under Dr. Zakir Hussain Madrasa Modernization Scheme.,202205171312217414,17-05-2022,229,https://gr.maharashtra.gov.in/Site/Upload/Government%20Resolutions/English/202205171312217414.pdf,12,235003,GR_DATASET\pdfs\Minorities Development Department\202205171312217414.pdf,Downloaded,2026-07-27 22:57:42
Minorities Development Department,Administrative Approval for purchase of Computers and Printers to the office of Maharashtra State Waqf Tribunal,202205131550319114,13-05-2022,243,https://gr.maharashtra.gov.in/Site/Upload/Government%20Resolutions/English/202205131550319114.pdf,3,248845,GR_DATASET\pdfs\Minorities Development Department\202205131550319114.pdf,Downloaded,2026-07-27 22:57:43
Minorities Development Department,Corrigendum- Fixing of revised diagram for Maharashtra State Board of Waqf.,202205131551399014,13-05-2022,137,https://gr.maharashtra.gov.in/Site/Upload/Government%20Resolutions/English/202205131551399014.pdf,2,139778,GR_DATASET\pdfs\Minorities Development Department\202205131551399014.pdf,Downloaded,2026-07-27 22:57:44
Minorities Development Department,Disburse grant for polytechnic second shift,202206271154584514,09-05-2022,127,https://gr.maharashtra.gov.in/Site/Upload/Government%20Resolutions/English/202206271154584514.pdf,4,130139,GR_DATASET\pdfs\Minorities Development Department\202206271154584514.pdf,Downloaded,2026-07-27 22:57:44
Minorities Development Department,Administrative approval for furniture and compound wall to Minority girls Hostel,202206171534069614,06-05-2022,338,https://gr.maharashtra.gov.in/Site/Upload/Government%20Resolutions/English/202206171534069614.pdf,4,345824,GR_DATASET\pdfs\Minorities Development Department\202206171534069614.pdf,Downloaded,2026-07-27 22:57:45
Minorities Development Department,To Disburse the grant of Salary to the Maharashtra State Minority Commission for the month of April-2022 to June-2022,202205061155211714,06-05-2022,151,https://gr.maharashtra.gov.in/Site/Upload/Government%20Resolutions/English/202205061155211714.pdf,3,154710,GR_DATASET\pdfs\Minorities Development Department\202205061155211714.pdf,Downloaded,2026-07-27 22:57:46
Minorities Development Department,Policy regarding contraction of urdu ghars in the State of Maharashtra,202205061451328214,06-05-2022,207,https://gr.maharashtra.gov.in/Site/Upload/Government%20Resolutions/English/202205061451328214.pdf,3,211820,GR_DATASET\pdfs\Minorities Development Department\202205061451328214.pdf,Downloaded,2026-07-27 22:57:47
Minorities Development Department,Disburse grant for ITI Second and Third Shift.,202206271140142514,29-04-2022,162,https://gr.maharashtra.gov.in/Site/Upload/Government%20Resolutions/English/202206271140142514.pdf,4,166077,GR_DATASET\pdfs\Minorities Development Department\202206271140142514.pdf,Downloaded,2026-07-27 22:57:48
Minorities Development Department,"Administrative approval for construction of 100-beded Sub- District Hospital at Akot, District Akola, under the Pradhanmantri Jan Vikas Karykram (PMJVK).",202204271100424114,26-04-2022,165,https://gr.maharashtra.gov.in/Site/Upload/Government%20Resolutions/English/202204271100424114.pdf,5,169329,GR_DATASET\pdfs\Minorities Development Department\202204271100424114.pdf,Downloaded,2026-07-27 22:57:48
Minorities Development Department,"Administrative approval for construction of 100 beded sub-district hospital Mauja Shivapur at Akola, under the Pradhanmantri Jan Vikas Karykram (PMJVK).",202204271103410414,26-04-2022,166,https://gr.maharashtra.gov.in/Site/Upload/Government%20Resolutions/English/202204271103410414.pdf,5,170487,GR_DATASET\pdfs\Minorities Development Department\202204271103410414.pdf,Downloaded,2026-07-27 22:57:49
Minorities Development Department,"Administrative approval for construction of 50 beded sub-district hospital at Anjangaon Surji, District Amravati under the Pradhanmantri Jan Vikas Karykram (PMJVK).",202204271105595914,26-04-2022,396,https://gr.maharashtra.gov.in/Site/Upload/Government%20Resolutions/English/202204271105595914.pdf,5,406014,GR_DATASET\pdfs\Minorities Development Department\202204271105595914.pdf,Downloaded,2026-07-27 22:57:50
Minorities Development Department,"Regarding administrative approval for the construction of 50-beded sub-district hospital at Pusad, district Yavatmal, under the Pradhanmantri Jan Vikas Karykram (PMJVK).",202204271109554714,26-04-2022,215,https://gr.maharashtra.gov.in/Site/Upload/Government%20Resolutions/English/202204271109554714.pdf,5,220517,GR_DATASET\pdfs\Minorities Development Department\202204271109554714.pdf,Downloaded,2026-07-27 22:57:51
Minorities Development Department,"Administrative approval for construction of new 100 beded womens hospital in Sarve No. 90, 91, 92 at Hingoli, Hingoli, under PMJVK,",202204221539243514...,22-04-2022,864,https://gr.maharashtra.gov.in/Site/Upload/Government%20Resolutions/English/202204221539243514....pdf,5,885279,GR_DATASET\pdfs\Minorities Development Department\202204221539243514....pdf,Downloaded,2026-07-27 22:57:52
Minorities Development Department,"Administrative approval for the construction of a new 200 beded hospital at Achalpur, Amravati, under the Pradhamantri Jan Vikas Karkram (PMJVK).",202204221543429514,22-04-2022,636,https://gr.maharashtra.gov.in/Site/Upload/Government%20Resolutions/English/202204221543429514.pdf,6,651272,GR_DATASET\pdfs\Minorities Development Department\202204221543429514.pdf,Downloaded,2026-07-27 22:57:53
Minorities Development Department,"Regarding providing third approved administrative approval for the revised cost of construction of Haj House, Aurangabad building.",202204121518557014,12-04-2022,162,https://gr.maharashtra.gov.in/Site/Upload/Government%20Resolutions/English/202204121518557014.pdf,4,165581,GR_DATASET\pdfs\Minorities Development Department\202204121518557014.pdf,Downloaded,2026-07-27 22:57:54
Minorities Development Department,Corrigendum- Rural Development Scheme for Minority Area. 2021-22,202204121601451514,12-04-2022,141,https://gr.maharashtra.gov.in/Site/Upload/Government%20Resolutions/English/202204121601451514.pdf,2,144363,GR_DATASET\pdfs\Minorities Development Department\202204121601451514.pdf,Downloaded,2026-07-27 22:57:55
Minorities Development Department,"To disburse the grant of salary to the Maharashtra State Minority Commission for the Month of March, 2022.",202204111117068114,11-04-2022,150,https://gr.maharashtra.gov.in/Site/Upload/Government%20Resolutions/English/202204111117068114.pdf,3,153435,GR_DATASET\pdfs\Minorities Development Department\202204111117068114.pdf,Downloaded,2026-07-27 22:57:55
Minorities Development Department,"Regarding distribution of grants to the office of Maharashtra State Waqf Tribunal, Aurangabad in the financial year 2022-23.",202204111605399114,11-04-2022,256,https://gr.maharashtra.gov.in/Site/Upload/Government%20Resolutions/English/202204111605399114.pdf,2,262303,GR_DATASET\pdfs\Minorities Development Department\202204111605399114.pdf,Downloaded,2026-07-27 22:57:56
Minorities Development Department,Disbursement of grant to the Maharashtra State Haj Committee for financial year 2022-2023.,202204111754150114,11-04-2022,271,https://gr.maharashtra.gov.in/Site/Upload/Government%20Resolutions/English/202204111754150114.pdf,2,277145,GR_DATASET\pdfs\Minorities Development Department\202204111754150114.pdf,Downloaded,2026-07-27 22:57:58
Minorities Development Department,Regarding distribution of grants for creation of new website and Case Information Management System through National Informatics Center (NIC) for Maharashtra State Waqf Tribunal.,202203311157077814,31-03-2022,278,https://gr.maharashtra.gov.in/Site/Upload/Government%20Resolutions/English/202203311157077814.pdf,2,284707,GR_DATASET\pdfs\Minorities Development Department\202203311157077814.pdf,Downloaded,2026-07-27 22:57:58
Minorities Development Department,To disburse grant to Rural Area Development Scheme 2021-22.,202203311132283614,31-03-2022,920,https://gr.maharashtra.gov.in/Site/Upload/Government%20Resolutions/English/202203311132283614.pdf,99,942022,GR_DATASET\pdfs\Minorities Development Department\202203311132283614.pdf,Downloaded,2026-07-27 22:58:00
Minorities Development Department,"Regarding release of grant for construction of Sadbhav Mandap at Village Dhanegaon, Block Nanded, in Nanded District Under Centrally Sponsored Pradhanmantri Jan Vikas Karaykram ( Center and State Share) for Year 2021-22",202203311607468714,31-03-2022,670,https://gr.maharashtra.gov.in/Site/Upload/Government%20Resolutions/English/202203311607468714.pdf,4,686048,GR_DATASET\pdfs\Minorities Development Department\202203311607468714.pdf,Downloaded,2026-07-27 22:58:01
Minorities Development Department,"Regarding release of grant for construction of Sadbhav Mandap at Municipal Corporation , Nanded- Wagahala in Nanded District Under Centrally Sponsored Pradhanmantri Jan Vikas Karaykram ( Center and State Share) for Year 2021-22",202203311611577214,31-03-2022,269,https://gr.maharashtra.gov.in/Site/Upload/Government%20Resolutions/English/202203311611577214.pdf,4,275904,GR_DATASET\pdfs\Minorities Development Department\202203311611577214.pdf,Downloaded,2026-07-27 22:58:02
Minorities Development Department,To Disburse grant to Urban Area Development Scheme 2021-22.,202203311132465314,31-03-2022,355,https://gr.maharashtra.gov.in/Site/Upload/Government%20Resolutions/English/202203311132465314.pdf,43,363060,GR_DATASET\pdfs\Minorities Development Department\202203311132465314.pdf,Downloaded,2026-07-27 22:58:03
Minorities Development Department,"Re-appropriation of budgetary provision for the financial year 2021-2022 Demand No. ZE-01 Major Head (2053 1258), Wakf Tribunal Establishment.",202203312024583714,31-03-2022,562,https://gr.maharashtra.gov.in/Site/Upload/Government%20Resolutions/English/202203312024583714.pdf,4,575692,GR_DATASET\pdfs\Minorities Development Department\202203312024583714.pdf,Downloaded,2026-07-27 22:58:04
Minorities Development Department,"Reappropriation of grants to Maharashtra State Waqf Tribunal, Aurangabad for the purpose of 10-Contract Services, 11-Domestic Travel Expenses, 14-Lease and Tax for the year 2021-22.",202203311919426014,31-03-2022,188,https://gr.maharashtra.gov.in/Site/Upload/Government%20Resolutions/English/202203311919426014.pdf,3,192328,GR_DATASET\pdfs\Minorities Development Department\202203311919426014.pdf,Downloaded,2026-07-27 22:58:05
Minorities Development Department,"Grant release to Minority Commission of Research, Training and Publicity of schemes for minorities.",202203312034463114,31-03-2022,318,https://gr.maharashtra.gov.in/Site/Upload/Government%20Resolutions/English/202203312034463114.pdf,3,325532,GR_DATASET\pdfs\Minorities Development Department\202203312034463114.pdf,Downloaded,2026-07-27 22:58:06
Minorities Development Department,"National Minority Development and Finance Corporation, New Delhi.Share capital for the year 2021-22. Regarding distribution of contributions. .",202203312054586314,31-03-2022,150,https://gr.maharashtra.gov.in/Site/Upload/Government%20Resolutions/English/202203312054586314.pdf,3,153469,GR_DATASET\pdfs\Minorities Development Department\202203312054586314.pdf,Downloaded,2026-07-27 22:58:07
Minorities Development Department,Release of funds for scholarships for students of Minority Communities pursuing higher and Professional Courses and all courses after XIIth Class.,202203312022316714,31-03-2022,149,https://gr.maharashtra.gov.in/Site/Upload/Government%20Resolutions/English/202203312022316714.pdf,3,152560,GR_DATASET\pdfs\Minorities Development Department\202203312022316714.pdf,Downloaded,2026-07-27 22:58:08
Minorities Development Department,"Distribution of grants under the grant scheme for providing basic facilities in religious minority student majority government approved private aided / unaided / permanent unaided schools, junior colleges, industrial training institutes, municipal / municipal schools and schools for the disabled in the year 2021-22.",202203312023153214,31-03-2022,411,https://gr.maharashtra.gov.in/Site/Upload/Government%20Resolutions/English/202203312023153214.pdf,33,421043,GR_DATASET\pdfs\Minorities Development Department\202203312023153214.pdf,Downloaded,2026-07-27 22:58:09
Minorities Development Department,To distribute grants for the year 2021-22 under Dr. Zakir Hussain Madrasa Modernization Scheme.,202203312023013114,31-03-2022,297,https://gr.maharashtra.gov.in/Site/Upload/Government%20Resolutions/English/202203312023013114.pdf,22,304623,GR_DATASET\pdfs\Minorities Development Department\202203312023013114.pdf,Downloaded,2026-07-27 22:58:10
Minorities Development Department,Grant Release for Hostel Management.,202203301249172314,30-03-2022,203,https://gr.maharashtra.gov.in/Site/Upload/Government%20Resolutions/English/202203301249172314.pdf,4,207944,GR_DATASET\pdfs\Minorities Development Department\202203301249172314.pdf,Downloaded,2026-07-27 22:58:10
Minorities Development Department,Regarding distribution of remaining funds under Center plus State for implementation of SmartClass project in minority areas under Centrally Sponsored Pradhanmantri Jan Vikas Karykram (PMJVK).,202203301819201114,30-03-2022,365,https://gr.maharashtra.gov.in/Site/Upload/Government%20Resolutions/English/202203301819201114.pdf,5,374075,GR_DATASET\pdfs\Minorities Development Department\202203301819201114.pdf,Downloaded,2026-07-27 22:58:11
Minorities Development Department,"Re-appropriation of budgetary provision for the financial year 2021-2022 Demand No.ZE-01 Major Head 20525125, Secretariat, General Services (Committed) (Voted).",202203301827096714,30-03-2022,648,https://gr.maharashtra.gov.in/Site/Upload/Government%20Resolutions/English/202203301827096714.pdf,4,663581,GR_DATASET\pdfs\Minorities Development Department\202203301827096714.pdf,Downloaded,2026-07-27 22:58:13
Minorities Development Department,Grant Release for Muktainagar Polytechnic.,202203301851240214,30-03-2022,328,https://gr.maharashtra.gov.in/Site/Upload/Government%20Resolutions/English/202203301851240214.pdf,4,335600,GR_DATASET\pdfs\Minorities Development Department\202203301851240214.pdf,Downloaded,2026-07-27 22:58:14
Minorities Development Department,Corrigendum- Urban Development Scheme for Minority Area 2021-22.,202203301851223314,30-03-2022,318,https://gr.maharashtra.gov.in/Site/Upload/Government%20Resolutions/English/202203301851223314.pdf,2,325388,GR_DATASET\pdfs\Minorities Development Department\202203301851223314.pdf,Downloaded,2026-07-27 22:58:15
Minorities Development Department,Corrigendum- Urban Development Scheme for Minority Area 2021-22.,202203301857079714,30-03-2022,316,https://gr.maharashtra.gov.in/Site/Upload/Government%20Resolutions/English/202203301857079714.pdf,2,323825,GR_DATASET\pdfs\Minorities Development Department\202203301857079714.pdf,Downloaded,2026-07-27 22:58:15
Minorities Development Department,Release of Grant for Construction of Study Centre at Jalna City in Jalna District under Pradhanmantri Jan Vikas Karyakram (PMJVK),202203311037049114,30-03-2022,608,https://gr.maharashtra.gov.in/Site/Upload/Government%20Resolutions/English/202203311037049114.pdf,4,623058,GR_DATASET\pdfs\Minorities Development Department\202203311037049114.pdf,Downloaded,2026-07-27 22:58:17
Minorities Development Department,"Administrative approval for the construction of Study Center at Jalna city, Jalna city, under the Pradhanmantri Jan Vikas Karyakram (PMJVK).",202203311043581614,30-03-2022,514,https://gr.maharashtra.gov.in/Site/Upload/Government%20Resolutions/English/202203311043581614.pdf,4,526063,GR_DATASET\pdfs\Minorities Development Department\202203311043581614.pdf,Downloaded,2026-07-27 22:58:18
Minorities Development Department,"Special Leave Petition No.32129 to 32131/2011 before the Hon. Supreme Court of India regarding the payment of professional fees of Adv. Kapil Sibal, Special Counsel appointed to represent the government in the case",202203291105101414.....,29-03-2022,210,https://gr.maharashtra.gov.in/Site/Upload/Government%20Resolutions/English/202203291105101414......pdf,3,215998,GR_DATASET\pdfs\Minorities Development Department\202203291105101414......pdf,Downloaded,2026-07-27 22:58:19
Minorities Development Department,To Disburse the grant of non salary to the Maharashtra State Minority Commission for the Month January 2022 to March 2022.,202203291358243014.....,29-03-2022,149,https://gr.maharashtra.gov.in/Site/Upload/Government%20Resolutions/English/202203291358243014......pdf,3,153203,GR_DATASET\pdfs\Minorities Development Department\202203291358243014......pdf,Downloaded,2026-07-27 22:58:19
Minorities Development Department,Disbursement of grant to the Maharashtra State Haj Committee for financial year 2021-2022.,202203291723092414...,29-03-2022,293,https://gr.maharashtra.gov.in/Site/Upload/Government%20Resolutions/English/202203291723092414....pdf,4,300441,GR_DATASET\pdfs\Minorities Development Department\202203291723092414....pdf,Downloaded,2026-07-27 22:58:20
Minorities Development Department,"Re-appropriation of budgetary provision for the financial year 2021-2022 Demand No. ZE-01 Major Head 2052, Secretariat, General Services (Committed) (Voted).",202203301811452414,28-03-2022,690,https://gr.maharashtra.gov.in/Site/Upload/Government%20Resolutions/English/202203301811452414.pdf,4,706254,GR_DATASET\pdfs\Minorities Development Department\202203301811452414.pdf,Downloaded,2026-07-27 22:58:21
Minorities Development Department,"Maulana Azad Minority Economic Development Corporation Limited, Mumbai Part capital for the year 2021-22- Regarding distribution of contributions.",202203241602292814,24-03-2022,150,https://gr.maharashtra.gov.in/Site/Upload/Government%20Resolutions/English/202203241602292814.pdf,4,153229,GR_DATASET\pdfs\Minorities Development Department\202203241602292814.pdf,Downloaded,2026-07-27 22:58:22
Minorities Development Department,Regarding disbursement of funds in the financial year 2021-22 for the scheme of imparting skills training to provide employment opportunities to the women and youth belonging to the minority communities in the State.,202203211146343814,21-03-2022,150,https://gr.maharashtra.gov.in/Site/Upload/Government%20Resolutions/English/202203211146343814.pdf,3,153091,GR_DATASET\pdfs\Minorities Development Department\202203211146343814.pdf,Downloaded,2026-07-27 22:58:23
Minorities Development Department,Disbursement of grant to the Maharashtra State Urdu Sahitya Academy to implement schemes during the financial year 2021-22.,202203211154302314..,21-03-2022,216,https://gr.maharashtra.gov.in/Site/Upload/Government%20Resolutions/English/202203211154302314...pdf,3,221710,GR_DATASET\pdfs\Minorities Development Department\202203211154302314...pdf,Downloaded,2026-07-27 22:58:24
Minorities Development Department,"Regarding extension of 66 temporary posts of various categories, which are created for the Minorities Development Department, in the year 2021-22.",202203211219550414,21-03-2022,157,https://gr.maharashtra.gov.in/Site/Upload/Government%20Resolutions/English/202203211219550414.pdf,4,160496,GR_DATASET\pdfs\Minorities Development Department\202203211219550414.pdf,Downloaded,2026-07-27 22:58:24
Minorities Development Department,Maharashtra State Haj Committee Offices Administrative Approval for Purchase of Xerox Machine for Office Use of Maharashtra State Haj Committee.,202203211548058114,21-03-2022,139,https://gr.maharashtra.gov.in/Site/Upload/Government%20Resolutions/English/202203211548058114.pdf,2,142311,GR_DATASET\pdfs\Minorities Development Department\202203211548058114.pdf,Downloaded,2026-07-27 22:58:25
Minorities Development Department,Release of funds for scholarships for students of Minority Communities pursuing Higher and Professional Courses and all courses after XIIth Class.,202203211743154214,21-03-2022,148,https://gr.maharashtra.gov.in/Site/Upload/Government%20Resolutions/English/202203211743154214.pdf,3,151432,GR_DATASET\pdfs\Minorities Development Department\202203211743154214.pdf,Downloaded,2026-07-27 22:58:26
Minorities Development Department,Grant Release in Moulana Azad Free Coaching scheme.,202203221442054714...,21-03-2022,281,https://gr.maharashtra.gov.in/Site/Upload/Government%20Resolutions/English/202203221442054714....pdf,7,288050,GR_DATASET\pdfs\Minorities Development Department\202203221442054714....pdf,Downloaded,2026-07-27 22:58:27
Minorities Development Department,"Regarding distribution of grants to the office of Maharashtra State Waqf Tribunal, Aurangabad in the financial year 2021-22.",202203151216557614,15-03-2022,1555,https://gr.maharashtra.gov.in/Site/Upload/Government%20Resolutions/English/202203151216557614.pdf,2,1592682,GR_DATASET\pdfs\Minorities Development Department\202203151216557614.pdf,Downloaded,2026-07-27 22:58:29
Minorities Development Department,"Special Leave Petition No.32129 to 32131/2011 before the Hon. Supreme Court of India regarding the payment of professional fees of Adv. Kapil Sibal, Special Counsel appointed. to represent the government in the case",202203151216394214,15-03-2022,209,https://gr.maharashtra.gov.in/Site/Upload/Government%20Resolutions/English/202203151216394214.pdf,2,214499,GR_DATASET\pdfs\Minorities Development Department\202203151216394214.pdf,Downloaded,2026-07-27 22:58:29
Minorities Development Department,Grant Relapse for construction for ITI Mundava and Mumbra.,202203151723580614,15-03-2022,249,https://gr.maharashtra.gov.in/Site/Upload/Government%20Resolutions/English/202203151723580614.pdf,4,254626,GR_DATASET\pdfs\Minorities Development Department\202203151723580614.pdf,Downloaded,2026-07-27 22:58:31
Minorities Development Department,Regarding grant release to Institutions for Pre recruitment of Police Training Scheme 2020-21.,202203111148067814,11-03-2022,1493,https://gr.maharashtra.gov.in/Site/Upload/Government%20Resolutions/English/202203111148067814.pdf,3,1528840,GR_DATASET\pdfs\Minorities Development Department\202203111148067814.pdf,Downloaded,2026-07-27 22:58:37
Minorities Development Department,"To disburse the funds for construction of 01 hostel for boys and girls in Khamgaon (District- Buldana) Under the Centrally Sponsored Scheme, Pradhanmantri Jan Vikas Karyakram.",202203101704118714,10-03-2022,1707,https://gr.maharashtra.gov.in/Site/Upload/Government%20Resolutions/English/202203101704118714.pdf,4,1747731,GR_DATASET\pdfs\Minorities Development Department\202203101704118714.pdf,Downloaded,2026-07-27 22:58:39
Minorities Development Department,To disburse grant to Second and third Shift courses for minority students in Government ITI,202203081552258014,08-03-2022,1635,https://gr.maharashtra.gov.in/Site/Upload/Government%20Resolutions/English/202203081552258014.pdf,4,1674283,GR_DATASET\pdfs\Minorities Development Department\202203081552258014.pdf,Downloaded,2026-07-27 22:58:42
Minorities Development Department,Corrigendum Rural Development Scheme for Minority area 2019-20.,202203071225213414,07-03-2022,1662,https://gr.maharashtra.gov.in/Site/Upload/Government%20Resolutions/English/202203071225213414.pdf,2,1701683,GR_DATASET\pdfs\Minorities Development Department\202203071225213414.pdf,Downloaded,2026-07-27 22:58:48
Minorities Development Department,Corrigendum Urban Development Scheme for Minority area 2021-22.,202203071231106114,07-03-2022,318,https://gr.maharashtra.gov.in/Site/Upload/Government%20Resolutions/English/202203071231106114.pdf,2,325900,GR_DATASET\pdfs\Minorities Development Department\202203071231106114.pdf,Downloaded,2026-07-27 22:58:49
Minorities Development Department,To disburse of grant for new development works from the unspent funds in the financial year 2021-21 for urban area development scheme for minorities 2020-21.,202203031652327314,03-03-2022,121,https://gr.maharashtra.gov.in/Site/Upload/Government%20Resolutions/English/202203031652327314.pdf,5,124375,GR_DATASET\pdfs\Minorities Development Department\202203031652327314.pdf,Downloaded,2026-07-27 22:58:50
Minorities Development Department,Administrative approval for creation of new website and Case Information Management System through National Informatics Center (NIC) for Maharashtra State Waqf Tribunal.,202202281329022714,28-02-2022,419,https://gr.maharashtra.gov.in/Site/Upload/Government%20Resolutions/English/202202281329022714.pdf,4,429058,GR_DATASET\pdfs\Minorities Development Department\202202281329022714.pdf,Downloaded,2026-07-27 22:58:51
Minorities Development Department,Fixing of revised diagram for Maharashtra State Board of Waqf.,202202241236560014,24-02-2022,185,https://gr.maharashtra.gov.in/Site/Upload/Government%20Resolutions/English/202202241236560014.pdf,8,189011,GR_DATASET\pdfs\Minorities Development Department\202202241236560014.pdf,Downloaded,2026-07-27 22:58:52
Minorities Development Department,Corrigendum Urban Development Scheme for Minority Area 2021-22.,202202231548506914,23-02-2022,137,https://gr.maharashtra.gov.in/Site/Upload/Government%20Resolutions/English/202202231548506914.pdf,2,140743,GR_DATASET\pdfs\Minorities Development Department\202202231548506914.pdf,Downloaded,2026-07-27 22:58:52
Minorities Development Department,To disburse grant to Second Shift courses for minority students in Government Polytechnics,202202181235189514,18-02-2022,1673,https://gr.maharashtra.gov.in/Site/Upload/Government%20Resolutions/English/202202181235189514.pdf,3,1712745,GR_DATASET\pdfs\Minorities Development Department\202202181235189514.pdf,Downloaded,2026-07-27 22:58:55
Minorities Development Department,"Regarding distribution of grants to the office of Maharashtra State Waqf Tribunal, Aurangabad in the financial year 2021-22.",202202171148175714,17-02-2022,144,https://gr.maharashtra.gov.in/Site/Upload/Government%20Resolutions/English/202202171148175714.pdf,2,147930,GR_DATASET\pdfs\Minorities Development Department\202202171148175714.pdf,Downloaded,2026-07-27 22:58:55
Minorities Development Department,"Regarding distribution of funds in the financial year 2021-22 for honorarium, maintenance, repair and operation of employees appointed for Nanded Urdu Ghar ...",202202171148393314....,17-02-2022,916,https://gr.maharashtra.gov.in/Site/Upload/Government%20Resolutions/English/202202171148393314.....pdf,3,938123,GR_DATASET\pdfs\Minorities Development Department\202202171148393314.....pdf,Downloaded,2026-07-27 22:58:57
Minorities Development Department,Increase Share Capital of MAMFDM.,202202141607117414,14-02-2022,138,https://gr.maharashtra.gov.in/Site/Upload/Government%20Resolutions/English/202202141607117414.pdf,2,141689,GR_DATASET\pdfs\Minorities Development Department\202202141607117414.pdf,Downloaded,2026-07-27 22:58:57
Minorities Development Department,Grant release for Hostel Management.,202202041535392314,04-02-2022,195,https://gr.maharashtra.gov.in/Site/Upload/Government%20Resolutions/English/202202041535392314.pdf,4,200087,GR_DATASET\pdfs\Minorities Development Department\202202041535392314.pdf,Downloaded,2026-07-27 22:58:58
Minorities Development Department,To Disburse the Grant to Maharashtra State Minority Commission under Civil Services Examination Scheme for the financial year 2021-22.,202202031700441514,03-02-2022,1468,https://gr.maharashtra.gov.in/Site/Upload/Government%20Resolutions/English/202202031700441514.pdf,4,1503637,GR_DATASET\pdfs\Minorities Development Department\202202031700441514.pdf,Downloaded,2026-07-27 22:59:00
Minorities Development Department,To disburse the grant of Non-Salary to the Maharashtra State Minority Commission for the month of October 2021 to December 2021.,202202021233276214,02-02-2022,148,https://gr.maharashtra.gov.in/Site/Upload/Government%20Resolutions/English/202202021233276214.pdf,3,151303,GR_DATASET\pdfs\Minorities Development Department\202202021233276214.pdf,Downloaded,2026-07-27 22:59:01
Minorities Development Department,Corrigendum Urban Development Scheme for Minority Area 2019-20.,202202021242268114,02-02-2022,142,https://gr.maharashtra.gov.in/Site/Upload/Government%20Resolutions/English/202202021242268114.pdf,2,145365,GR_DATASET\pdfs\Minorities Development Department\202202021242268114.pdf,Downloaded,2026-07-27 22:59:01
Minorities Development Department,Disbursement of grant to the Maharashtra State Haj Committee for financial year 2021-2022.,202202011645576814,01-02-2022,143,https://gr.maharashtra.gov.in/Site/Upload/Government%20Resolutions/English/202202011645576814.pdf,2,146190,GR_DATASET\pdfs\Minorities Development Department\202202011645576814.pdf,Downloaded,2026-07-27 22:59:02
Minorities Development Department,"Regarding distribution of grants for the financial year 2021-22 to the office of Maharashtra State Waqf Board, Aurangabad.",202201241247543514,24-01-2022,1046,https://gr.maharashtra.gov.in/Site/Upload/Government%20Resolutions/English/202201241247543514.pdf,2,1070627,GR_DATASET\pdfs\Minorities Development Department\202201241247543514.pdf,Downloaded,2026-07-27 22:59:04
Minorities Development Department,Capital distribution to Maulana Azad Alpasankyank Aarthik Vikas Mahamandal for the year 2021-22,202201211511422414,21-01-2022,1428,https://gr.maharashtra.gov.in/Site/Upload/Government%20Resolutions/English/202201211511422414.pdf,3,1462077,GR_DATASET\pdfs\Minorities Development Department\202201211511422414.pdf,Downloaded,2026-07-27 22:59:06
Minorities Development Department,To disburse Grant to Urban Areas Development Scheme 2021-22.,202201211743538314,21-01-2022,195,https://gr.maharashtra.gov.in/Site/Upload/Government%20Resolutions/English/202201211743538314.pdf,11,199962,GR_DATASET\pdfs\Minorities Development Department\202201211743538314.pdf,Downloaded,2026-07-27 22:59:06
Minorities Development Department,Administrative approval for the expenditure to be incurred on schemes of the Maharashtra State Urdu Sahitya Academy during the financial year 2021-22.,202201191610041314,19-01-2022,1446,https://gr.maharashtra.gov.in/Site/Upload/Government%20Resolutions/English/202201191610041314.pdf,3,1480456,GR_DATASET\pdfs\Minorities Development Department\202201191610041314.pdf,Downloaded,2026-07-27 22:59:09
Minorities Development Department,Regarding distribution of grants in the year 2021-22 for construction of Urdu Ghar.,202201181251049914,18-01-2022,1069,https://gr.maharashtra.gov.in/Site/Upload/Government%20Resolutions/English/202201181251049914.pdf,2,1094768,GR_DATASET\pdfs\Minorities Development Department\202201181251049914.pdf,Downloaded,2026-07-27 22:59:10
Minorities Development Department,To release grant for third Instalment for the construction of Sadbhav Mandap at Hingoli City in Hingoli District under Pradhanmantri Jan Vikas Karyakram (PMJVK).,202201171249462114,17-01-2022,374,https://gr.maharashtra.gov.in/Site/Upload/Government%20Resolutions/English/202201171249462114.pdf,4,383239,GR_DATASET\pdfs\Minorities Development Department\202201171249462114.pdf,Downloaded,2026-07-27 22:59:11
Minorities Development Department,Disbursement of grant to the Maharashtra State Haj Committee for financial year 2021-2022.,202201111625011214,17-01-2022,131,https://gr.maharashtra.gov.in/Site/Upload/Government%20Resolutions/English/202201111625011214.pdf,2,133849,GR_DATASET\pdfs\Minorities Development Department\202201111625011214.pdf,Downloaded,2026-07-27 22:59:12
Minorities Development Department,Disbursement of grant to the Maharashtra State Haj Committee for financial year 2021-2022.,202201111624333114,17-01-2022,251,https://gr.maharashtra.gov.in/Site/Upload/Government%20Resolutions/English/202201111624333114.pdf,3,257057,GR_DATASET\pdfs\Minorities Development Department\202201111624333114.pdf,Downloaded,2026-07-27 22:59:13
Minorities Development Department,"Regarding distribution of grants to the office of Maharashtra State Waqf Tribunal, Aurangabad in the financial year 2021-22.",202112311638218614,31-12-2021,1121,https://gr.maharashtra.gov.in/Site/Upload/Government%20Resolutions/English/202112311638218614.pdf,2,1147717,GR_DATASET\pdfs\Minorities Development Department\202112311638218614.pdf,Downloaded,2026-07-27 22:59:15
Minorities Development Department,Distribution of funds for Implementing Scheme of the Womens Self Help Group in the minority concentrated areas for the year 2021-22.,202112291611276714...,29-12-2021,1423,https://gr.maharashtra.gov.in/Site/Upload/Government%20Resolutions/English/202112291611276714....pdf,3,1457323,GR_DATASET\pdfs\Minorities Development Department\202112291611276714....pdf,Downloaded,2026-07-27 22:59:17
Minorities Development Department,"Regarding the revision of Scheme No. 5 and 10 among the schemes implemented by Maharashtra State Urdu Sahitya Akademi, Mumbai.....",202112271243029614,24-12-2021,145,https://gr.maharashtra.gov.in/Site/Upload/Government%20Resolutions/English/202112271243029614.pdf,3,148744,GR_DATASET\pdfs\Minorities Development Department\202112271243029614.pdf,Downloaded,2026-07-27 22:59:17
Minorities Development Department,Maharashtra State Haj committees office to give administrative approval to purchase Xerox machines for office use,202112171516405814,17-12-2021,1274,https://gr.maharashtra.gov.in/Site/Upload/Government%20Resolutions/English/202112171516405814.pdf,2,1305053,GR_DATASET\pdfs\Minorities Development Department\202112171516405814.pdf,Downloaded,2026-07-27 22:59:19
Minorities Development Department,To implement Resident Police Constable Pre-recruitment training for candidates from Minority Community.,202112171607522114,17-12-2021,337,https://gr.maharashtra.gov.in/Site/Upload/Government%20Resolutions/English/202112171607522114.pdf,28,345072,GR_DATASET\pdfs\Minorities Development Department\202112171607522114.pdf,Downloaded,2026-07-27 22:59:20
Minorities Development Department,Administrative sanction for Pune Hostel.,202112161728518914........,16-12-2021,1308,https://gr.maharashtra.gov.in/Site/Upload/Government%20Resolutions/English/202112161728518914.........pdf,3,1340127,GR_DATASET\pdfs\Minorities Development Department\202112161728518914.........pdf,Downloaded,2026-07-27 22:59:21
Minorities Development Department,"To disbursement of funds to Maharashtra State Minority Commission on salary arrears for the months of November, 2021 and salaries for the month of December, 2021 to February, 2022.",202112131718586814,13-12-2021,154,https://gr.maharashtra.gov.in/Site/Upload/Government%20Resolutions/English/202112131718586814.pdf,3,157437,GR_DATASET\pdfs\Minorities Development Department\202112131718586814.pdf,Downloaded,2026-07-27 22:59:22
Minorities Development Department,Regarding implementation of Competitive Exam Training to increase the percentage of Minority Community in Government Services.,202112131508043814,13-12-2021,140,https://gr.maharashtra.gov.in/Site/Upload/Government%20Resolutions/English/202112131508043814.pdf,2,143545,GR_DATASET\pdfs\Minorities Development Department\202112131508043814.pdf,Downloaded,2026-07-27 22:59:23
Minorities Development Department,Celebrate Minorities Right Day on 18 December.,202112071518069414,07-12-2021,141,https://gr.maharashtra.gov.in/Site/Upload/Government%20Resolutions/English/202112071518069414.pdf,3,144704,GR_DATASET\pdfs\Minorities Development Department\202112071518069414.pdf,Downloaded,2026-07-27 22:59:24
Minorities Development Department,Grant release for Hostel Management.,202112071526206014....,07-12-2021,1294,https://gr.maharashtra.gov.in/Site/Upload/Government%20Resolutions/English/202112071526206014.....pdf,4,1326049,GR_DATASET\pdfs\Minorities Development Department\202112071526206014.....pdf,Downloaded,2026-07-27 22:59:26
Minorities Development Department,Approval for payment of advertisement payments.,202112061146408314,06-12-2021,1257,https://gr.maharashtra.gov.in/Site/Upload/Government%20Resolutions/English/202112061146408314.pdf,2,1287119,GR_DATASET\pdfs\Minorities Development Department\202112061146408314.pdf,Downloaded,2026-07-27 22:59:27
Minorities Development Department,Grant release for Second Shift in existing Government Polytechnic for Minority Student.,202112021551485314,02-12-2021,326,https://gr.maharashtra.gov.in/Site/Upload/Government%20Resolutions/English/202112021551485314.pdf,3,333518,GR_DATASET\pdfs\Minorities Development Department\202112021551485314.pdf,Downloaded,2026-07-27 22:59:28
Minorities Development Department,Disbursement of grant to the Maharashtra State Haj Committee for financial year 2021-2022.,202112011331351314,01-12-2021,141,https://gr.maharashtra.gov.in/Site/Upload/Government%20Resolutions/English/202112011331351314.pdf,2,144396,GR_DATASET\pdfs\Minorities Development Department\202112011331351314.pdf,Downloaded,2026-07-27 22:59:29
Minorities Development Department,Corrigendum - Rural Development Scheme for Minority Area 2020-21,202111221708064314,22-11-2021,85,https://gr.maharashtra.gov.in/Site/Upload/Government%20Resolutions/English/202111221708064314.pdf,2,87344,GR_DATASET\pdfs\Minorities Development Department\202111221708064314.pdf,Downloaded,2026-07-27 22:59:30
Minorities Development Department,Communal Harmony Campaign Week.,202111161304453314....,16-11-2021,384,https://gr.maharashtra.gov.in/Site/Upload/Government%20Resolutions/English/202111161304453314.....pdf,2,394054,GR_DATASET\pdfs\Minorities Development Department\202111161304453314.....pdf,Downloaded,2026-07-27 22:59:31
Minorities Development Department,"19th Nov, 2021 to 25th Nov, 2021 this week is celebrate as Kaumi Ekta Saptah.",202111101540110714,10-11-2021,241,https://gr.maharashtra.gov.in/Site/Upload/Government%20Resolutions/English/202111101540110714.pdf,5,246923,GR_DATASET\pdfs\Minorities Development Department\202111101540110714.pdf,Downloaded,2026-07-27 22:59:32
Minorities Development Department,"During the Kaumi Ekta Saptah, 25 November, 2021 observe as Flag Day.",202111101543357214,10-11-2021,95,https://gr.maharashtra.gov.in/Site/Upload/Government%20Resolutions/English/202111101543357214.pdf,4,97714,GR_DATASET\pdfs\Minorities Development Department\202111101543357214.pdf,Downloaded,2026-07-27 22:59:32
Minorities Development Department,"To fixed the policy regarding the grant to be paid to the District Collector, Mumbai City and Returning Officer, Maharashtra State Waqf Board for the election of members of Maharashtra State Waqf Boards.",202111081643017214,08-11-2021,1234,https://gr.maharashtra.gov.in/Site/Upload/Government%20Resolutions/English/202111081643017214.pdf,3,1263574,GR_DATASET\pdfs\Minorities Development Department\202111081643017214.pdf,Downloaded,2026-07-27 22:59:34
Minorities Development Department,To release remaining grant from state scheme for construction if primary and secondary school building under Pradhanmantri Jan Vikas Karyakram at Udgir in Latur District.,202111031700433114,02-11-2021,380,https://gr.maharashtra.gov.in/Site/Upload/Government%20Resolutions/English/202111031700433114.pdf,4,389111,GR_DATASET\pdfs\Minorities Development Department\202111031700433114.pdf,Downloaded,2026-07-27 22:59:35
Minorities Development Department,Grant distribution to Minority ITI for the year 2021-22,202111011222569214,01-11-2021,1194,https://gr.maharashtra.gov.in/Site/Upload/Government%20Resolutions/English/202111011222569214.pdf,4,1222801,GR_DATASET\pdfs\Minorities Development Department\202111011222569214.pdf,Downloaded,2026-07-27 22:59:37
Minorities Development Department,Norms for admission in Minority Students Hostel.,202111011224102014...,01-11-2021,1180,https://gr.maharashtra.gov.in/Site/Upload/Government%20Resolutions/English/202111011224102014....pdf,3,1209244,GR_DATASET\pdfs\Minorities Development Department\202111011224102014....pdf,Downloaded,2026-07-27 22:59:39
Minorities Development Department,"Grant release for starting of New Polytechnic, Mukatainagar for Minority Students.",202111011505234514,01-11-2021,325,https://gr.maharashtra.gov.in/Site/Upload/Government%20Resolutions/English/202111011505234514.pdf,3,333147,GR_DATASET\pdfs\Minorities Development Department\202111011505234514.pdf,Downloaded,2026-07-27 22:59:40
Minorities Development Department,To release grant from Central and State Share ( 1st Instalment) for implementation of Smart Class project under Pradhan Mantri Jan Vikas Karyakram,202110281455149514...,28-10-2021,1243,https://gr.maharashtra.gov.in/Site/Upload/Government%20Resolutions/English/202110281455149514....pdf,5,1273097,GR_DATASET\pdfs\Minorities Development Department\202110281455149514....pdf,Downloaded,2026-07-27 22:59:42
Minorities Development Department,To grant Administrative approval for implementation of Smart Class project under Pradhanmantri Jan Vilkas Karyakram (PMJVK),202110281451259714,28-10-2021,1361,https://gr.maharashtra.gov.in/Site/Upload/Government%20Resolutions/English/202110281451259714.pdf,36,1393839,GR_DATASET\pdfs\Minorities Development Department\202110281451259714.pdf,Downloaded,2026-07-27 22:59:44
Minorities Development Department,Disbursement of grant to the Maharashtra State Haj Committee for financial year 2021-2022.,202110271206445314....,27-10-2021,143,https://gr.maharashtra.gov.in/Site/Upload/Government%20Resolutions/English/202110271206445314.....pdf,3,147404,GR_DATASET\pdfs\Minorities Development Department\202110271206445314.....pdf,Downloaded,2026-07-27 22:59:45
Minorities Development Department,"Regarding distribution of grants to the office of Maharashtra State Waqf Tribunal, Aurangabad in the financial year 2021-22.",202110201121236414,20-10-2021,1406,https://gr.maharashtra.gov.in/Site/Upload/Government%20Resolutions/English/202110201121236414.pdf,2,1440176,GR_DATASET\pdfs\Minorities Development Department\202110201121236414.pdf,Downloaded,2026-07-27 22:59:46
Minorities Development Department,To disburse the grant of salary to the Maharashtra State Minority Commission for the month of October 2021 to November 2021.,202110181716235914...,18-10-2021,335,https://gr.maharashtra.gov.in/Site/Upload/Government%20Resolutions/English/202110181716235914....pdf,3,343117,GR_DATASET\pdfs\Minorities Development Department\202110181716235914....pdf,Downloaded,2026-07-27 22:59:47
Minorities Development Department,To release grant to Maharashtra State Minority Commission for the month of July 2021 to September 2021 in the financial year 2021-22.,202110121524019814,12-10-2021,1141,https://gr.maharashtra.gov.in/Site/Upload/Government%20Resolutions/English/202110121524019814.pdf,3,1168860,GR_DATASET\pdfs\Minorities Development Department\202110121524019814.pdf,Downloaded,2026-07-27 22:59:49
Minorities Development Department,Corrigendum Rural Development Scheme for Minority area 2020-21.,202110121533347414,12-10-2021,1553,https://gr.maharashtra.gov.in/Site/Upload/Government%20Resolutions/English/202110121533347414.pdf,2,1590065,GR_DATASET\pdfs\Minorities Development Department\202110121533347414.pdf,Downloaded,2026-07-27 22:59:51
Minorities Development Department,Corrigendum Rural Development Scheme for Minority area 2020-21.,202110121538145014,12-10-2021,1553,https://gr.maharashtra.gov.in/Site/Upload/Government%20Resolutions/English/202110121538145014.pdf,2,1590552,GR_DATASET\pdfs\Minorities Development Department\202110121538145014.pdf,Downloaded,2026-07-27 22:59:53
Minorities Development Department,To make change in the name of major Head 2235 A151.,202110131217516814,12-10-2021,648,https://gr.maharashtra.gov.in/Site/Upload/Government%20Resolutions/English/202110131217516814.pdf,3,663238,GR_DATASET\pdfs\Minorities Development Department\202110131217516814.pdf,Downloaded,2026-07-27 22:59:54
Minorities Development Department,Direct credit amount in Bank Account for meal scheme in Minority Students Hostel,202110131233587714,12-10-2021,252,https://gr.maharashtra.gov.in/Site/Upload/Government%20Resolutions/English/202110131233587714.pdf,7,257631,GR_DATASET\pdfs\Minorities Development Department\202110131233587714.pdf,Downloaded,2026-07-27 22:59:55
Minorities Development Department,Disbursement of grant to the Maharashtra State Haj Committee for financial year 2021-2022.,202110111425310114,11-10-2021,191,https://gr.maharashtra.gov.in/Site/Upload/Government%20Resolutions/English/202110111425310114.pdf,3,195844,GR_DATASET\pdfs\Minorities Development Department\202110111425310114.pdf,Downloaded,2026-07-27 22:59:56
Minorities Development Department,Corrigendum Rural Development Scheme for Minority Area 2020-21.,202110251148596414,07-10-2021,560,https://gr.maharashtra.gov.in/Site/Upload/Government%20Resolutions/English/202110251148596414.pdf,2,573819,GR_DATASET\pdfs\Minorities Development Department\202110251148596414.pdf,Downloaded,2026-07-27 22:59:57
Minorities Development Department,Grant release for second shift in existing Government Polytechnic for minority student.,202109221637142014,22-09-2021,156,https://gr.maharashtra.gov.in/Site/Upload/Government%20Resolutions/English/202109221637142014.pdf,4,159512,GR_DATASET\pdfs\Minorities Development Department\202109221637142014.pdf,Downloaded,2026-07-27 22:59:58
Minorities Development Department,"Regarding extension of 66 temporary posts of various categories, which are created for the Minorities Development Department, in the year 2021-22.",202109131115586314,13-09-2021,158,https://gr.maharashtra.gov.in/Site/Upload/Government%20Resolutions/English/202109131115586314.pdf,4,161471,GR_DATASET\pdfs\Minorities Development Department\202109131115586314.pdf,Downloaded,2026-07-27 22:59:59
Minorities Development Department,Administrative approval for installation of fire extinguishing system in Haj House Nagpur building,202109091522266714,09-09-2021,1605,https://gr.maharashtra.gov.in/Site/Upload/Government%20Resolutions/English/202109091522266714.pdf,3,1643991,GR_DATASET\pdfs\Minorities Development Department\202109091522266714.pdf,Downloaded,2026-07-27 23:00:01
Minorities Development Department,"To disburse the grant to the Maharashtra State Minority Commission to incur expenditure on salaries for the month of August,2021 and September,2021",202109031541194214,03-09-2021,1617,https://gr.maharashtra.gov.in/Site/Upload/Government%20Resolutions/English/202109031541194214.pdf,3,1656170,GR_DATASET\pdfs\Minorities Development Department\202109031541194214.pdf,Downloaded,2026-07-27 23:00:03
Minorities Development Department,Grant release Nanded Urdu Ghar for the Financial Year 2021-22,202109021135319414,02-09-2021,1700,https://gr.maharashtra.gov.in/Site/Upload/Government%20Resolutions/English/202109021135319414.pdf,3,1740348,GR_DATASET\pdfs\Minorities Development Department\202109021135319414.pdf,Downloaded,2026-07-27 23:00:06
Minorities Development Department,To appoint of Single Nodal Agency and Nodal Officer for Public Financial Management (PFMS) System for Centrally Sponsored Scheme.,202108301651189814,30-08-2021,1477,https://gr.maharashtra.gov.in/Site/Upload/Government%20Resolutions/English/202108301651189814.pdf,2,1512501,GR_DATASET\pdfs\Minorities Development Department\202108301651189814.pdf,Downloaded,2026-07-27 23:00:09
Minorities Development Department,Grant for Hostel Management and construction for year 2021-22.,202108271550098714,27-08-2021,1648,https://gr.maharashtra.gov.in/Site/Upload/Government%20Resolutions/English/202108271550098714.pdf,4,1687900,GR_DATASET\pdfs\Minorities Development Department\202108271550098714.pdf,Downloaded,2026-07-27 23:00:12
Minorities Development Department,Starting of Second and Third Shift in existing ITIs for minority student fund transfer 2021-22.,202108241602515714,24-08-2021,206,https://gr.maharashtra.gov.in/Site/Upload/Government%20Resolutions/English/202108241602515714.pdf,4,211199,GR_DATASET\pdfs\Minorities Development Department\202108241602515714.pdf,Downloaded,2026-07-27 23:00:13
Minorities Development Department,Disbursement of grant to the Maharashtra State Haj Committee for financial year 2021-2022.,202108231510378314,23-08-2021,1692,https://gr.maharashtra.gov.in/Site/Upload/Government%20Resolutions/English/202108231510378314.pdf,2,1732747,GR_DATASET\pdfs\Minorities Development Department\202108231510378314.pdf,Downloaded,2026-07-27 23:00:15
Minorities Development Department,"Corrigendum Rural Development Scheme for Minority Area, 2020-21.",202108201652095114,20-08-2021,1645,https://gr.maharashtra.gov.in/Site/Upload/Government%20Resolutions/English/202108201652095114.pdf,2,1683983,GR_DATASET\pdfs\Minorities Development Department\202108201652095114.pdf,Downloaded,2026-07-27 23:00:18
Minorities Development Department,"20 Regarding distribution of grants to the office of Maharashtra State Waqf Tribunal, Aurangabad in the financial year 2021-2221-22.",202108171109274214...,17-08-2021,1771,https://gr.maharashtra.gov.in/Site/Upload/Government%20Resolutions/English/202108171109274214....pdf,2,1814130,GR_DATASET\pdfs\Minorities Development Department\202108171109274214....pdf,Downloaded,2026-07-27 23:00:21
Minorities Development Department,"Regarding declaring Chief Executive Officer, Maharashtra State Waqf Board as Drawing and Disbursing Officer and Comptroller Officer.",202108171117018414,17-08-2021,1739,https://gr.maharashtra.gov.in/Site/Upload/Government%20Resolutions/English/202108171117018414.pdf,2,1781101,GR_DATASET\pdfs\Minorities Development Department\202108171117018414.pdf,Downloaded,2026-07-27 23:00:24
Minorities Development Department,Releasing on Non plan grant in aid for Maharashtra State Urdu Sahitya Academy for financial year 2021-22.,202108171710228614,17-08-2021,2252,https://gr.maharashtra.gov.in/Site/Upload/Government%20Resolutions/English/202108171710228614.pdf,2,2306347,GR_DATASET\pdfs\Minorities Development Department\202108171710228614.pdf,Downloaded,2026-07-27 23:00:26
Minorities Development Department,"Administration Approval for Maharashtra State Urdu Sahitya Academy, Non plan grant in aid of financial year 2021-22.",202108171714194814,13-08-2021,1786,https://gr.maharashtra.gov.in/Site/Upload/Government%20Resolutions/English/202108171714194814.pdf,2,1829213,GR_DATASET\pdfs\Minorities Development Department\202108171714194814.pdf,Downloaded,2026-07-27 23:00:29
Minorities Development Department,"To disburse the grant of salary to the Maharashtra State Minority Commission for the month of July, 2021.",202108101601033014,10-08-2021,1751,https://gr.maharashtra.gov.in/Site/Upload/Government%20Resolutions/English/202108101601033014.pdf,3,1792991,GR_DATASET\pdfs\Minorities Development Department\202108101601033014.pdf,Downloaded,2026-07-27 23:00:31
Minorities Development Department,Corrigendum- Urban Area Development Scheme for Minorities 2020-21.,202108091639140814,09-08-2021,1674,https://gr.maharashtra.gov.in/Site/Upload/Government%20Resolutions/English/202108091639140814.pdf,3,1713906,GR_DATASET\pdfs\Minorities Development Department\202108091639140814.pdf,Downloaded,2026-07-27 23:00:33
Minorities Development Department,Corrigendum- Rural Area Development Scheme for Minorities 2020-21.,202108091705433014,09-08-2021,1672,https://gr.maharashtra.gov.in/Site/Upload/Government%20Resolutions/English/202108091705433014.pdf,2,1711682,GR_DATASET\pdfs\Minorities Development Department\202108091705433014.pdf,Downloaded,2026-07-27 23:00:35
Minorities Development Department,"Celebrate the Sadbhavana Diwas on 20 Aug, 2021 and Social Harmony Lenity Fortnight on 20 Aug to 2 Sept, 2021.",202108091807567414,09-08-2021,1771,https://gr.maharashtra.gov.in/Site/Upload/Government%20Resolutions/English/202108091807567414.pdf,5,1813417,GR_DATASET\pdfs\Minorities Development Department\202108091807567414.pdf,Downloaded,2026-07-27 23:00:37
Minorities Development Department,"Re-Appropriation for the year 2021-22 under Demand No.ZE-01, under Major Head 2052 Secretariat General Services (Committed) (Voted) (2052 0624).",202108061227412214,06-08-2021,2374,https://gr.maharashtra.gov.in/Site/Upload/Government%20Resolutions/English/202108061227412214.pdf,4,2430647,GR_DATASET\pdfs\Minorities Development Department\202108061227412214.pdf,Downloaded,2026-07-27 23:00:40
Minorities Development Department,Corrigendum- Rural Development Scheme for Minority Area 2020-21.,202108061713153114,06-08-2021,1674,https://gr.maharashtra.gov.in/Site/Upload/Government%20Resolutions/English/202108061713153114.pdf,2,1714135,GR_DATASET\pdfs\Minorities Development Department\202108061713153114.pdf,Downloaded,2026-07-27 23:00:42
Minorities Development Department,To appoint project implementing committee to implement Smart Class project under Pradhanmantri Jan Viksa Karyakram (PMJVK),202107281434506814,28-07-2021,155,https://gr.maharashtra.gov.in/Site/Upload/Government%20Resolutions/English/202107281434506814.pdf,2,159175,GR_DATASET\pdfs\Minorities Development Department\202107281434506814.pdf,Downloaded,2026-07-27 23:00:43
Minorities Development Department,Corrigendum- Rural Development Scheme for Minority Area 2020-21.,202107231347153214,23-07-2021,2086,https://gr.maharashtra.gov.in/Site/Upload/Government%20Resolutions/English/202107231347153214.pdf,2,2135850,GR_DATASET\pdfs\Minorities Development Department\202107231347153214.pdf,Downloaded,2026-07-27 23:00:46
Minorities Development Department,To distribute the scholarship amount for the year 2019-20 and 2020-21 to the Higher Education and 12th Std. Students.,202107091527221614,09-07-2021,153,https://gr.maharashtra.gov.in/Site/Upload/Government%20Resolutions/English/202107091527221614.pdf,3,157034,GR_DATASET\pdfs\Minorities Development Department\202107091527221614.pdf,Downloaded,2026-07-27 23:00:47
Minorities Development Department,To distribute the Scholarship Amount for the year 2019-20 to the Higher Education Students and 12th Standard Students.,202107091527363314,09-07-2021,153,https://gr.maharashtra.gov.in/Site/Upload/Government%20Resolutions/English/202107091527363314.pdf,3,156969,GR_DATASET\pdfs\Minorities Development Department\202107091527363314.pdf,Downloaded,2026-07-27 23:00:48
Minorities Development Department,"Corrigendum Rural Development Scheme for Minority Area, 2020-21.",202107051738027614,05-07-2021,184,https://gr.maharashtra.gov.in/Site/Upload/Government%20Resolutions/English/202107051738027614.pdf,2,188511,GR_DATASET\pdfs\Minorities Development Department\202107051738027614.pdf,Downloaded,2026-07-27 23:00:48
Minorities Development Department,To disburse grant to Second Shift courses for minority students in Government Polytechnics (2021-22),202106301711599114,30-06-2021,152,https://gr.maharashtra.gov.in/Site/Upload/Government%20Resolutions/English/202106301711599114.pdf,3,155335,GR_DATASET\pdfs\Minorities Development Department\202106301711599114.pdf,Downloaded,2026-07-27 23:00:49
Minorities Development Department,"Appointment of Driver on contract basis at the establishment of the Department of Minority Development by Chandrakant Educated Unemployed Service Co-operative Society, Mumbai.",202106291649204814,29-06-2021,1869,https://gr.maharashtra.gov.in/Site/Upload/Government%20Resolutions/English/202106291649204814.pdf,2,1913994,GR_DATASET\pdfs\Minorities Development Department\202106291649204814.pdf,Downloaded,2026-07-27 23:00:51
Minorities Development Department,Regarding the establishment of cultural committee for planning / organizing various programs in Urdu houses in the state of Maharashtra....,202106281705560714,28-06-2021,476,https://gr.maharashtra.gov.in/Site/Upload/Government%20Resolutions/English/202106281705560714.pdf,5,487410,GR_DATASET\pdfs\Minorities Development Department\202106281705560714.pdf,Downloaded,2026-07-27 23:00:52
Minorities Development Department,Disbursement of grant to the Maharashtra State Haj Committee for financial year 2021-2022.,202106241214172214,24-06-2021,143,https://gr.maharashtra.gov.in/Site/Upload/Government%20Resolutions/English/202106241214172214.pdf,3,146273,GR_DATASET\pdfs\Minorities Development Department\202106241214172214.pdf,Downloaded,2026-07-27 23:00:53
Minorities Development Department,Reservation for disable persons on the posts of categories from Group-A to Group-D in the offices of The Maharashtra State Minority Commission.,202106241058006814,23-06-2021,155,https://gr.maharashtra.gov.in/Site/Upload/Government%20Resolutions/English/202106241058006814.pdf,5,159113,GR_DATASET\pdfs\Minorities Development Department\202106241058006814.pdf,Downloaded,2026-07-27 23:00:54
Minorities Development Department,Reservation for disable persons on the posts of categories from Group-A to Group-D in the offices of The Maharashtra State Haj Committee.,202106241106168714,23-06-2021,196,https://gr.maharashtra.gov.in/Site/Upload/Government%20Resolutions/English/202106241106168714.pdf,4,200779,GR_DATASET\pdfs\Minorities Development Department\202106241106168714.pdf,Downloaded,2026-07-27 23:00:55
Minorities Development Department,"As per RPWD Act, 2016 - Reservation for disabled persons on the posts of categories from Group-A to Group-D in the offices of Moulana Azad Alpsankhyak Arthik Vikas Mahamandal.",202106241108363714...,23-06-2021,2244,https://gr.maharashtra.gov.in/Site/Upload/Government%20Resolutions/English/202106241108363714....pdf,7,2298804,GR_DATASET\pdfs\Minorities Development Department\202106241108363714....pdf,Downloaded,2026-07-27 23:00:58
Minorities Development Department,"Reservation for disable persons on the posts of categories from Group-A to Group-D in the offices of The Maharashtra State Waqf Tribunal, Aurangabad and Maharashtra State Waqf Board, Aurangabad.",202106241120092214,23-06-2021,288,https://gr.maharashtra.gov.in/Site/Upload/Government%20Resolutions/English/202106241120092214.pdf,8,294884,GR_DATASET\pdfs\Minorities Development Department\202106241120092214.pdf,Downloaded,2026-07-27 23:00:58
Minorities Development Department,"Regarding disbursement of funds to Maharashtra State Minorities Commission for non-salary matters for the three months from April, 2021 to June, 2021 of the financial year 2021-22.",202106181330014914,18-06-2021,147,https://gr.maharashtra.gov.in/Site/Upload/Government%20Resolutions/English/202106181330014914.pdf,3,150035,GR_DATASET\pdfs\Minorities Development Department\202106181330014914.pdf,Downloaded,2026-07-27 23:00:59
Minorities Development Department,To provide administrative approval to Construction of Hostel for Minority Girls at Government ITI Ahmednagar.,202106181513458314,18-06-2021,333,https://gr.maharashtra.gov.in/Site/Upload/Government%20Resolutions/English/202106181513458314.pdf,4,340531,GR_DATASET\pdfs\Minorities Development Department\202106181513458314.pdf,Downloaded,2026-07-27 23:01:00
Minorities Development Department,"To frame Guidelines for deciding criteria of fitness of a person to be appointed as a Kazi, Chief Kazi or Additional Kaziand regulating said appointments in the State of Maharashtra.",202106181251346914,18-06-2021,229,https://gr.maharashtra.gov.in/Site/Upload/Government%20Resolutions/English/202106181251346914.pdf,2,234254,GR_DATASET\pdfs\Minorities Development Department\202106181251346914.pdf,Downloaded,2026-07-27 23:01:01
Minorities Development Department,Corrigendum Rural Development scheme for Minority Development.,202106181615057514,18-06-2021,139,https://gr.maharashtra.gov.in/Site/Upload/Government%20Resolutions/English/202106181615057514.pdf,3,141908,GR_DATASET\pdfs\Minorities Development Department\202106181615057514.pdf,Downloaded,2026-07-27 23:01:02
Minorities Development Department,"To provide revised administrative approval to Hostel Construction for Minority Girls at Rashtrasant Tukdoji Maharaj, Nagpur Vidyapeeth.",202106171455486414,17-06-2021,163,https://gr.maharashtra.gov.in/Site/Upload/Government%20Resolutions/English/202106171455486414.pdf,4,166696,GR_DATASET\pdfs\Minorities Development Department\202106171455486414.pdf,Downloaded,2026-07-27 23:01:02
Minorities Development Department,To disburse grant to second and third shift courses at ITI 2021-22.,202106171505068614,17-06-2021,198,https://gr.maharashtra.gov.in/Site/Upload/Government%20Resolutions/English/202106171505068614.pdf,3,202442,GR_DATASET\pdfs\Minorities Development Department\202106171505068614.pdf,Downloaded,2026-07-27 23:01:03
Minorities Development Department,"Jama Masjid Trust Kausa, Dist. Thane Survey No. 56 to 60 221 Gunthas of land at Khadavali Education Society, Kalyan Dist. Thane has been allotted to Section 56 of the Waqf Act, 1995 and The Waqf Properties Lease Rules, 2014 (Amendment 2015 and 2020). Regarding approval for lease for 30 years as per the provisions of ...",202106151735500814,15-06-2021,2194,https://gr.maharashtra.gov.in/Site/Upload/Government%20Resolutions/English/202106151735500814.pdf,3,2247099,GR_DATASET\pdfs\Minorities Development Department\202106151735500814.pdf,Downloaded,2026-07-27 23:01:07
Minorities Development Department,"Regarding the implementation of Marathi Bhasha Foundation Class Scheme being implemented for the students belonging to the minority community studying in 8th, 9th and 10th standard in Amrathi schools in the state.",202106181326567614,14-06-2021,140,https://gr.maharashtra.gov.in/Site/Upload/Government%20Resolutions/English/202106181326567614.pdf,3,143115,GR_DATASET\pdfs\Minorities Development Department\202106181326567614.pdf,Downloaded,2026-07-27 23:01:08
Minorities Development Department,"Regarding the distribution of funds to the Maharashtra State Minorities Commission for the two months of May, 2021 to June, 2021 in the financial year 2021-22",202106101246440514,10-06-2021,147,https://gr.maharashtra.gov.in/Site/Upload/Government%20Resolutions/English/202106101246440514.pdf,3,150503,GR_DATASET\pdfs\Minorities Development Department\202106101246440514.pdf,Downloaded,2026-07-27 23:01:08
Minorities Development Department,Corrigendum in Rural Development Scheme of GR date - 04.02.2021.,202106101533390914,10-06-2021,557,https://gr.maharashtra.gov.in/Site/Upload/Government%20Resolutions/English/202106101533390914.pdf,2,570579,GR_DATASET\pdfs\Minorities Development Department\202106101533390914.pdf,Downloaded,2026-07-27 23:01:10
Minorities Development Department,Corrigendum Rural Development Scheme for Minority Area 2020-21.,202106071704227014,07-06-2021,2198,https://gr.maharashtra.gov.in/Site/Upload/Government%20Resolutions/English/202106071704227014.pdf,2,2251067,GR_DATASET\pdfs\Minorities Development Department\202106071704227014.pdf,Downloaded,2026-07-27 23:01:12
Minorities Development Department,"Regarding distribution of grants to the office of Maharashtra State Waqf Tribunal, Aurangabad in the financial year 2021-22.",202106031235344514,03-06-2021,2031,https://gr.maharashtra.gov.in/Site/Upload/Government%20Resolutions/English/202106031235344514.pdf,2,2079267,GR_DATASET\pdfs\Minorities Development Department\202106031235344514.pdf,Downloaded,2026-07-27 23:01:15
Minorities Development Department,Corrigendum Urban Development Scheme for Minority Area.,202106011644265614,01-06-2021,2064,https://gr.maharashtra.gov.in/Site/Upload/Government%20Resolutions/English/202106011644265614.pdf,2,2113250,GR_DATASET\pdfs\Minorities Development Department\202106011644265614.pdf,Downloaded,2026-07-27 23:01:17
Minorities Development Department,"Regarding distribution of grants to the office of Maharashtra State Waqf Tribunal, Aurangabad in the financial year 2021-22.",202105311134143014,31-05-2021,215,https://gr.maharashtra.gov.in/Site/Upload/Government%20Resolutions/English/202105311134143014.pdf,3,220055,GR_DATASET\pdfs\Minorities Development Department\202105311134143014.pdf,Downloaded,2026-07-27 23:01:18
Minorities Development Department,Corrigendum Rural Development Scheme for Minority Area 2020-21.,202106011503401914,31-05-2021,2027,https://gr.maharashtra.gov.in/Site/Upload/Government%20Resolutions/English/202106011503401914.pdf,2,2075885,GR_DATASET\pdfs\Minorities Development Department\202106011503401914.pdf,Downloaded,2026-07-27 23:01:20
Minorities Development Department,To increase family annual income limit to Rs. 8 Lakh of Minority Student admitted in Minority Students Hostel.,202105281305252014...,28-05-2021,138,https://gr.maharashtra.gov.in/Site/Upload/Government%20Resolutions/English/202105281305252014....pdf,2,141983,GR_DATASET\pdfs\Minorities Development Department\202105281305252014....pdf,Downloaded,2026-07-27 23:01:21
Minorities Development Department,Corrigendum of Buldhana Budget Scheme 2019-20 for Minority Government approved private schools.,202105271257279014,27-05-2021,183,https://gr.maharashtra.gov.in/Site/Upload/Government%20Resolutions/English/202105271257279014.pdf,2,187571,GR_DATASET\pdfs\Minorities Development Department\202105271257279014.pdf,Downloaded,2026-07-27 23:01:22
Minorities Development Department,Corrigendum of Amravati Budget Scheme 2019-20 for Minority Government approved private schools.,202105271256535814..,27-05-2021,253,https://gr.maharashtra.gov.in/Site/Upload/Government%20Resolutions/English/202105271256535814...pdf,2,259597,GR_DATASET\pdfs\Minorities Development Department\202105271256535814...pdf,Downloaded,2026-07-27 23:01:23
Minorities Development Department,Corrigendum Urban Development Scheme for Minority Area.,202105241631497214,24-05-2021,249,https://gr.maharashtra.gov.in/Site/Upload/Government%20Resolutions/English/202105241631497214.pdf,2,254696,GR_DATASET\pdfs\Minorities Development Department\202105241631497214.pdf,Downloaded,2026-07-27 23:01:24
Minorities Development Department,Corrigendum Urban Development Scheme for Minority Area.,202105241636105114,24-05-2021,135,https://gr.maharashtra.gov.in/Site/Upload/Government%20Resolutions/English/202105241636105114.pdf,2,137903,GR_DATASET\pdfs\Minorities Development Department\202105241636105114.pdf,Downloaded,2026-07-27 23:01:24
Minorities Development Department,Maharashtra State Minorities Commissions Grant Release 2021-22.,202105101317462114,10-05-2021,2050,https://gr.maharashtra.gov.in/Site/Upload/Government%20Resolutions/English/202105101317462114.pdf,4,2098994,GR_DATASET\pdfs\Minorities Development Department\202105101317462114.pdf,Downloaded,2026-07-27 23:01:27
Minorities Development Department,Corrigendum Rural Development Scheme for Minority Area 2020-21.,202105051536175314,05-05-2021,135,https://gr.maharashtra.gov.in/Site/Upload/Government%20Resolutions/English/202105051536175314.pdf,2,137761,GR_DATASET\pdfs\Minorities Development Department\202105051536175314.pdf,Downloaded,2026-07-27 23:01:28
Minorities Development Department,To disburse grant to Second and Third Shift Courses in Government ITI for Minority Students. 2021-22,202104281455019314,28-04-2021,2284,https://gr.maharashtra.gov.in/Site/Upload/Government%20Resolutions/English/202104281455019314.pdf,4,2338727,GR_DATASET\pdfs\Minorities Development Department\202104281455019314.pdf,Downloaded,2026-07-27 23:01:31
Minorities Development Department,Disbursement of grant to the Maharashtra State Haj Committee for financial year 2021-2022.,202104281534379614....,28-04-2021,2093,https://gr.maharashtra.gov.in/Site/Upload/Government%20Resolutions/English/202104281534379614.....pdf,2,2143266,GR_DATASET\pdfs\Minorities Development Department\202104281534379614.....pdf,Downloaded,2026-07-27 23:01:33
Minorities Development Department,To disburse grant to Second Shift courses for minority students in Government Polytechnics.,202104261704568914,26-04-2021,2268,https://gr.maharashtra.gov.in/Site/Upload/Government%20Resolutions/English/202104261704568914.pdf,3,2321942,GR_DATASET\pdfs\Minorities Development Department\202104261704568914.pdf,Downloaded,2026-07-27 23:01:36
Minorities Development Department,"Regarding distribution of grants to the office of Maharashtra State Waqf Tribunal, Aurangabad in the financial year 2021-22.",202104221515020914,22-04-2021,2036,https://gr.maharashtra.gov.in/Site/Upload/Government%20Resolutions/English/202104221515020914.pdf,2,2085100,GR_DATASET\pdfs\Minorities Development Department\202104221515020914.pdf,Downloaded,2026-07-27 23:01:38
Minorities Development Department,Corrigendum- Partial changes in works under Minority Concentrated Area Development Scheme.,202104191334566314,19-04-2021,2131,https://gr.maharashtra.gov.in/Site/Upload/Government%20Resolutions/English/202104191334566314.pdf,2,2181808,GR_DATASET\pdfs\Minorities Development Department\202104191334566314.pdf,Downloaded,2026-07-27 23:01:41
Minorities Development Department,To disburse grant to second shift course in Government Polytechnics for minorities students. 2020-21,202103311133011114,31-03-2021,665,https://gr.maharashtra.gov.in/Site/Upload/Government%20Resolutions/English/202103311133011114.pdf,4,680719,GR_DATASET\pdfs\Minorities Development Department\202103311133011114.pdf,Downloaded,2026-07-27 23:01:42
Minorities Development Department,Disbursement of Travelling allowance grant for Maharashtra State wakf Tribunal for the financial year 2020-21,202103311603039614,31-03-2021,209,https://gr.maharashtra.gov.in/Site/Upload/Government%20Resolutions/English/202103311603039614.pdf,2,213584,GR_DATASET\pdfs\Minorities Development Department\202103311603039614.pdf,Downloaded,2026-07-27 23:01:43
Minorities Development Department,To disburse Grant to Second and Third Shift Courses in ITI for Minority Students 2020-21.,202103311645362714,31-03-2021,356,https://gr.maharashtra.gov.in/Site/Upload/Government%20Resolutions/English/202103311645362714.pdf,5,364432,GR_DATASET\pdfs\Minorities Development Department\202103311645362714.pdf,Downloaded,2026-07-27 23:01:44
Minorities Development Department,To Disburse Grant to Urban Area Development Scheme 2020-21.,202103311426569114,31-03-2021,551,https://gr.maharashtra.gov.in/Site/Upload/Government%20Resolutions/English/202103311426569114.pdf,7,564387,GR_DATASET\pdfs\Minorities Development Department\202103311426569114.pdf,Downloaded,2026-07-27 23:01:45
Minorities Development Department,To distribute the Scholarship for the year 2020-21 to the students who are studying in the Higher Education after 12th Standard.,202103311747004914.....,31-03-2021,2241,https://gr.maharashtra.gov.in/Site/Upload/Government%20Resolutions/English/202103311747004914......pdf,3,2295557,GR_DATASET\pdfs\Minorities Development Department\202103311747004914......pdf,Downloaded,2026-07-27 23:01:48
Minorities Development Department,Grant release for Nanded Urdu Ghar maintains and operational work for the financial 2020-21. year 2020-21,202103312110415014,31-03-2021,2111,https://gr.maharashtra.gov.in/Site/Upload/Government%20Resolutions/English/202103312110415014.pdf,2,2161237,GR_DATASET\pdfs\Minorities Development Department\202103312110415014.pdf,Downloaded,2026-07-27 23:01:51
Minorities Development Department,Grant Release for Moulana Azad Mofat Shikawani.,202103301302278114,30-03-2021,148,https://gr.maharashtra.gov.in/Site/Upload/Government%20Resolutions/English/202103301302278114.pdf,7,151607,GR_DATASET\pdfs\Minorities Development Department\202103301302278114.pdf,Downloaded,2026-07-27 23:01:52
Minorities Development Department,To disburse Share Capital to NMDFC for 2020-21.,202103301311403814,30-03-2021,319,https://gr.maharashtra.gov.in/Site/Upload/Government%20Resolutions/English/202103301311403814.pdf,3,326847,GR_DATASET\pdfs\Minorities Development Department\202103301311403814.pdf,Downloaded,2026-07-27 23:01:53
Minorities Development Department,"Appointment of Driver for 01/04/2021 to 31/03/2023 on minimum wages by Chandrakant Sushikshit Berojgar Seva Sahakari Sanstha Ltd., Mumbai.",202103301617115814,30-03-2021,236,https://gr.maharashtra.gov.in/Site/Upload/Government%20Resolutions/English/202103301617115814.pdf,4,242039,GR_DATASET\pdfs\Minorities Development Department\202103301617115814.pdf,Downloaded,2026-07-27 23:01:54
Minorities Development Department,To disburse grant to Rural Area Development Scheme 2020-21.,202103261609247314,26-03-2021,758,https://gr.maharashtra.gov.in/Site/Upload/Government%20Resolutions/English/202103261609247314.pdf,14,775740,GR_DATASET\pdfs\Minorities Development Department\202103261609247314.pdf,Downloaded,2026-07-27 23:01:55
Minorities Development Department,To give administrative approval for Construction of educational works under Centrally sponsored Pradhanmantri Jan Vikas Karyakram (PMJVK),202103251622499214,25-03-2021,748,https://gr.maharashtra.gov.in/Site/Upload/Government%20Resolutions/English/202103251622499214.pdf,13,766009,GR_DATASET\pdfs\Minorities Development Department\202103251622499214.pdf,Downloaded,2026-07-27 23:01:57
Minorities Development Department,To release grant of first instalment (Centre and State Share) under Centrally sponsored Pradhanmantri Janvikas Karyakram for construction of educational works.,202103251628320814,25-03-2021,1276,https://gr.maharashtra.gov.in/Site/Upload/Government%20Resolutions/English/202103251628320814.pdf,14,1306540,GR_DATASET\pdfs\Minorities Development Department\202103251628320814.pdf,Downloaded,2026-07-27 23:01:59
Minorities Development Department,Minority Girls Hostel Grant Distribution 2020-21,202103251816310214,25-03-2021,164,https://gr.maharashtra.gov.in/Site/Upload/Government%20Resolutions/English/202103251816310214.pdf,5,167596,GR_DATASET\pdfs\Minorities Development Department\202103251816310214.pdf,Downloaded,2026-07-27 23:02:00
Minorities Development Department,Corrigendum of Akola Budget scheme 2019-20 for Minority Government approved private schools.,202103241405572814,24-03-2021,183,https://gr.maharashtra.gov.in/Site/Upload/Government%20Resolutions/English/202103241405572814.pdf,2,187887,GR_DATASET\pdfs\Minorities Development Department\202103241405572814.pdf,Downloaded,2026-07-27 23:02:00
Minorities Development Department,Distribution of Grant to the proposal received under Dr. Zakir Hussain Madarsa Modernization scheme in the year 2019-20.,202103241406088414,24-03-2021,281,https://gr.maharashtra.gov.in/Site/Upload/Government%20Resolutions/English/202103241406088414.pdf,8,288220,GR_DATASET\pdfs\Minorities Development Department\202103241406088414.pdf,Downloaded,2026-07-27 23:02:02
Minorities Development Department,To distribute the Scholarship for the year 2019-20 to the students who are studying in the Higher Education after 12th Standard.,202103231222144414,23-03-2021,2303,https://gr.maharashtra.gov.in/Site/Upload/Government%20Resolutions/English/202103231222144414.pdf,4,2357927,GR_DATASET\pdfs\Minorities Development Department\202103231222144414.pdf,Downloaded,2026-07-27 23:02:05
Minorities Development Department,To disburse grant to Coaching Institute to conduct Training under Police Pre Recruitment Training Scheme.,202103231455134414,23-03-2021,2143,https://gr.maharashtra.gov.in/Site/Upload/Government%20Resolutions/English/202103231455134414.pdf,3,2194127,GR_DATASET\pdfs\Minorities Development Department\202103231455134414.pdf,Downloaded,2026-07-27 23:02:07
Minorities Development Department,"Declaration of controlling Officer for Maharashtra State Board of Wakfs, Aurangabad",202103231635466014,23-03-2021,244,https://gr.maharashtra.gov.in/Site/Upload/Government%20Resolutions/English/202103231635466014.pdf,2,250271,GR_DATASET\pdfs\Minorities Development Department\202103231635466014.pdf,Downloaded,2026-07-27 23:02:08
Minorities Development Department,Disbursement of grant for Maharashtra State Waqf Tribunal for the financial year 2020-21,202103231635490514,23-03-2021,214,https://gr.maharashtra.gov.in/Site/Upload/Government%20Resolutions/English/202103231635490514.pdf,2,219388,GR_DATASET\pdfs\Minorities Development Department\202103231635490514.pdf,Downloaded,2026-07-27 23:02:09
Minorities Development Department,"Distribution of grant in aid to provide basic infrastructure for the aided unaided/permanently unaided schools, Jr. Colleges, Industrial Training Institutes, Municipal Corporation Schools and Handicapped schools for the proposal of the year 2019.20.",202103231222120214,23-03-2021,258,https://gr.maharashtra.gov.in/Site/Upload/Government%20Resolutions/English/202103231222120214.pdf,8,264071,GR_DATASET\pdfs\Minorities Development Department\202103231222120214.pdf,Downloaded,2026-07-27 23:02:11
Minorities Development Department,"To disburse grant for Construction of Hospitals at Akola, Hingoli, Amravati and Yavatmal under Centrally Sponsored Pradhanmantri Jan vikas Karyakram (PMJVK).",202103221155202814....,22-03-2021,664,https://gr.maharashtra.gov.in/Site/Upload/Government%20Resolutions/English/202103221155202814.....pdf,6,680205,GR_DATASET\pdfs\Minorities Development Department\202103221155202814.....pdf,Downloaded,2026-07-27 23:02:12
Minorities Development Department,Appointment by reappointment of Shri Anees Shaikh as Chief Executive Officer of Maharashtra State Board of Wakf.,202103191719576914,19-03-2021,2162,https://gr.maharashtra.gov.in/Site/Upload/Government%20Resolutions/English/202103191719576914.pdf,3,2213648,GR_DATASET\pdfs\Minorities Development Department\202103191719576914.pdf,Downloaded,2026-07-27 23:02:16
Minorities Development Department,To disburse garn tot institutes for Conducting training programme under Police Pre-recruitment training for the year 2018-19.,202103191157513914,19-03-2021,148,https://gr.maharashtra.gov.in/Site/Upload/Government%20Resolutions/English/202103191157513914.pdf,3,152023,GR_DATASET\pdfs\Minorities Development Department\202103191157513914.pdf,Downloaded,2026-07-27 23:02:17
Minorities Development Department,To disburse Share Capital to Moulana Azad Alpsankhayank Arthik Vikas Mahamandal for 2020-21.,202103191532123914,19-03-2021,149,https://gr.maharashtra.gov.in/Site/Upload/Government%20Resolutions/English/202103191532123914.pdf,3,152545,GR_DATASET\pdfs\Minorities Development Department\202103191532123914.pdf,Downloaded,2026-07-27 23:02:17
Minorities Development Department,Grant release for year 2020-21 in Urban Development Programme for Minorities.,202103191757301214........,19-03-2021,530,https://gr.maharashtra.gov.in/Site/Upload/Government%20Resolutions/English/202103191757301214.........pdf,9,542955,GR_DATASET\pdfs\Minorities Development Department\202103191757301214.........pdf,Downloaded,2026-07-27 23:02:19
Minorities Development Department,"To Disburse the grant to Maharashtra State Minority Commission for research, training and publicity of schemes.",202103191801376014,19-03-2021,148,https://gr.maharashtra.gov.in/Site/Upload/Government%20Resolutions/English/202103191801376014.pdf,3,151540,GR_DATASET\pdfs\Minorities Development Department\202103191801376014.pdf,Downloaded,2026-07-27 23:02:19
Minorities Development Department,Grant of sanction to continuation of 66 post in Minorities Development Department.,202103181257566514,17-03-2021,2230,https://gr.maharashtra.gov.in/Site/Upload/Government%20Resolutions/English/202103181257566514.pdf,4,2283272,GR_DATASET\pdfs\Minorities Development Department\202103181257566514.pdf,Downloaded,2026-07-27 23:02:22
Minorities Development Department,Grant release for Marathi Bhasha Foundation Scheme.,202103101627277914,10-03-2021,155,https://gr.maharashtra.gov.in/Site/Upload/Government%20Resolutions/English/202103101627277914.pdf,3,158316,GR_DATASET\pdfs\Minorities Development Department\202103101627277914.pdf,Downloaded,2026-07-27 23:02:23
Minorities Development Department,To disburse grant for salary of Outsource Security and Sweeper at ITI Mandavi and Nehrunagar,202103101704052314,10-03-2021,2132,https://gr.maharashtra.gov.in/Site/Upload/Government%20Resolutions/English/202103101704052314.pdf,2,2183529,GR_DATASET\pdfs\Minorities Development Department\202103101704052314.pdf,Downloaded,2026-07-27 23:02:27
Minorities Development Department,Disbursement of grant to the CIDCO for the construction of Haj House at Aurangabad.,202103101621388014,10-03-2021,2141,https://gr.maharashtra.gov.in/Site/Upload/Government%20Resolutions/English/202103101621388014.pdf,3,2192570,GR_DATASET\pdfs\Minorities Development Department\202103101621388014.pdf,Downloaded,2026-07-27 23:02:31
Minorities Development Department,"Granting of Administrative Approval to the Estimate for additional work of Rs.41,19,741/- for Urdu Ghar at Madina Nagar, survey No.12692 at Nanded.",202103101701086214,10-03-2021,262,https://gr.maharashtra.gov.in/Site/Upload/Government%20Resolutions/English/202103101701086214.pdf,3,267924,GR_DATASET\pdfs\Minorities Development Department\202103101701086214.pdf,Downloaded,2026-07-27 23:02:32
Minorities Development Department,Approval to distribute grants in the year 2020-21 for strengthening Maharashtra State Waqf Board,202103101701065214...,10-03-2021,253,https://gr.maharashtra.gov.in/Site/Upload/Government%20Resolutions/English/202103101701065214....pdf,2,259264,GR_DATASET\pdfs\Minorities Development Department\202103101701065214....pdf,Downloaded,2026-07-27 23:02:33
Minorities Development Department,"Grant distributed for construction of Polytechnic college for Minority Students in Muktainagar, Dist-Jalgaon",202103091631503914,09-03-2021,323,https://gr.maharashtra.gov.in/Site/Upload/Government%20Resolutions/English/202103091631503914.pdf,3,330997,GR_DATASET\pdfs\Minorities Development Department\202103091631503914.pdf,Downloaded,2026-07-27 23:02:34
Minorities Development Department,"Appointment of Adv. Kapil Sibal as Senior council in Leave Petition No.32129 to 32131/2011 before the Hon. Supreme Court of India, and according administrative approval for payment of his Professional Fee.",202103091318122314,09-03-2021,2138,https://gr.maharashtra.gov.in/Site/Upload/Government%20Resolutions/English/202103091318122314.pdf,2,2189000,GR_DATASET\pdfs\Minorities Development Department\202103091318122314.pdf,Downloaded,2026-07-27 23:02:38
Minorities Development Department,Corrigendum: Rural Development Scheme for Minority Area.,202103051659033314,05-03-2021,2146,https://gr.maharashtra.gov.in/Site/Upload/Government%20Resolutions/English/202103051659033314.pdf,2,2197170,GR_DATASET\pdfs\Minorities Development Department\202103051659033314.pdf,Downloaded,2026-07-27 23:02:41
Minorities Development Department,Corrigendum: Rural Development Scheme for Minority Area.,202103051707015414,05-03-2021,2258,https://gr.maharashtra.gov.in/Site/Upload/Government%20Resolutions/English/202103051707015414.pdf,2,2312210,GR_DATASET\pdfs\Minorities Development Department\202103051707015414.pdf,Downloaded,2026-07-27 23:02:45
Minorities Development Department,To give Skill Training to Women and Youth from Minority Community.,202103021838400314...,02-03-2021,143,https://gr.maharashtra.gov.in/Site/Upload/Government%20Resolutions/English/202103021838400314....pdf,3,146448,GR_DATASET\pdfs\Minorities Development Department\202103021838400314....pdf,Downloaded,2026-07-27 23:02:45
Minorities Development Department,"To frame Guidelines for deciding criteria of fitness of a person to be appointed as a Kazi, Chief Kazi or Additional Kaziand regulating said appointments in the State of Maharashtra.",202103011515518914,01-03-2021,2130,https://gr.maharashtra.gov.in/Site/Upload/Government%20Resolutions/English/202103011515518914.pdf,2,2181428,GR_DATASET\pdfs\Minorities Development Department\202103011515518914.pdf,Downloaded,2026-07-27 23:02:49
Minorities Development Department,"To frame Guidelines for deciding criteria of fitness of a person to be appointed as a Kazi, Chief Kazi or Additional Kaziand regulating said appointments in the State of Maharashtra.",202103011515223614,01-03-2021,2130,https://gr.maharashtra.gov.in/Site/Upload/Government%20Resolutions/English/202103011515223614.pdf,2,2180695,GR_DATASET\pdfs\Minorities Development Department\202103011515223614.pdf,Downloaded,2026-07-27 23:02:52
Minorities Development Department,Grant release to free coaching scheme (Moulana Azad Mofat Shikawani Yojana) in 2020-21.,202102261731576814,26-02-2021,132,https://gr.maharashtra.gov.in/Site/Upload/Government%20Resolutions/English/202102261731576814.pdf,6,135124,GR_DATASET\pdfs\Minorities Development Department\202102261731576814.pdf,Downloaded,2026-07-27 23:02:53
Minorities Development Department,To disburse grant for Construction of Workshop and Administrative building of Govt.ITI Mumbra.,202102251459200314,25-02-2021,149,https://gr.maharashtra.gov.in/Site/Upload/Government%20Resolutions/English/202102251459200314.pdf,3,152399,GR_DATASET\pdfs\Minorities Development Department\202102251459200314.pdf,Downloaded,2026-07-27 23:02:54
Minorities Development Department,To disburse grant for 2nd shift courses for Minorities students in 15 Govt. Polytechnics for 2020-21,202102251502138314,25-02-2021,573,https://gr.maharashtra.gov.in/Site/Upload/Government%20Resolutions/English/202102251502138314.pdf,3,587205,GR_DATASET\pdfs\Minorities Development Department\202102251502138314.pdf,Downloaded,2026-07-27 23:02:55
Minorities Development Department,To release 2nd instalment for construction of School Building at Millatnagar in Jalna district under Centrally sponsored Pradhanmantri Jan Vikas Karyakram (PMJVK),202102251533383914,25-02-2021,278,https://gr.maharashtra.gov.in/Site/Upload/Government%20Resolutions/English/202102251533383914.pdf,4,284906,GR_DATASET\pdfs\Minorities Development Department\202102251533383914.pdf,Downloaded,2026-07-27 23:02:56
Minorities Development Department,Grant release to Minority Commission for Office Expenses in the year 2020-21.,202102231604542414,23-02-2021,2207,https://gr.maharashtra.gov.in/Site/Upload/Government%20Resolutions/English/202102231604542414.pdf,4,2260233,GR_DATASET\pdfs\Minorities Development Department\202102231604542414.pdf,Downloaded,2026-07-27 23:02:59
Minorities Development Department,Grant release to Minority Commission for Marathi Bhasha Foundation scheme in the year 2020-21.,202102231607296814,23-02-2021,572,https://gr.maharashtra.gov.in/Site/Upload/Government%20Resolutions/English/202102231607296814.pdf,3,585373,GR_DATASET\pdfs\Minorities Development Department\202102231607296814.pdf,Downloaded,2026-07-27 23:03:01
Minorities Development Department,"Distribution of Grant in aid to provides basic infrastructure for the aided unaided /permanently unaided schools, Junior Colleges, Industrial Training institute municipal corporation school and Handicapped schools for the proposals of the year 2019-20.",202102221104005814,22-02-2021,336,https://gr.maharashtra.gov.in/Site/Upload/Government%20Resolutions/English/202102221104005814.pdf,30,344506,GR_DATASET\pdfs\Minorities Development Department\202102221104005814.pdf,Downloaded,2026-07-27 23:03:02
Minorities Development Department,To give administrative approval for Construction of Health Sub-Centre under Centrally sponsored Pradhanmantri Jan Vikas Karyakram (PMJVK),202102171632520814,17-02-2021,223,https://gr.maharashtra.gov.in/Site/Upload/Government%20Resolutions/English/202102171632520814.pdf,5,228288,GR_DATASET\pdfs\Minorities Development Department\202102171632520814.pdf,Downloaded,2026-07-27 23:03:02
Minorities Development Department,To release grant of first instalment (Centre and State Share) under Centrally sponsored Pradhanmantri Janvikas Karyakram for construction of Health Sub- Centres,202102171639215114,17-02-2021,576,https://gr.maharashtra.gov.in/Site/Upload/Government%20Resolutions/English/202102171639215114.pdf,5,589899,GR_DATASET\pdfs\Minorities Development Department\202102171639215114.pdf,Downloaded,2026-07-27 23:03:04
Minorities Development Department,"Declaration of Deputy Chief Executive Officer, Maharashtra State Board of Waqfs, Aurangabad as Drawing and Disbursing Officer for Office of Maharashtra State Board of Waqfs, Aurangabad.",202102161544211414,16-02-2021,137,https://gr.maharashtra.gov.in/Site/Upload/Government%20Resolutions/English/202102161544211414.pdf,2,139921,GR_DATASET\pdfs\Minorities Development Department\202102161544211414.pdf,Downloaded,2026-07-27 23:03:05
Minorities Development Department,To distribute the Scholarship Amount for the year 2019-20 to the Higher Education Students and 12th Standard Students.,202102161657580914,16-02-2021,154,https://gr.maharashtra.gov.in/Site/Upload/Government%20Resolutions/English/202102161657580914.pdf,3,157921,GR_DATASET\pdfs\Minorities Development Department\202102161657580914.pdf,Downloaded,2026-07-27 23:03:05
Minorities Development Department,"Grant release for Appointment of Adv. Kapil Sibal as senior council in Leave Petition No.32129 to 32131/2011 before the Hon. Supreme Court of India, for payment of his professional fee.",202102111104357914,11-02-2021,2150,https://gr.maharashtra.gov.in/Site/Upload/Government%20Resolutions/English/202102111104357914.pdf,2,2201168,GR_DATASET\pdfs\Minorities Development Department\202102111104357914.pdf,Downloaded,2026-07-27 23:03:08
Minorities Development Department,Grant Release for Moulana Azad Free Coaching scheme 2020-21.,202102101448263414,10-02-2021,322,https://gr.maharashtra.gov.in/Site/Upload/Government%20Resolutions/English/202102101448263414.pdf,7,329362,GR_DATASET\pdfs\Minorities Development Department\202102101448263414.pdf,Downloaded,2026-07-27 23:03:09
Minorities Development Department,Corrigendum To Disburse grant for Urban Area Development Scheme 2020-21.,202102101455474014,10-02-2021,135,https://gr.maharashtra.gov.in/Site/Upload/Government%20Resolutions/English/202102101455474014.pdf,2,138696,GR_DATASET\pdfs\Minorities Development Department\202102101455474014.pdf,Downloaded,2026-07-27 23:03:09
Minorities Development Department,IT office Assistant Payment.,202102051532421414,05-02-2021,363,https://gr.maharashtra.gov.in/Site/Upload/Government%20Resolutions/English/202102051532421414.pdf,3,372181,GR_DATASET\pdfs\Minorities Development Department\202102051532421414.pdf,Downloaded,2026-07-27 23:03:10
Minorities Development Department,"Grant release for Adv.Kapil Sibal as Senior council in Leave Petition No.32129 to 32131/2011 before the Hon. Supreme Court of India, and according for payment of his professional fee.",202102051151466914,05-02-2021,315,https://gr.maharashtra.gov.in/Site/Upload/Government%20Resolutions/English/202102051151466914.pdf,2,322976,GR_DATASET\pdfs\Minorities Development Department\202102051151466914.pdf,Downloaded,2026-07-27 23:03:11
Minorities Development Department,To issue Advertisement Bills.,202102051503406814,05-02-2021,281,https://gr.maharashtra.gov.in/Site/Upload/Government%20Resolutions/English/202102051503406814.pdf,3,288172,GR_DATASET\pdfs\Minorities Development Department\202102051503406814.pdf,Downloaded,2026-07-27 23:03:12
Minorities Development Department,To release grant for Construction of Sadbhav Mandap at Udgir in Latur District under Centrally Sponsored Pradhanmantri Janvikas Karyakram.,202102041537570214...,04-02-2021,204,https://gr.maharashtra.gov.in/Site/Upload/Government%20Resolutions/English/202102041537570214....pdf,3,209669,GR_DATASET\pdfs\Minorities Development Department\202102041537570214....pdf,Downloaded,2026-07-27 23:03:13
Minorities Development Department,Grant release to Maharashtra State Wakf Tribunal for the purpose of 10-Contrctul services for the financial year 2020-21,202102041233464814,04-02-2021,207,https://gr.maharashtra.gov.in/Site/Upload/Government%20Resolutions/English/202102041233464814.pdf,2,212218,GR_DATASET\pdfs\Minorities Development Department\202102041233464814.pdf,Downloaded,2026-07-27 23:03:14
Minorities Development Department,To disburse grant to Rural Area Development Scheme 2020-21.,202102041737299814,04-02-2021,156,https://gr.maharashtra.gov.in/Site/Upload/Government%20Resolutions/English/202102041737299814.pdf,9,159613,GR_DATASET\pdfs\Minorities Development Department\202102041737299814.pdf,Downloaded,2026-07-27 23:03:15
Minorities Development Department,To distribute Scholarship Fund for the year 2019-20 for the student of 12th Standard and above Higher Professional Courses.,202102011222548514,01-02-2021,2245,https://gr.maharashtra.gov.in/Site/Upload/Government%20Resolutions/English/202102011222548514.pdf,4,2298537,GR_DATASET\pdfs\Minorities Development Department\202102011222548514.pdf,Downloaded,2026-07-27 23:03:18
Minorities Development Department,"Grant release for development of software application for Maharashtra State Board of Waqf, Aurangabad by Maharashtra information Technology Corporation (MAHAIT)",202101281210591114,28-01-2021,465,https://gr.maharashtra.gov.in/Site/Upload/Government%20Resolutions/English/202101281210591114.pdf,3,475982,GR_DATASET\pdfs\Minorities Development Department\202101281210591114.pdf,Downloaded,2026-07-27 23:03:20
Minorities Development Department,Disbursement of grant to the Maharashtra State Haj Committee in the financial year 2020-21.,202101281438166814,28-01-2021,142,https://gr.maharashtra.gov.in/Site/Upload/Government%20Resolutions/English/202101281438166814.pdf,2,145505,GR_DATASET\pdfs\Minorities Development Department\202101281438166814.pdf,Downloaded,2026-07-27 23:03:21
Minorities Development Department,To release the grant of 2nd instalment to Buldana District for Construction of Angawadi Centres Under PMJVK,202101221214147614,22-01-2021,163,https://gr.maharashtra.gov.in/Site/Upload/Government%20Resolutions/English/202101221214147614.pdf,4,166607,GR_DATASET\pdfs\Minorities Development Department\202101221214147614.pdf,Downloaded,2026-07-27 23:03:22
Minorities Development Department,Corrigendum - Disbursement of Grant to the Maharashtra State Panjab Sahitya Academy to implement schemes during the financial year 2020-21.,202101221457458814,22-01-2021,132,https://gr.maharashtra.gov.in/Site/Upload/Government%20Resolutions/English/202101221457458814.pdf,1,135290,GR_DATASET\pdfs\Minorities Development Department\202101221457458814.pdf,Downloaded,2026-07-27 23:03:22
Minorities Development Department,To release Grant to Ahemednagar District for Construction of Hunar Hub and Sadbhav Mandap under centrally sponsored PMJVK.,202101221808554814,22-01-2021,2167,https://gr.maharashtra.gov.in/Site/Upload/Government%20Resolutions/English/202101221808554814.pdf,3,2219281,GR_DATASET\pdfs\Minorities Development Department\202101221808554814.pdf,Downloaded,2026-07-27 23:03:25
Minorities Development Department,To disburse share capital to Maulana Azad Alpsankyank Arthik Vikas Mahamandal 2020-21.,202101181708413714...,18-01-2021,146,https://gr.maharashtra.gov.in/Site/Upload/Government%20Resolutions/English/202101181708413714....pdf,3,150070,GR_DATASET\pdfs\Minorities Development Department\202101181708413714....pdf,Downloaded,2026-07-27 23:03:26
Minorities Development Department,To release the grant of 2nd instalment to Latur District for Construction of School Building at Udgir under Pradhanmantri Janvikas Karykram (PMJVK) .,202101151445414814,15-01-2021,205,https://gr.maharashtra.gov.in/Site/Upload/Government%20Resolutions/English/202101151445414814.pdf,4,209979,GR_DATASET\pdfs\Minorities Development Department\202101151445414814.pdf,Downloaded,2026-07-27 23:03:27
Minorities Development Department,Corrigendum - Administrative approval for the expenditure to be incurred on schemes of the Maharashtra State Urdu Sahitya Academy during the financial year 2020-21.,202101151658193614,15-01-2021,128,https://gr.maharashtra.gov.in/Site/Upload/Government%20Resolutions/English/202101151658193614.pdf,1,131551,GR_DATASET\pdfs\Minorities Development Department\202101151658193614.pdf,Downloaded,2026-07-27 23:03:27
Minorities Development Department,Disbursement of Grant to the Maharashtra State Panjab Sahitya Academy to implement schemes during the financial year 2020-21.,202101151711058614,15-01-2021,162,https://gr.maharashtra.gov.in/Site/Upload/Government%20Resolutions/English/202101151711058614.pdf,2,165403,GR_DATASET\pdfs\Minorities Development Department\202101151711058614.pdf,Downloaded,2026-07-27 23:03:28
Minorities Development Department,Administrative approval for the expenditure to be incurred on schemes of the Maharashtra State Panjab Sahitya Academy during the financial year 2020-21.,202101151703464014,13-01-2021,252,https://gr.maharashtra.gov.in/Site/Upload/Government%20Resolutions/English/202101151703464014.pdf,2,258072,GR_DATASET\pdfs\Minorities Development Department\202101151703464014.pdf,Downloaded,2026-07-27 23:03:29
Minorities Development Department,Administrative approval for the expenditure to be incurred on schemes of the Maharashtra State Urdu Sahitya Academy during the financial year 2020-21.,202101131720300514,13-01-2021,2108,https://gr.maharashtra.gov.in/Site/Upload/Government%20Resolutions/English/202101131720300514.pdf,2,2158831,GR_DATASET\pdfs\Minorities Development Department\202101131720300514.pdf,Downloaded,2026-07-27 23:03:32
Minorities Development Department,Disbursement of grant to the Maharashtra State Urdu Sahitya Academy to implement schemes during the financial year 2020-21.,202101131734410414,13-01-2021,2109,https://gr.maharashtra.gov.in/Site/Upload/Government%20Resolutions/English/202101131734410414.pdf,2,2159304,GR_DATASET\pdfs\Minorities Development Department\202101131734410414.pdf,Downloaded,2026-07-27 23:03:34
Minorities Development Department,Salary grant release to Minority Commission.,202101081217365214,08-01-2021,149,https://gr.maharashtra.gov.in/Site/Upload/Government%20Resolutions/English/202101081217365214.pdf,3,152649,GR_DATASET\pdfs\Minorities Development Department\202101081217365214.pdf,Downloaded,2026-07-27 23:03:35
Minorities Development Department,Grant Release to Mahila Arthik Vikas Mahamandal for Minority women self help group 2020-21.,202101081221510414,08-01-2021,144,https://gr.maharashtra.gov.in/Site/Upload/Government%20Resolutions/English/202101081221510414.pdf,3,147386,GR_DATASET\pdfs\Minorities Development Department\202101081221510414.pdf,Downloaded,2026-07-27 23:03:36
Minorities Development Department,"Appointment of Adv.Kapil Sibal as Senior council in Leave Petition No.32129 to 32131/2011 before the Hon. Supreme Court of India, and according administrative approval for payment of his professional fee.",202101051242182714,05-01-2021,271,https://gr.maharashtra.gov.in/Site/Upload/Government%20Resolutions/English/202101051242182714.pdf,2,277668,GR_DATASET\pdfs\Minorities Development Department\202101051242182714.pdf,Downloaded,2026-07-27 23:03:37
Minorities Development Department,"According Administration Approval for development of software application for Maharashtra State Board of Waqf, Aurangabad by Maharashtra information Technology Corporation (MAHAIT).",202012311118513414,31-12-2020,2349,https://gr.maharashtra.gov.in/Site/Upload/Government%20Resolutions/English/202012311118513414.pdf,4,2404953,GR_DATASET\pdfs\Minorities Development Department\202012311118513414.pdf,Downloaded,2026-07-27 23:03:40
Minorities Development Department,To disburse grant for second and Third shift courses at Govt. ITIs in minority concentrated area.,202012241537059314,24-12-2020,227,https://gr.maharashtra.gov.in/Site/Upload/Government%20Resolutions/English/202012241537059314.pdf,3,231970,GR_DATASET\pdfs\Minorities Development Department\202012241537059314.pdf,Downloaded,2026-07-27 23:03:40
Minorities Development Department,To Release the grant of Hingoli District under PMJVK for construction of Sadbhav Mandal (Second Installment).,202012211139576414,21-12-2020,272,https://gr.maharashtra.gov.in/Site/Upload/Government%20Resolutions/English/202012211139576414.pdf,4,278386,GR_DATASET\pdfs\Minorities Development Department\202012211139576414.pdf,Downloaded,2026-07-27 23:03:41
Minorities Development Department,Grant Release for Solapur Urdu Ghar for the Financial year 2020-21,202012141503511714,14-12-2020,210,https://gr.maharashtra.gov.in/Site/Upload/Government%20Resolutions/English/202012141503511714.pdf,2,215286,GR_DATASET\pdfs\Minorities Development Department\202012141503511714.pdf,Downloaded,2026-07-27 23:03:42
Minorities Development Department,Skill Development and Entrepreneurship Department to provide Training Programme to Women and Youth from minority communities in the state with the help of Maharashtra State Skill Development Society.,202012101644443314,10-12-2020,2051,https://gr.maharashtra.gov.in/Site/Upload/Government%20Resolutions/English/202012101644443314.pdf,6,2100249,GR_DATASET\pdfs\Minorities Development Department\202012101644443314.pdf,Downloaded,2026-07-27 23:03:45
Minorities Development Department,To celebrate 18th December as Minorities Rights Day.,202012091711551314,09-12-2020,2418,https://gr.maharashtra.gov.in/Site/Upload/Government%20Resolutions/English/202012091711551314.pdf,2,2475734,GR_DATASET\pdfs\Minorities Development Department\202012091711551314.pdf,Downloaded,2026-07-27 23:03:48
Minorities Development Department,"To frame Guidelines for deciding criteria of fitness of a person to be appointed as a Kazi, Chief Kazi or Additional Kaziand regulating said appointments in the State of Maharashtra.",202012081121343614,08-12-2020,2000,https://gr.maharashtra.gov.in/Site/Upload/Government%20Resolutions/English/202012081121343614.pdf,2,2048392,GR_DATASET\pdfs\Minorities Development Department\202012081121343614.pdf,Downloaded,2026-07-27 23:03:51
Minorities Development Department,Under the Centrally Sponsored Scheme of Pradhan Mantri Jan Vikas Program - PMJVK (erstwhile MsDP) approved for distribution of remaining 50 per cent grant sanctioned in Central State share for implementation of educational and health related works in Mangrulpeer Group in Washim District.,202012071216558014,07-12-2020,2030,https://gr.maharashtra.gov.in/Site/Upload/Government%20Resolutions/English/202012071216558014.pdf,4,2078617,GR_DATASET\pdfs\Minorities Development Department\202012071216558014.pdf,Downloaded,2026-07-27 23:03:53
Minorities Development Department,Opening current Account of Maharashtra Rajya Urdu Sahitya Academy in Nationalized Bank.,202012041521402114,04-12-2020,756,https://gr.maharashtra.gov.in/Site/Upload/Government%20Resolutions/English/202012041521402114.pdf,2,774434,GR_DATASET\pdfs\Minorities Development Department\202012041521402114.pdf,Downloaded,2026-07-27 23:03:54
Minorities Development Department,"Grant release to Wauputra Tantra Prasarak Mandal, Wardha for Police Training Programme 2018-19.",202012041700035314,04-12-2020,2015,https://gr.maharashtra.gov.in/Site/Upload/Government%20Resolutions/English/202012041700035314.pdf,3,2063749,GR_DATASET\pdfs\Minorities Development Department\202012041700035314.pdf,Downloaded,2026-07-27 23:03:57
Minorities Development Department,Distribution of Grant to the proposal received under Dr. Zakir Hussain Madarsa Modernization Scheme in the year 2019-20.,202011251549338614...,25-11-2020,2072,https://gr.maharashtra.gov.in/Site/Upload/Government%20Resolutions/English/202011251549338614....pdf,11,2122061,GR_DATASET\pdfs\Minorities Development Department\202011251549338614....pdf,Downloaded,2026-07-27 23:04:00
Minorities Development Department,To disburse grant to Second Shift Courses for minority students in Government Polytechnics Institutes.,202011251203255714,24-11-2020,2337,https://gr.maharashtra.gov.in/Site/Upload/Government%20Resolutions/English/202011251203255714.pdf,3,2392667,GR_DATASET\pdfs\Minorities Development Department\202011251203255714.pdf,Downloaded,2026-07-27 23:04:04
Minorities Development Department,Disbursement of grant for Maharashtra State Waqf Tribunal for the financial year 2020-21.,202011231237498414,23-11-2020,1987,https://gr.maharashtra.gov.in/Site/Upload/Government%20Resolutions/English/202011231237498414.pdf,2,2034565,GR_DATASET\pdfs\Minorities Development Department\202011231237498414.pdf,Downloaded,2026-07-27 23:04:07
Minorities Development Department,Opening of A/c in Nationalized Bank Maharashtra State Punjabi Sahitya Academy.,202011171608069414,17-11-2020,2021,https://gr.maharashtra.gov.in/Site/Upload/Government%20Resolutions/English/202011171608069414.pdf,2,2069969,GR_DATASET\pdfs\Minorities Development Department\202011171608069414.pdf,Downloaded,2026-07-27 23:04:10
Minorities Development Department,Grant Release to Minority Commission for Marathi Bhasha Foundation Scheme in the year 2020-21.,202011111115457614...,11-11-2020,223,https://gr.maharashtra.gov.in/Site/Upload/Government%20Resolutions/English/202011111115457614....pdf,3,228650,GR_DATASET\pdfs\Minorities Development Department\202011111115457614....pdf,Downloaded,2026-07-27 23:04:11
Minorities Development Department,To release the grant to Private Coaching Institute of Maulana Azad Free Coaching Scheme.,202011111604508414,11-11-2020,141,https://gr.maharashtra.gov.in/Site/Upload/Government%20Resolutions/English/202011111604508414.pdf,8,144478,GR_DATASET\pdfs\Minorities Development Department\202011111604508414.pdf,Downloaded,2026-07-27 23:04:12
Minorities Development Department,Flag day celebration on 25.11.2020.,202011111715172414,11-11-2020,2195,https://gr.maharashtra.gov.in/Site/Upload/Government%20Resolutions/English/202011111715172414.pdf,4,2247420,GR_DATASET\pdfs\Minorities Development Department\202011111715172414.pdf,Downloaded,2026-07-27 23:04:16
Minorities Development Department,"Communal Harmony Campaign Week from 19th to 25th November, 2020.",202011111726335814,11-11-2020,2113,https://gr.maharashtra.gov.in/Site/Upload/Government%20Resolutions/English/202011111726335814.pdf,5,2164197,GR_DATASET\pdfs\Minorities Development Department\202011111726335814.pdf,Downloaded,2026-07-27 23:04:18
Minorities Development Department,"Regarding the approval of lease agreement of Property belonging to Rogay Charity Trust of Survey No. 2193 Area 292.21 Sq.m. with Indian Oil Company till 31.12.2029 as per the provisions of Section 56 of the Waqf Act, 1995 and The Waqf Properties Lease Rules, 2014 (Amendment 2015 and 2020).",202011111704512214,11-11-2020,2373,https://gr.maharashtra.gov.in/Site/Upload/Government%20Resolutions/English/202011111704512214.pdf,5,2429908,GR_DATASET\pdfs\Minorities Development Department\202011111704512214.pdf,Downloaded,2026-07-27 23:04:21
Minorities Development Department,To disburse grant for Second and Third Shift Courses in ITI located at minority concentrated area.,202011101653525514,10-11-2020,267,https://gr.maharashtra.gov.in/Site/Upload/Government%20Resolutions/English/202011101653525514.pdf,3,273786,GR_DATASET\pdfs\Minorities Development Department\202011101653525514.pdf,Downloaded,2026-07-27 23:04:22
Minorities Development Department,The Scheme of Scholarship for the Minority Students taking Higher Education and Education after 12th releasing amount for the year 2019-20.,202011061250351614,06-11-2020,2189,https://gr.maharashtra.gov.in/Site/Upload/Government%20Resolutions/English/202011061250351614.pdf,4,2241490,GR_DATASET\pdfs\Minorities Development Department\202011061250351614.pdf,Downloaded,2026-07-27 23:04:25
Minorities Development Department,Corrigendum to Disburse grant to Rural Area Development Scheme 2019-20.,202011061546223714,06-11-2020,2011,https://gr.maharashtra.gov.in/Site/Upload/Government%20Resolutions/English/202011061546223714.pdf,2,2059438,GR_DATASET\pdfs\Minorities Development Department\202011061546223714.pdf,Downloaded,2026-07-27 23:04:28
Minorities Development Department,Grant release to Minority Commission for office expenses in year 2020-21.,202011051805580114...,05-11-2020,2025,https://gr.maharashtra.gov.in/Site/Upload/Government%20Resolutions/English/202011051805580114....pdf,3,2073946,GR_DATASET\pdfs\Minorities Development Department\202011051805580114....pdf,Downloaded,2026-07-27 23:04:31
Minorities Development Department,"Grant distributed for construction of Polytechnic college for Minority Students in Muktainagar, Dist-Jalgaon",202010281605146814,28-10-2020,2308,https://gr.maharashtra.gov.in/Site/Upload/Government%20Resolutions/English/202010281605146814.pdf,3,2363581,GR_DATASET\pdfs\Minorities Development Department\202010281605146814.pdf,Downloaded,2026-07-27 23:04:35
Minorities Development Department,"To disbursed grant for construction of ITI, Mandavi, Dist.-Mumbai City",202010281610539114,28-10-2020,2330,https://gr.maharashtra.gov.in/Site/Upload/Government%20Resolutions/English/202010281610539114.pdf,3,2386384,GR_DATASET\pdfs\Minorities Development Department\202010281610539114.pdf,Downloaded,2026-07-27 23:04:39
Minorities Development Department,Administrative approval for construction of workshop and two class rooms in Government ITI at Shegaon in Buldana District under Pradhan Mantri Jan Vikas Yojana (PMJVK),202010141347043614,14-10-2020,2695,https://gr.maharashtra.gov.in/Site/Upload/Government%20Resolutions/English/202010141347043614.pdf,4,2759621,GR_DATASET\pdfs\Minorities Development Department\202010141347043614.pdf,Downloaded,2026-07-27 23:04:43
Minorities Development Department,To release the grant (Centre and state share) for the construction of workshop and two class rooms in Government ITI at Shegaon in Buldana District under Pradhan Mantri Jan Vikas Yojana (PMJVK),202010141354097114,14-10-2020,2768,https://gr.maharashtra.gov.in/Site/Upload/Government%20Resolutions/English/202010141354097114.pdf,4,2834565,GR_DATASET\pdfs\Minorities Development Department\202010141354097114.pdf,Downloaded,2026-07-27 23:04:47
Minorities Development Department,Grant Release to State Minority Commission for Research Schemes Publicity and Training Programme Scheme in 2020-21 (For bill pay of Radio Advertisement).,202010121619103214,12-10-2020,2509,https://gr.maharashtra.gov.in/Site/Upload/Government%20Resolutions/English/202010121619103214.pdf,3,2569119,GR_DATASET\pdfs\Minorities Development Department\202010121619103214.pdf,Downloaded,2026-07-27 23:04:51
Minorities Development Department,"Disbursement of grant to the Maharashtra State Haj Committee for the period of July 2020 to March, 2021.",202010091531114614,09-10-2020,2494,https://gr.maharashtra.gov.in/Site/Upload/Government%20Resolutions/English/202010091531114614.pdf,4,2553691,GR_DATASET\pdfs\Minorities Development Department\202010091531114614.pdf,Downloaded,2026-07-27 23:04:54
Minorities Development Department,"To increase Stipend Amount from Rs. 2000 to Rs. 4000 of Minority Students who are studying at SIAC Mumbai and their Training Centers at Nagpur, Aurangabad, Kolhapur for Civil Services Competitive Exams from year 2020-21.",202010071214366214,07-10-2020,2705,https://gr.maharashtra.gov.in/Site/Upload/Government%20Resolutions/English/202010071214366214.pdf,3,2770359,GR_DATASET\pdfs\Minorities Development Department\202010071214366214.pdf,Downloaded,2026-07-27 23:04:57
Minorities Development Department,To give extension to self Help Group Scheme implemented in Minority Dominated Area.,202010011457035014...,01-10-2020,2587,https://gr.maharashtra.gov.in/Site/Upload/Government%20Resolutions/English/202010011457035014....pdf,7,2649115,GR_DATASET\pdfs\Minorities Development Department\202010011457035014....pdf,Downloaded,2026-07-27 23:04:59
Minorities Development Department,"To release Grant for Girls and Boys Hostel in Khamgaon, District Buldhana under PMJVK.",202009161426407514,16-09-2020,3360,https://gr.maharashtra.gov.in/Site/Upload/Government%20Resolutions/English/202009161426407514.pdf,4,3440449,GR_DATASET\pdfs\Minorities Development Department\202009161426407514.pdf,Downloaded,2026-07-27 23:05:04
Minorities Development Department,"To sell the Government Vehicle no. MH-01, ZA-0072 which is purchased and write of by Minorities Development Department.",202009151227186714,15-09-2020,3192,https://gr.maharashtra.gov.in/Site/Upload/Government%20Resolutions/English/202009151227186714.pdf,3,3268186,GR_DATASET\pdfs\Minorities Development Department\202009151227186714.pdf,Downloaded,2026-07-27 23:05:10
Minorities Development Department,"To sell the Government Vehicle no. MH-01, AN-0786 which is purchased and write of by Minorities Development Department.",202009151233442514,15-09-2020,3181,https://gr.maharashtra.gov.in/Site/Upload/Government%20Resolutions/English/202009151233442514.pdf,3,3256952,GR_DATASET\pdfs\Minorities Development Department\202009151233442514.pdf,Downloaded,2026-07-27 23:05:16
Minorities Development Department,Disbursement of grant to the Maharashtra State Urdu Sahitya Academy in incure expenditure for the months April to September 2020.,202009151339154014,15-09-2020,3191,https://gr.maharashtra.gov.in/Site/Upload/Government%20Resolutions/English/202009151339154014.pdf,3,3268054,GR_DATASET\pdfs\Minorities Development Department\202009151339154014.pdf,Downloaded,2026-07-27 23:05:21
Minorities Development Department,Administrative approval for the expenditure incur on establishment of the Maharashtra State Urdu Sahitya Academy in the year 2020-2021.,202009151344358114,14-09-2020,3185,https://gr.maharashtra.gov.in/Site/Upload/Government%20Resolutions/English/202009151344358114.pdf,2,3261722,GR_DATASET\pdfs\Minorities Development Department\202009151344358114.pdf,Downloaded,2026-07-27 23:05:26
Minorities Development Department,To release Grant to Jalna District under PMJVK/ MsDP.,202009141357536514,14-09-2020,3210,https://gr.maharashtra.gov.in/Site/Upload/Government%20Resolutions/English/202009141357536514.pdf,4,3287476,GR_DATASET\pdfs\Minorities Development Department\202009141357536514.pdf,Downloaded,2026-07-27 23:05:35
Minorities Development Department,Grant distribution of Mumbra ITI.,202009141720258214,14-09-2020,3150,https://gr.maharashtra.gov.in/Site/Upload/Government%20Resolutions/English/202009141720258214.pdf,3,3225603,GR_DATASET\pdfs\Minorities Development Department\202009141720258214.pdf,Downloaded,2026-07-27 23:05:39
Minorities Development Department,Grant distribution to Minority Girls Hostel.,202009141726504614,14-09-2020,3161,https://gr.maharashtra.gov.in/Site/Upload/Government%20Resolutions/English/202009141726504614.pdf,4,3237186,GR_DATASET\pdfs\Minorities Development Department\202009141726504614.pdf,Downloaded,2026-07-27 23:05:47
Minorities Development Department,To release state share of Rs. 77.50 Lakh and to revalidate Central share of Rs.77.50 Lakh under MsDP for Construction of Girls Hostel at Udgir in Latur District.,202009101525277714,10-09-2020,3150,https://gr.maharashtra.gov.in/Site/Upload/Government%20Resolutions/English/202009101525277714.pdf,3,3225121,GR_DATASET\pdfs\Minorities Development Department\202009101525277714.pdf,Downloaded,2026-07-27 23:05:50
Minorities Development Department,Grant of Sanction to Continuation at 66 post in Minorities Development Department.,202009101708019614,10-09-2020,3324,https://gr.maharashtra.gov.in/Site/Upload/Government%20Resolutions/English/202009101708019614.pdf,4,3404194,GR_DATASET\pdfs\Minorities Development Department\202009101708019614.pdf,Downloaded,2026-07-27 23:05:57
Minorities Development Department,Corrigendum- Urban Development Programme for Minorities Comunities.,202009041203484514,04-09-2020,3137,https://gr.maharashtra.gov.in/Site/Upload/Government%20Resolutions/English/202009041203484514.pdf,2,3211792,GR_DATASET\pdfs\Minorities Development Department\202009041203484514.pdf,Downloaded,2026-07-27 23:06:03
Minorities Development Department,"Regarding the distribution of funds to the Maharashtra State Minorities Commission for the three months of July, 2020 to September, 2020 in the financial year 2020-21",202008201606299114,20-08-2020,3217,https://gr.maharashtra.gov.in/Site/Upload/Government%20Resolutions/English/202008201606299114.pdf,3,3294144,GR_DATASET\pdfs\Minorities Development Department\202008201606299114.pdf,Downloaded,2026-07-27 23:06:07
Minorities Development Department,Implementation of PSI Recruitment Police Training Scheme for Minority Candidates.,202008141308109714,14-08-2020,3274,https://gr.maharashtra.gov.in/Site/Upload/Government%20Resolutions/English/202008141308109714.pdf,2,3352912,GR_DATASET\pdfs\Minorities Development Department\202008141308109714.pdf,Downloaded,2026-07-27 23:06:13
Minorities Development Department,"Sadbhavana Day 20 August, 2020.",202008141421599214,14-08-2020,3319,https://gr.maharashtra.gov.in/Site/Upload/Government%20Resolutions/English/202008141421599214.pdf,5,3398160,GR_DATASET\pdfs\Minorities Development Department\202008141421599214.pdf,Downloaded,2026-07-27 23:06:20
Minorities Development Department,Disbursement of grant to the Maharashtra State Haj Committee in the year 2020-2021.,202008131658558214,13-08-2020,3166,https://gr.maharashtra.gov.in/Site/Upload/Government%20Resolutions/English/202008131658558214.pdf,2,3242149,GR_DATASET\pdfs\Minorities Development Department\202008131658558214.pdf,Downloaded,2026-07-27 23:06:24
Minorities Development Department,To disburse grant to Second shift courses in Government Polytechnics.,202008111705217514,11-08-2020,3493,https://gr.maharashtra.gov.in/Site/Upload/Government%20Resolutions/English/202008111705217514.pdf,3,3576755,GR_DATASET\pdfs\Minorities Development Department\202008111705217514.pdf,Downloaded,2026-07-27 23:06:28
Minorities Development Department,Disbursement of grant for Maharashtra State Waqf Tribunal for the financial year 2020-21,202008101633524214,10-08-2020,3168,https://gr.maharashtra.gov.in/Site/Upload/Government%20Resolutions/English/202008101633524214.pdf,2,3243918,GR_DATASET\pdfs\Minorities Development Department\202008101633524214.pdf,Downloaded,2026-07-27 23:06:42
Minorities Development Department,"To nominate members on the Maharashtra State Haj Committee, Mumbai from the category of three members from Muslim members representing local bodies in the State..",202008101536405614,10-08-2020,3153,https://gr.maharashtra.gov.in/Site/Upload/Government%20Resolutions/English/202008101536405614.pdf,2,3228986,GR_DATASET\pdfs\Minorities Development Department\202008101536405614.pdf,Downloaded,2026-07-27 23:06:48
Minorities Development Department,Disbursement of Grant for Nanded Urdu Ghar for 2020-21.,202007281518211114,28-07-2020,3162,https://gr.maharashtra.gov.in/Site/Upload/Government%20Resolutions/English/202007281518211114.pdf,2,3238260,GR_DATASET\pdfs\Minorities Development Department\202007281518211114.pdf,Downloaded,2026-07-27 23:06:55
Minorities Development Department,Dr. Zakir Hussain Madarsa Modernization Scheme 2019-20- Distribution of grant to the proposal received under the scheme to the extent of the Honorarium of the Teachers of the Modarsa.,202007221612268414,22-07-2020,3353,https://gr.maharashtra.gov.in/Site/Upload/Government%20Resolutions/English/202007221612268414.pdf,18,3433102,GR_DATASET\pdfs\Minorities Development Department\202007221612268414.pdf,Downloaded,2026-07-27 23:07:04
Minorities Development Department,Grant distribution 2020-21 ITI Second Shift Third Shift.,202007211504122914,21-07-2020,145,https://gr.maharashtra.gov.in/Site/Upload/Government%20Resolutions/English/202007211504122914.pdf,3,148772,GR_DATASET\pdfs\Minorities Development Department\202007211504122914.pdf,Downloaded,2026-07-27 23:07:05
Minorities Development Department,Grant Release,202007141630519814,14-07-2020,3240,https://gr.maharashtra.gov.in/Site/Upload/Government%20Resolutions/English/202007141630519814.pdf,3,3318111,GR_DATASET\pdfs\Minorities Development Department\202007141630519814.pdf,Downloaded,2026-07-27 23:07:15
Minorities Development Department,"Extension to the Committee for deciding criteria of Kazi, Chief Kazi and Additional Kazi.",202007081513193114,08-07-2020,3136,https://gr.maharashtra.gov.in/Site/Upload/Government%20Resolutions/English/202007081513193114.pdf,2,3211486,GR_DATASET\pdfs\Minorities Development Department\202007081513193114.pdf,Downloaded,2026-07-27 23:07:19
Minorities Development Department,Disbursement of grant to Solapur Urdu Ghar in 2020-21.,202007081520122714,08-07-2020,3140,https://gr.maharashtra.gov.in/Site/Upload/Government%20Resolutions/English/202007081520122714.pdf,2,3215686,GR_DATASET\pdfs\Minorities Development Department\202007081520122714.pdf,Downloaded,2026-07-27 23:07:29
Minorities Development Department,"To release the Grant for Boys Hostel at Kalamnuri, Dist Hingoli under PMJVK",202007031238231314,03-07-2020,3205,https://gr.maharashtra.gov.in/Site/Upload/Government%20Resolutions/English/202007031238231314.pdf,4,3281416,GR_DATASET\pdfs\Minorities Development Department\202007031238231314.pdf,Downloaded,2026-07-27 23:07:37
Minorities Development Department,Grant release for year 2020 -21 in urban development programme for minorities,202007031304309814...,03-07-2020,141,https://gr.maharashtra.gov.in/Site/Upload/Government%20Resolutions/English/202007031304309814....pdf,6,144792,GR_DATASET\pdfs\Minorities Development Department\202007031304309814....pdf,Downloaded,2026-07-27 23:07:38
Minorities Development Department,Minority Girls Hostel Grant Distribution 2020-21,202006231456455214,23-06-2020,3180,https://gr.maharashtra.gov.in/Site/Upload/Government%20Resolutions/English/202006231456455214.pdf,4,3256128,GR_DATASET\pdfs\Minorities Development Department\202006231456455214.pdf,Downloaded,2026-07-27 23:07:40
Minorities Development Department,To Release the Grant to Maharashtra Minority Commission for the period of April 2020 - June 2020,202006111457160414,11-06-2020,3169,https://gr.maharashtra.gov.in/Site/Upload/Government%20Resolutions/English/202006111457160414.pdf,3,3245266,GR_DATASET\pdfs\Minorities Development Department\202006111457160414.pdf,Downloaded,2026-07-27 23:07:43
Minorities Development Department,To Cancel the Appointment of Member of District Level Minority Welfare Committee,202006111508253214,11-06-2020,3159,https://gr.maharashtra.gov.in/Site/Upload/Government%20Resolutions/English/202006111508253214.pdf,3,3235168,GR_DATASET\pdfs\Minorities Development Department\202006111508253214.pdf,Downloaded,2026-07-27 23:07:47
Minorities Development Department,Initiation of second shift for minority students in existing Government technical colleges. Disbursement of funds for the year 2020-21.,202006111622368614,11-06-2020,3174,https://gr.maharashtra.gov.in/Site/Upload/Government%20Resolutions/English/202006111622368614.pdf,3,3250267,GR_DATASET\pdfs\Minorities Development Department\202006111622368614.pdf,Downloaded,2026-07-27 23:07:49
Minorities Development Department,To start the second / third shift in the existing industrial training institutes in the minority-dominated areas of the state ... Disbursement of funds for the year 2020-21.To start the second / third shift in the existing industrial training institutes in the minority-dominated areas of the state ... Disbursement of funds for the year 2020-21.,202006111624038814,11-06-2020,3175,https://gr.maharashtra.gov.in/Site/Upload/Government%20Resolutions/English/202006111624038814.pdf,3,3250823,GR_DATASET\pdfs\Minorities Development Department\202006111624038814.pdf,Downloaded,2026-07-27 23:07:52
Minorities Development Department,"Disbursement of Grant to Maharashtra State Waqf Tribunal,Aurangabad Under Object Salary for financial year 2020-2021",202006081544558314,08-06-2020,3920,https://gr.maharashtra.gov.in/Site/Upload/Government%20Resolutions/English/202006081544558314.pdf,2,4013584,GR_DATASET\pdfs\Minorities Development Department\202006081544558314.pdf,Downloaded,2026-07-27 23:07:55
Minorities Development Department,"Disbursement of Grant to Maharashtra State Waqf Tribunal,Aurangabad for Months of April,2020 to June,2020 Under Object Domestic Travel Expenditure for financial year 2020-2021",202006081549396314,08-06-2020,3915,https://gr.maharashtra.gov.in/Site/Upload/Government%20Resolutions/English/202006081549396314.pdf,2,4009065,GR_DATASET\pdfs\Minorities Development Department\202006081549396314.pdf,Downloaded,2026-07-27 23:08:00
Minorities Development Department,"Grant-in-Aid for to Minorities School (Scheme)- 2019-20- Corrigendum, Dist. Sangali.",202005211208319514,21-05-2020,3139,https://gr.maharashtra.gov.in/Site/Upload/Government%20Resolutions/English/202005211208319514.pdf,2,3214464,GR_DATASET\pdfs\Minorities Development Department\202005211208319514.pdf,Downloaded,2026-07-27 23:08:03
Minorities Development Department,"Grant Release for Construction of Hospital at Dnyane, Dist. Nashik.",202005211535284214,21-05-2020,3163,https://gr.maharashtra.gov.in/Site/Upload/Government%20Resolutions/English/202005211535284214.pdf,4,3239279,GR_DATASET\pdfs\Minorities Development Department\202005211535284214.pdf,Downloaded,2026-07-27 23:08:06
Minorities Development Department,"Administrative approval for Construction of Hospital at Dnyane, Dist. Nashik.",202005211546000214,21-05-2020,3158,https://gr.maharashtra.gov.in/Site/Upload/Government%20Resolutions/English/202005211546000214.pdf,4,3233892,GR_DATASET\pdfs\Minorities Development Department\202005211546000214.pdf,Downloaded,2026-07-27 23:08:08
Minorities Development Department,Release of Second Instalment for Educational works for Buldhana District under PMJVK.,202005211554320414,19-05-2020,3210,https://gr.maharashtra.gov.in/Site/Upload/Government%20Resolutions/English/202005211554320414.pdf,4,3287281,GR_DATASET\pdfs\Minorities Development Department\202005211554320414.pdf,Downloaded,2026-07-27 23:08:10
Minorities Development Department,"Disbursement of grant to the Maharashtra State Haj Committee for the period of April to June, 2020.",202005081224426514,08-05-2020,3143,https://gr.maharashtra.gov.in/Site/Upload/Government%20Resolutions/English/202005081224426514.pdf,2,3218850,GR_DATASET\pdfs\Minorities Development Department\202005081224426514.pdf,Downloaded,2026-07-27 23:08:13
Minorities Development Department,Grant Release to Minority Commission for salary in 2020-21.,202005051253084114,05-05-2020,3149,https://gr.maharashtra.gov.in/Site/Upload/Government%20Resolutions/English/202005051253084114.pdf,3,3224748,GR_DATASET\pdfs\Minorities Development Department\202005051253084114.pdf,Downloaded,2026-07-27 23:08:15
Minorities Development Department,"Appointment of committee on deciding criteria of Kazi, Chief Kazi and Additional Kazi in State of Maharashtra.",202005051325015614,05-05-2020,3166,https://gr.maharashtra.gov.in/Site/Upload/Government%20Resolutions/English/202005051325015614.pdf,2,3241866,GR_DATASET\pdfs\Minorities Development Department\202005051325015614.pdf,Downloaded,2026-07-27 23:08:18
Minorities Development Department,"Disbursement of Fund to Maharashtra State Waqf Tribunal for month April,2020 to June,2020 in Financial Year 2020-2021",202004281207017314,28-04-2020,3167,https://gr.maharashtra.gov.in/Site/Upload/Government%20Resolutions/English/202004281207017314.pdf,2,3242969,GR_DATASET\pdfs\Minorities Development Department\202004281207017314.pdf,Downloaded,2026-07-27 23:08:22
Minorities Development Department,Grant release of Starting up Government Polytechnic Minority Students Second Ship.,202003301448497714,30-03-2020,3327,https://gr.maharashtra.gov.in/Site/Upload/Government%20Resolutions/English/202003301448497714.pdf,3,3407274,GR_DATASET\pdfs\Minorities Development Department\202003301448497714.pdf,Downloaded,2026-07-27 23:08:24
Minorities Development Department,To release the granted by means of reappropriation for the purpose of 13 office expenditure and 06 telephone electricity and water charges of the office of Maharashtra state waqf tribunal.,202003271348070414...,27-03-2020,3169,https://gr.maharashtra.gov.in/Site/Upload/Government%20Resolutions/English/202003271348070414....pdf,3,3245342,GR_DATASET\pdfs\Minorities Development Department\202003271348070414....pdf,Downloaded,2026-07-27 23:08:26
Minorities Development Department,Continuation of temporary posts.,202003201739346414,20-03-2020,3134,https://gr.maharashtra.gov.in/Site/Upload/Government%20Resolutions/English/202003201739346414.pdf,2,3209223,GR_DATASET\pdfs\Minorities Development Department\202003201739346414.pdf,Downloaded,2026-07-27 23:08:29
Minorities Development Department,To cancel the Government Resolutions for Formation of District Haj Committee,202003201722447014,20-03-2020,3161,https://gr.maharashtra.gov.in/Site/Upload/Government%20Resolutions/English/202003201722447014.pdf,2,3236493,GR_DATASET\pdfs\Minorities Development Department\202003201722447014.pdf,Downloaded,2026-07-27 23:08:31
Minorities Development Department,Reappropriation for the year 2019-20.,202003201732353414,20-03-2020,3695,https://gr.maharashtra.gov.in/Site/Upload/Government%20Resolutions/English/202003201732353414.pdf,2,3783475,GR_DATASET\pdfs\Minorities Development Department\202003201732353414.pdf,Downloaded,2026-07-27 23:08:35
Minorities Development Department,To disburse Share Capital to NMDFC 2019-20.,202003201822477514,20-03-2020,3148,https://gr.maharashtra.gov.in/Site/Upload/Government%20Resolutions/English/202003201822477514.pdf,3,3223425,GR_DATASET\pdfs\Minorities Development Department\202003201822477514.pdf,Downloaded,2026-07-27 23:08:37
Minorities Development Department,To disburse grant for Second and Third Shift Courses of ITI 2019-20.,202003201830461014,20-03-2020,3334,https://gr.maharashtra.gov.in/Site/Upload/Government%20Resolutions/English/202003201830461014.pdf,4,3414502,GR_DATASET\pdfs\Minorities Development Department\202003201830461014.pdf,Downloaded,2026-07-27 23:08:40
Minorities Development Department,Regarding the grant of state grant for the construction of development works in Jalna city in Jalna district approved under the Centrally Sponsored Multi-sectorial Development Program (MsDP).,202003191111418614,19-03-2020,3186,https://gr.maharashtra.gov.in/Site/Upload/Government%20Resolutions/English/202003191111418614.pdf,4,3261979,GR_DATASET\pdfs\Minorities Development Department\202003191111418614.pdf,Downloaded,2026-07-27 23:08:44
Minorities Development Department,To disburse share capital to Maulana Azad Alpasankhyak Aarthik Vikas Mahamandal 2019-20,202003191156520514,19-03-2020,3174,https://gr.maharashtra.gov.in/Site/Upload/Government%20Resolutions/English/202003191156520514.pdf,3,3250094,GR_DATASET\pdfs\Minorities Development Department\202003191156520514.pdf,Downloaded,2026-07-27 23:08:49
Minorities Development Department,To Disburse grant to Mahila Arthik Vikas Mahamandal.,202003181144120614,18-03-2020,3166,https://gr.maharashtra.gov.in/Site/Upload/Government%20Resolutions/English/202003181144120614.pdf,3,3242039,GR_DATASET\pdfs\Minorities Development Department\202003181144120614.pdf,Downloaded,2026-07-27 23:08:52
Minorities Development Department,Grant release for Nanded Urdu Ghar for Security Guard Honorarium and book purchasing for the financial year 2019-20.,202003181549221114,18-03-2020,3137,https://gr.maharashtra.gov.in/Site/Upload/Government%20Resolutions/English/202003181549221114.pdf,2,3211950,GR_DATASET\pdfs\Minorities Development Department\202003181549221114.pdf,Downloaded,2026-07-27 23:08:53
Minorities Development Department,Grant release for Book Purchasing and security guard honorarium to nanded urdu ghar for the financial year 2019-20,202003171137527914,17-03-2020,3166,https://gr.maharashtra.gov.in/Site/Upload/Government%20Resolutions/English/202003171137527914.pdf,3,3242013,GR_DATASET\pdfs\Minorities Development Department\202003171137527914.pdf,Downloaded,2026-07-27 23:08:55
Minorities Development Department,"To provide administrative approval to expenditure on Newly added work of Puranmal Lahoti Government Polytechnic, Latur.",202003171503412614,17-03-2020,3321,https://gr.maharashtra.gov.in/Site/Upload/Government%20Resolutions/English/202003171503412614.pdf,3,3400426,GR_DATASET\pdfs\Minorities Development Department\202003171503412614.pdf,Downloaded,2026-07-27 23:08:57
Minorities Development Department,"Under Pradhanmantri Jan Vikas Program (PMJVK), Shrirampur, Municipal Council, Dist. Regarding grant of administrative approval for the budget of skill Development Center construction at Ahmednagar.",202003161357273914,16-03-2020,3196,https://gr.maharashtra.gov.in/Site/Upload/Government%20Resolutions/English/202003161357273914.pdf,4,3272729,GR_DATASET\pdfs\Minorities Development Department\202003161357273914.pdf,Downloaded,2026-07-27 23:08:59
Minorities Development Department,"Under the Centrally Sponsored Pradhan Mantri Jan Vikas Program (PMJVK) for the distribution of grants for the construction of skill development Center in the city council, Shrirampur in Ahmednagar district (center share state share) for the year 2019-20.",202003161411349014,16-03-2020,3184,https://gr.maharashtra.gov.in/Site/Upload/Government%20Resolutions/English/202003161411349014.pdf,4,3260712,GR_DATASET\pdfs\Minorities Development Department\202003161411349014.pdf,Downloaded,2026-07-27 23:09:00
Minorities Development Department,Grant of Sanction to Continuation at 66 post in Minorities Development Department.,202003131136418014,13-03-2020,3290,https://gr.maharashtra.gov.in/Site/Upload/Government%20Resolutions/English/202003131136418014.pdf,4,3368607,GR_DATASET\pdfs\Minorities Development Department\202003131136418014.pdf,Downloaded,2026-07-27 23:09:01
Minorities Development Department,Disbursement of grant to the CIDCO for the construction of Haj House at Aurangabad.,202003061202047714,06-03-2020,3181,https://gr.maharashtra.gov.in/Site/Upload/Government%20Resolutions/English/202003061202047714.pdf,2,3257472,GR_DATASET\pdfs\Minorities Development Department\202003061202047714.pdf,Downloaded,2026-07-27 23:09:02
Minorities Development Department,To disburse share capital to National Minorities Development Finance Corporation for 2019-20.,202002241439341514,24-02-2020,3307,https://gr.maharashtra.gov.in/Site/Upload/Government%20Resolutions/English/202002241439341514.pdf,3,3386366,GR_DATASET\pdfs\Minorities Development Department\202002241439341514.pdf,Downloaded,2026-07-27 23:09:04
Minorities Development Department,Release of Grant-in-Aid for the year 2019-20 under the Dr. Zakir Hussain Madarsa Modernisation Scheme.,202002181531103514,18-02-2020,3333,https://gr.maharashtra.gov.in/Site/Upload/Government%20Resolutions/English/202002181531103514.pdf,10,3413458,GR_DATASET\pdfs\Minorities Development Department\202002181531103514.pdf,Downloaded,2026-07-27 23:09:05
Minorities Development Department,"Distribution of Grant in aid to provide basic infrastructure for the aided, unaided/Permanently unaided schools, Junior Colleges, Industrial Training Institute, Municipality/Municipal Corporation School and Handicapped Schools.",202002181310219614,18-02-2020,3247,https://gr.maharashtra.gov.in/Site/Upload/Government%20Resolutions/English/202002181310219614.pdf,12,3324446,GR_DATASET\pdfs\Minorities Development Department\202002181310219614.pdf,Downloaded,2026-07-27 23:09:09
Minorities Development Department,Removal of Director of Maulana Azad Alpasankyank Arthik Vikas Mahamandal.,202002181127590514,17-02-2020,3138,https://gr.maharashtra.gov.in/Site/Upload/Government%20Resolutions/English/202002181127590514.pdf,2,3213207,GR_DATASET\pdfs\Minorities Development Department\202002181127590514.pdf,Downloaded,2026-07-27 23:09:10
Minorities Development Department,Grant Release for Scheme publicity and research scheme 2019-20.,202002121331428914,12-02-2020,3148,https://gr.maharashtra.gov.in/Site/Upload/Government%20Resolutions/English/202002121331428914.pdf,3,3223930,GR_DATASET\pdfs\Minorities Development Department\202002121331428914.pdf,Downloaded,2026-07-27 23:09:12
Minorities Development Department,Grant Release for Police Training scheme Year 2018-19.,202002121239547614 ...,12-02-2020,229,https://gr.maharashtra.gov.in/Site/Upload/Government%20Resolutions/English/202002121239547614%20....pdf,3,235472,GR_DATASET\pdfs\Minorities Development Department\202002121239547614 ....pdf,Downloaded,2026-07-27 23:09:13
Minorities Development Department,The Scheme of Scholarship for the Minority Students taking Higher Education and Education after 12th releasing amount for the year 2019-20.,202002101632580214,11-02-2020,3185,https://gr.maharashtra.gov.in/Site/Upload/Government%20Resolutions/English/202002101632580214.pdf,4,3261648,GR_DATASET\pdfs\Minorities Development Department\202002101632580214.pdf,Downloaded,2026-07-27 23:09:14
Minorities Development Department,Disbursement of grant to the CIDCO for the construction of Haj House at Aurangabad.,202002111559005314,11-02-2020,3162,https://gr.maharashtra.gov.in/Site/Upload/Government%20Resolutions/English/202002111559005314.pdf,2,3237651,GR_DATASET\pdfs\Minorities Development Department\202002111559005314.pdf,Downloaded,2026-07-27 23:09:15
Minorities Development Department,Corrigendum - Grant Release for Rural Development Programme of Minority Community for 2019-2020.,202002101547350014,10-02-2020,3131,https://gr.maharashtra.gov.in/Site/Upload/Government%20Resolutions/English/202002101547350014.pdf,2,3206628,GR_DATASET\pdfs\Minorities Development Department\202002101547350014.pdf,Downloaded,2026-07-27 23:09:17
Minorities Development Department,Corrigendum - Grant Release for Urban Development Programme of Minority Community for 2019-2020.,202002071518454314,07-02-2020,3190,https://gr.maharashtra.gov.in/Site/Upload/Government%20Resolutions/English/202002071518454314.pdf,2,3266874,GR_DATASET\pdfs\Minorities Development Department\202002071518454314.pdf,Downloaded,2026-07-27 23:09:20
Minorities Development Department,"Grant release to the Maharashtra state board of waqf for the month of0 January to March, 2020",202002071637241114,07-02-2020,3168,https://gr.maharashtra.gov.in/Site/Upload/Government%20Resolutions/English/202002071637241114.pdf,2,3244319,GR_DATASET\pdfs\Minorities Development Department\202002071637241114.pdf,Downloaded,2026-07-27 23:09:22
Minorities Development Department,Grant Release to the MAVIM for self help Group Scheme 2019-2020.,202002061559232014,06-02-2020,3164,https://gr.maharashtra.gov.in/Site/Upload/Government%20Resolutions/English/202002061559232014.pdf,3,3240351,GR_DATASET\pdfs\Minorities Development Department\202002061559232014.pdf,Downloaded,2026-07-27 23:09:24
Minorities Development Department,To disburse grant to Government ITI Mumbra Workshop and Building construction.,202002051508577714,05-02-2020,3172,https://gr.maharashtra.gov.in/Site/Upload/Government%20Resolutions/English/202002051508577714.pdf,3,3247821,GR_DATASET\pdfs\Minorities Development Department\202002051508577714.pdf,Downloaded,2026-07-27 23:09:25
Minorities Development Department,Grant distribution to maulana azad mahamandal 2019-20,202002041129100114,03-02-2020,118,https://gr.maharashtra.gov.in/Site/Upload/Government%20Resolutions/English/202002041129100114.pdf,3,120685,GR_DATASET\pdfs\Minorities Development Department\202002041129100114.pdf,Downloaded,2026-07-27 23:09:25
Minorities Development Department,Grant release to the Maharashtra State Wakf Tribunal for Domestic Travelling Expense in the financial year 2019-20.,202001271153059514,27-01-2020,3141,https://gr.maharashtra.gov.in/Site/Upload/Government%20Resolutions/English/202001271153059514.pdf,2,3216532,GR_DATASET\pdfs\Minorities Development Department\202001271153059514.pdf,Downloaded,2026-07-27 23:09:27
Minorities Development Department,"Regarding cancellation of membership of non-official members/Executive Chairman of Maharashtra State Urdu Sahitya Academy, Mumbai.",202001151727455614,15-01-2020,3164,https://gr.maharashtra.gov.in/Site/Upload/Government%20Resolutions/English/202001151727455614.pdf,2,3239994,GR_DATASET\pdfs\Minorities Development Department\202001151727455614.pdf,Downloaded,2026-07-27 23:09:28
Minorities Development Department,"Regarding cancellation of membership of non-official members of Maharashtra State Punjabi Sahitya Academy, Mumbai.",202001151727483514,15-01-2020,3167,https://gr.maharashtra.gov.in/Site/Upload/Government%20Resolutions/English/202001151727483514.pdf,3,3242991,GR_DATASET\pdfs\Minorities Development Department\202001151727483514.pdf,Downloaded,2026-07-27 23:09:30
Minorities Development Department,To distribute the remaining 50 percent grant sanctioned in the Central plus State Fund for the implementation of Educational and Health related work in Karanja and Mangarulpir Groups of PMJVK (formerly Multi-Region Development Program-MsDP) accredited under Centrally Sponsored Prime Minister Jan Vikas Program.,202001131520277414,13-01-2020,3203,https://gr.maharashtra.gov.in/Site/Upload/Government%20Resolutions/English/202001131520277414.pdf,3,3279753,GR_DATASET\pdfs\Minorities Development Department\202001131520277414.pdf,Downloaded,2026-07-27 23:09:32
Minorities Development Department,To Cancel the Administrative approval given to Works under MsDP in Buldhana District.,202001131532485614,13-01-2020,3224,https://gr.maharashtra.gov.in/Site/Upload/Government%20Resolutions/English/202001131532485614.pdf,8,3300953,GR_DATASET\pdfs\Minorities Development Department\202001131532485614.pdf,Downloaded,2026-07-27 23:09:34
Minorities Development Department,"Regarding approval to the application of Kazi, Chief Kazi and Additional Kazi for appointment, Marriage form, Marriage Certificate for Bride and Groom and also publishing advertisement for Appointment of Kazi.",202001101056465214,10-01-2020,3155,https://gr.maharashtra.gov.in/Site/Upload/Government%20Resolutions/English/202001101056465214.pdf,2,3231206,GR_DATASET\pdfs\Minorities Development Department\202001101056465214.pdf,Downloaded,2026-07-27 23:09:36
Minorities Development Department,Administrative approval for Construction of Library center at Pusad in Yavatmal District under PMJVK,202001131517244214,10-01-2020,3397,https://gr.maharashtra.gov.in/Site/Upload/Government%20Resolutions/English/202001131517244214.pdf,4,3478068,GR_DATASET\pdfs\Minorities Development Department\202001131517244214.pdf,Downloaded,2026-07-27 23:09:37
Minorities Development Department,"Distribution of grants for the construction of Library center at Municipal Council, Pusad in Yawatmal district under PMJVK.",202001131528042214,10-01-2020,3497,https://gr.maharashtra.gov.in/Site/Upload/Government%20Resolutions/English/202001131528042214.pdf,5,3580803,GR_DATASET\pdfs\Minorities Development Department\202001131528042214.pdf,Downloaded,2026-07-27 23:09:39
Minorities Development Department,To disburse grant to State Minority Commission for Marathi Bhasha Foundation Scheme and Competitive Exam Scheme 2019-20.,202001091056373514,08-01-2020,3154,https://gr.maharashtra.gov.in/Site/Upload/Government%20Resolutions/English/202001091056373514.pdf,4,3229727,GR_DATASET\pdfs\Minorities Development Department\202001091056373514.pdf,Downloaded,2026-07-27 23:09:40
Minorities Development Department,"To Publish Advertisement regarding appointment of Kazi, Chief Kazi or Additional Kazi, and Application Form, Marriage Application and Certificate form and calling form for desire candidate.",202001071531464214,07-01-2020,1132,https://gr.maharashtra.gov.in/Site/Upload/Government%20Resolutions/English/202001071531464214.pdf,10,1158724,GR_DATASET\pdfs\Minorities Development Department\202001071531464214.pdf,Downloaded,2026-07-27 23:09:41
Minorities Development Department,To disburse grant to Construction of Workshop and Administrative building of Muktainagar Polytechnic.,202001061803027514,06-01-2020,3149,https://gr.maharashtra.gov.in/Site/Upload/Government%20Resolutions/English/202001061803027514.pdf,3,3224552,GR_DATASET\pdfs\Minorities Development Department\202001061803027514.pdf,Downloaded,2026-07-27 23:09:43
Minorities Development Department,Grant Release for Moulana Azad Free Coaching scheme for 2019-20.,202001281700526514,06-01-2020,284,https://gr.maharashtra.gov.in/Site/Upload/Government%20Resolutions/English/202001281700526514.pdf,8,290749,GR_DATASET\pdfs\Minorities Development Department\202001281700526514.pdf,Downloaded,2026-07-27 23:09:44
Minorities Development Department,Revalidation of Central Share for Buldhana District under PMJVK (erstwhile MSDP) for the year 2015-16.,202001021445431014,02-01-2020,3450,https://gr.maharashtra.gov.in/Site/Upload/Government%20Resolutions/English/202001021445431014.pdf,4,3533063,GR_DATASET\pdfs\Minorities Development Department\202001021445431014.pdf,Downloaded,2026-07-27 23:09:46
Minorities Development Department,Fund Release on Urban Development Programme for Minorities in 2019-20.,202001031212226914,02-01-2020,276,https://gr.maharashtra.gov.in/Site/Upload/Government%20Resolutions/English/202001031212226914.pdf,8,282950,GR_DATASET\pdfs\Minorities Development Department\202001031212226914.pdf,Downloaded,2026-07-27 23:09:47
Minorities Development Department,Fund Release on Rural Development Programme for Minorities in 2019-20.,202001031225568614,02-01-2020,283,https://gr.maharashtra.gov.in/Site/Upload/Government%20Resolutions/English/202001031225568614.pdf,8,289902,GR_DATASET\pdfs\Minorities Development Department\202001031225568614.pdf,Downloaded,2026-07-27 23:09:47
